"product_id","category","sub_category","product_name"
OFF-HAR-10000681,Office Supplies,Labels,"Harbour Creations Legal Exhibit Labels, 5000 Label Set"
OFF-AP-10003860,Office Supplies,Appliances,Fellowes Advanced 8 Outlet Surge Suppressor with Phone/Fax Protection
TEC-PH-10004774,Technology,Phones,Gear Head AU3700S Headset
FUR-CH-10004312,Furniture,Chairs,"Hon Bag Chairs, Set of Two"
OFF-PA-10002659,Office Supplies,Paper,Avoid Verbal Orders Carbonless Minifold Book
OFF-STO-10004940,Office Supplies,Fasteners,"Stockwell Push Pins, Assorted Sizes"
TEC-PH-10001557,Technology,Phones,Pyle PMP37LED
FUR-TA-10001600,Furniture,Tables,"Lesro Coffee Table, Fully Assembled"
TEC-MA-10003246,Technology,Machines,Hewlett-Packard Deskjet D4360 Printer
TEC-AC-10000284,Technology,Accessories,"Belkin Flash Drive, Bluetooth"
OFF-BI-10003876,Office Supplies,Binders,"Green Canvas Binder for 8-1/2"" x 14"" Sheets"
TEC-CO-10001893,Technology,Copiers,"HP Wireless Fax, Color"
FUR-TA-10004649,Furniture,Tables,"Barricks Round Table, Rectangular"
OFF-EN-10002449,Office Supplies,Envelopes,"Ames Interoffice Envelope, Security-Tint"
FUR-TA-10003954,Furniture,Tables,"Barricks Conference Table, with Bottom Storage"
OFF-SU-10001066,Office Supplies,Supplies,"Kleencut Box Cutter, Easy Grip"
OFF-AME-10002697,Office Supplies,Envelopes,"Ames Business Envelopes, Recycled"
OFF-AR-10001622,Office Supplies,Art,"BIC Markers, Easy-Erase"
OFF-EN-10004849,Office Supplies,Envelopes,"Cameo Mailers, Security-Tint"
TEC-PH-10003713,Technology,Phones,"Cisco Audio Dock, Cordless"
OFF-PA-10003651,Office Supplies,Paper,Xerox 1968
OFF-ST-10001091,Office Supplies,Storage,"Smead Box, Industrial"
OFF-AP-10004113,Office Supplies,Appliances,"Cuisinart Toaster, White"
OFF-AR-10001965,Office Supplies,Art,"BIC Markers, Easy-Erase"
TEC-PH-10004074,Technology,Phones,"Samsung Smart Phone, with Caller ID"
OFF-STA-10002654,Office Supplies,Art,"Stanley Pencil Sharpener, Fluorescent"
OFF-EN-10003498,Office Supplies,Envelopes,"Cameo Interoffice Envelope, Recycled"
OFF-AR-10004454,Office Supplies,Art,"BIC Pens, Easy-Erase"
OFF-LA-10000413,Office Supplies,Labels,"Hon Legal Exhibit Labels, Alphabetical"
FUR-BO-10003046,Furniture,Bookcases,"Safco Library with Doors, Mobile"
OFF-BI-10003452,Office Supplies,Binders,"Acco Binding Machine, Economy"
TEC-BEL-10000681,Technology,Accessories,"Belkin Mouse, USB"
FUR-FU-10002107,Furniture,Furnishings,Eldon Pizzaz Desk Accessories
FUR-CH-10002631,Furniture,Chairs,"Office Star Bag Chairs, Black"
OFF-SU-10002573,Office Supplies,Supplies,"Acme 10"" Easy Grip Assistive Scissors"
FUR-FU-10002630,Furniture,Furnishings,"Tenex Clock, Erganomic"
TEC-AC-10001106,Technology,Accessories,"Belkin Numeric Keypad, Erganomic"
TEC-OKI-10002547,Technology,Machines,"Okidata Phone, Durable"
TEC-AC-10002370,Technology,Accessories,"SanDisk Flash Drive, Bluetooth"
TEC-AC-10000580,Technology,Accessories,Logitech G13 Programmable Gameboard with LCD Display
OFF-PA-10004187,Office Supplies,Paper,"Xerox Message Books, Multicolor"
OFF-PA-10004286,Office Supplies,Paper,"Enermax Cards & Envelopes, Recycled"
OFF-FA-10003021,Office Supplies,Fasteners,Staples
OFF-PA-10000210,Office Supplies,Paper,Xerox Blank Computer Paper
OFF-PA-10001448,Office Supplies,Paper,"Xerox Note Cards, Recycled"
FUR-DEF-10002865,Furniture,Furnishings,"Deflect-O Light Bulb, Erganomic"
OFF-AR-10000475,Office Supplies,Art,"Sanford Canvas, Blue"
OFF-PA-10003510,Office Supplies,Paper,"Enermax Message Books, Recycled"
OFF-AP-10003040,Office Supplies,Appliances,Fellowes 8 Outlet Superior Workstation Surge Protector w/o Phone/Fax/Modem Protection
FUR-BO-10001010,Furniture,Bookcases,"Dania Corner Shelving, Mobile"
OFF-AP-10000804,Office Supplies,Appliances,Hoover Portapower Portable Vacuum
OFF-LA-10000095,Office Supplies,Labels,"Avery Round Labels, Laser Printer Compatible"
OFF-AR-10004485,Office Supplies,Art,"Sanford Pens, Water Color"
TEC-MA-10003986,Technology,Machines,"Konica Receipt Printer, Wireless"
TEC-PH-10001805,Technology,Phones,"Nokia Speaker Phone, Full Size"
TEC-CO-10004409,Technology,Copiers,"Hewlett Fax and Copier, High-Speed"
OFF-LA-10002020,Office Supplies,Labels,"Novimex Color Coded Labels, 5000 Label Set"
TEC-AC-10000025,Technology,Accessories,"SanDisk Memory Card, Bluetooth"
OFF-PA-10004531,Office Supplies,Paper,"SanDisk Note Cards, 8.5 x 11"
OFF-AME-10001587,Office Supplies,Envelopes,"Ames Peel and Seal, with clear poly window"
OFF-PA-10004326,Office Supplies,Paper,"Enermax Parchment Paper, Multicolor"
FUR-BO-10003541,Furniture,Bookcases,"Bush Classic Bookcase, Metal"
FUR-FU-10004823,Furniture,Furnishings,"Advantus Clock, Erganomic"
FUR-CH-10001490,Furniture,Chairs,"Novimex Executive Leather Armchair, Red"
OFF-EN-10000755,Office Supplies,Envelopes,"Ames Mailers, Recycled"
OFF-PA-10001164,Office Supplies,Paper,"Green Bar Message Books, Recycled"
FUR-TA-10002341,Furniture,Tables,"Barricks Computer Table, Fully Assembled"
OFF-CAR-10000319,Office Supplies,Binders,"Cardinal Binder Covers, Recycled"
TEC-PH-10003784,Technology,Phones,"Motorola Signal Booster, Full Size"
TEC-CO-10002423,Technology,Copiers,"Canon Personal Copier, High-Speed"
OFF-JIF-10002621,Office Supplies,Envelopes,"Jiffy Business Envelopes, Security-Tint"
OFF-LA-10001246,Office Supplies,Labels,"Avery Removable Labels, Alphabetical"
FUR-FU-10001933,Furniture,Furnishings,"Deflect-O Door Stop, Duo Pack"
FUR-BO-10001822,Furniture,Bookcases,"Dania Library with Doors, Metal"
OFF-PA-10004734,Office Supplies,Paper,Southworth Structures Collection
TEC-AC-10003159,Technology,Accessories,"SanDisk Router, USB"
OFF-BI-10004589,Office Supplies,Binders,"Avery Binding Machine, Economy"
FUR-CH-10000852,Furniture,Chairs,"Novimex Chairmat, Set of Two"
FUR-FU-10003462,Furniture,Furnishings,"Rubbermaid Photo Frame, Black"
TEC-AC-10000857,Technology,Accessories,"Belkin Router, Programmable"
TEC-MA-10003400,Technology,Machines,"Panasonic Printer, Durable"
TEC-AC-10002884,Technology,Accessories,"Belkin Keyboard, USB"
OFF-EN-10003511,Office Supplies,Envelopes,"Jiffy Interoffice Envelope, Security-Tint"
OFF-LA-10004848,Office Supplies,Labels,"Avery Legal Exhibit Labels, 5000 Label Set"
TEC-CO-10000854,Technology,Copiers,"Canon Personal Copier, Color"
OFF-PA-10004815,Office Supplies,Paper,"Xerox Note Cards, Premium"
OFF-AR-10002499,Office Supplies,Art,"Binney & Smith Pencil Sharpener, Easy-Erase"
OFF-AP-10000509,Office Supplies,Appliances,"Hoover Refrigerator, Black"
OFF-AR-10000740,Office Supplies,Art,"Binney & Smith Pens, Easy-Erase"
OFF-ACM-10000476,Office Supplies,Supplies,"Acme Letter Opener, Easy Grip"
OFF-KLE-10001381,Office Supplies,Supplies,"Kleencut Scissors, Easy Grip"
OFF-ST-10004496,Office Supplies,Storage,"Tenex Box, Blue"
OFF-EN-10001454,Office Supplies,Envelopes,"Cameo Manila Envelope, with clear poly window"
TEC-STA-10002459,Technology,Machines,"StarTech Printer, Durable"
FUR-CH-10003861,Furniture,Chairs,"Novimex Rocking Chair, Set of Two"
TEC-MA-10004486,Technology,Machines,"StarTech Phone, Red"
OFF-AP-10002128,Office Supplies,Appliances,"Hoover Blender, Black"
OFF-EN-10004309,Office Supplies,Envelopes,"GlobeWeis Business Envelopes, Recycled"
OFF-EN-10001327,Office Supplies,Envelopes,"Cameo Interoffice Envelope, Security-Tint"
OFF-OIC-10003978,Office Supplies,Fasteners,"OIC Staples, Assorted Sizes"
FUR-BO-10000596,Furniture,Bookcases,"Sauder Classic Bookcase, Mobile"
OFF-LA-10001634,Office Supplies,Labels,"Harbour Creations Color Coded Labels, Laser Printer Compatible"
OFF-ST-10004326,Office Supplies,Storage,"Rogers Box, Single Width"
OFF-LA-10004094,Office Supplies,Labels,"Avery Removable Labels, 5000 Label Set"
TEC-CO-10004306,Technology,Copiers,"HP Copy Machine, Color"
OFF-BI-10003031,Office Supplies,Binders,"Acco Index Tab, Economy"
OFF-BOS-10001386,Office Supplies,Art,"Boston Sketch Pad, Water Color"
TEC-MA-10003121,Technology,Machines,"StarTech Card Printer, Wireless"
FUR-CH-10004289,Furniture,Chairs,Global Super Steno Chair
OFF-BI-10000335,Office Supplies,Binders,"Cardinal 3-Hole Punch, Durable"
FUR-ADV-10003147,Furniture,Furnishings,"Advantus Stacking Tray, Erganomic"
FUR-BO-10004704,Furniture,Bookcases,"Bush Corner Shelving, Pine"
OFF-SU-10003343,Office Supplies,Supplies,"Kleencut Shears, Steel"
OFF-SU-10004299,Office Supplies,Supplies,"Stiletto Trimmer, High Speed"
TEC-PH-10000347,Technology,Phones,"Cisco Speaker Phone, VoIP"
OFF-BRE-10000157,Office Supplies,Appliances,"Breville Toaster, Red"
FUR-FU-10004458,Furniture,Furnishings,"Rubbermaid Door Stop, Black"
FUR-BUS-10002138,Furniture,Bookcases,"Bush Stackable Bookrack, Pine"
OFF-ADV-10004875,Office Supplies,Fasteners,"Advantus Staples, Bulk Pack"
OFF-SU-10000649,Office Supplies,Supplies,"Fiskars Box Cutter, High Speed"
OFF-FA-10000010,Office Supplies,Fasteners,"OIC Staples, Metal"
OFF-WIL-10003532,Office Supplies,Binders,"Wilson Jones Binding Machine, Economy"
TEC-PH-10002085,Technology,Phones,Clarity 53712
OFF-LA-10003594,Office Supplies,Labels,"Hon Removable Labels, Adjustable"
TEC-PAN-10000391,Technology,Machines,"Panasonic Printer, Red"
OFF-BI-10002510,Office Supplies,Binders,"Acco Index Tab, Clear"
TEC-MA-10000875,Technology,Machines,"Okidata Inkjet, Wireless"
FUR-DAN-10002017,Furniture,Bookcases,"Dania Classic Bookcase, Traditional"
FUR-ELD-10000857,Furniture,Furnishings,"Eldon Door Stop, Erganomic"
TEC-PH-10000100,Technology,Phones,"Motorola Office Telephone, Full Size"
TEC-PH-10002645,Technology,Phones,LG G2
TEC-CO-10004404,Technology,Copiers,"Brother Copy Machine, High-Speed"
OFF-PA-10004069,Office Supplies,Paper,"SanDisk Parchment Paper, 8.5 x 11"
TEC-CO-10000243,Technology,Copiers,"Canon Fax and Copier, Digital"
FUR-BO-10004388,Furniture,Bookcases,"Ikea Library with Doors, Metal"
TEC-EPS-10004171,Technology,Machines,"Epson Calculator, Red"
FUR-SAF-10000949,Furniture,Bookcases,"Safco Floating Shelf Set, Pine"
TEC-AC-10003217,Technology,Accessories,"Enermax Keyboard, USB"
OFF-BOS-10002558,Office Supplies,Art,"Boston Pencil Sharpener, Easy-Erase"
OFF-FA-10004968,Office Supplies,Fasteners,Rubber Band Ball
TEC-MA-10000868,Technology,Machines,"Panasonic Phone, Wireless"
OFF-BI-10002570,Office Supplies,Binders,"Cardinal 3-Hole Punch, Clear"
OFF-SU-10001968,Office Supplies,Supplies,"Kleencut Letter Opener, Easy Grip"
TEC-BRO-10000374,Technology,Copiers,"Brother Ink, Laser"
FUR-FU-10000397,Furniture,Furnishings,Luxo Economy Swing Arm Lamp
OFF-LA-10003459,Office Supplies,Labels,"Avery Removable Labels, Laser Printer Compatible"
OFF-FA-10003059,Office Supplies,Fasteners,Assorted Color Push Pins
OFF-SU-10003267,Office Supplies,Supplies,"Stiletto Scissors, Easy Grip"
FUR-BO-10001476,Furniture,Bookcases,"Safco Corner Shelving, Pine"
OFF-AR-10000953,Office Supplies,Art,"Stanley Pencil Sharpener, Easy-Erase"
FUR-RUB-10001094,Furniture,Furnishings,"Rubbermaid Door Stop, Duo Pack"
OFF-ST-10003147,Office Supplies,Storage,"Tenex Box, Blue"
OFF-EN-10000353,Office Supplies,Envelopes,"Jiffy Mailers, with clear poly window"
FUR-BO-10000210,Furniture,Bookcases,"Ikea Library with Doors, Pine"
OFF-PA-10002352,Office Supplies,Paper,"Eaton Parchment Paper, Premium"
TEC-AC-10004051,Technology,Accessories,"Enermax Flash Drive, Programmable"
OFF-SU-10000979,Office Supplies,Supplies,"Acme Letter Opener, Easy Grip"
OFF-FA-10001229,Office Supplies,Fasteners,Staples
OFF-BI-10004624,Office Supplies,Binders,"Wilson Jones Binder, Durable"
OFF-FA-10000122,Office Supplies,Fasteners,"Advantus Paper Clips, Assorted Sizes"
TEC-MA-10002989,Technology,Machines,"Panasonic Printer, White"
FUR-TA-10000323,Furniture,Tables,"Lesro Round Table, Fully Assembled"
TEC-AC-10000057,Technology,Accessories,Microsoft Natural Ergonomic Keyboard 4000
OFF-AP-10000604,Office Supplies,Appliances,"Hamilton Beach Coffee Grinder, Black"
TEC-AC-10000742,Technology,Accessories,"SanDisk Flash Drive, Erganomic"
OFF-FA-10003020,Office Supplies,Fasteners,"Accos Paper Clips, Bulk Pack"
OFF-ST-10000327,Office Supplies,Storage,"Smead Folders, Wire Frame"
OFF-EN-10004580,Office Supplies,Envelopes,"Cameo Interoffice Envelope, with clear poly window"
OFF-EN-10003979,Office Supplies,Envelopes,"Kraft Clasp Envelope, with clear poly window"
OFF-PA-10003416,Office Supplies,Paper,"Green Bar Parchment Paper, Recycled"
OFF-ST-10001554,Office Supplies,Storage,"Eldon Folders, Industrial"
OFF-BI-10000328,Office Supplies,Binders,"Acco Binding Machine, Clear"
OFF-BI-10001135,Office Supplies,Binders,"Avery Hole Reinforcements, Durable"
TEC-AC-10000860,Technology,Accessories,"Enermax Numeric Keypad, USB"
OFF-LA-10004132,Office Supplies,Labels,"Smead Color Coded Labels, Alphabetical"
FUR-BO-10004129,Furniture,Bookcases,"Sauder Classic Bookcase, Pine"
OFF-TEN-10002065,Office Supplies,Storage,"Tenex Shelving, Industrial"
OFF-AP-10001124,Office Supplies,Appliances,Belkin 8 Outlet SurgeMaster II Gold Surge Protector with Phone Protection
OFF-BI-10003963,Office Supplies,Binders,Cardinal Holdit Data Disk Pockets
OFF-PA-10002606,Office Supplies,Paper,Xerox 1928
OFF-ST-10000486,Office Supplies,Storage,"Rogers Trays, Industrial"
TEC-CO-10003019,Technology,Copiers,"Brother Fax Machine, High-Speed"
OFF-ST-10002460,Office Supplies,Storage,"Rogers Shelving, Single Width"
OFF-ENE-10002784,Office Supplies,Paper,"Enermax Parchment Paper, Multicolor"
OFF-PA-10001661,Office Supplies,Paper,Xerox 1922
OFF-PA-10000809,Office Supplies,Paper,Xerox 206
FUR-CH-10004993,Furniture,Chairs,"Hon Swivel Stool, Black"
TEC-PH-10001725,Technology,Phones,"Motorola Speaker Phone, Cordless"
OFF-BRE-10000391,Office Supplies,Appliances,"Breville Toaster, Black"
TEC-PH-10002601,Technology,Phones,"Motorola Smart Phone, Cordless"
OFF-PA-10002370,Office Supplies,Paper,"Xerox Parchment Paper, Recycled"
OFF-FA-10002791,Office Supplies,Fasteners,"OIC Push Pins, Assorted Sizes"
OFF-HON-10000137,Office Supplies,Labels,"Hon Round Labels, Laser Printer Compatible"
TEC-HEW-10001558,Technology,Copiers,"Hewlett Personal Copier, High-Speed"
OFF-BI-10004022,Office Supplies,Binders,Acco Suede Grain Vinyl Round Ring Binder
OFF-ST-10004947,Office Supplies,Storage,"Fellowes File Cart, Industrial"
OFF-AP-10002684,Office Supplies,Appliances,"Acco 7-Outlet Masterpiece Power Center, Wihtout Fax/Phone Line Protection"
OFF-AP-10000647,Office Supplies,Appliances,"Hoover Refrigerator, White"
TEC-AC-10003033,Technology,Accessories,Plantronics CS510 - Over-the-Head monaural Wireless Headset System
FUR-BO-10000425,Furniture,Bookcases,"Bush Floating Shelf Set, Traditional"
TEC-SHA-10004874,Technology,Copiers,"Sharp Fax Machine, High-Speed"
OFF-LA-10004007,Office Supplies,Labels,"Harbour Creations Color Coded Labels, Adjustable"
OFF-SME-10004553,Office Supplies,Storage,"Smead Lockers, Blue"
OFF-BI-10001808,Office Supplies,Binders,"Ibico Index Tab, Clear"
OFF-PA-10001736,Office Supplies,Paper,Xerox 1880
TEC-PH-10002817,Technology,Phones,RCA ViSYS 25425RE1 Corded phone
OFF-FA-10002444,Office Supplies,Fasteners,"Stockwell Clamps, 12 Pack"
FUR-DEF-10004141,Furniture,Furnishings,"Deflect-O Photo Frame, Durable"
TEC-MA-10002210,Technology,Machines,Epson TM-T88V Direct Thermal Printer - Monochrome - Desktop
FUR-FU-10001495,Furniture,Furnishings,"Eldon Door Stop, Durable"
OFF-SU-10002732,Office Supplies,Supplies,"Acme Box Cutter, High Speed"
OFF-AR-10001336,Office Supplies,Art,"Binney & Smith Pens, Blue"
TEC-CO-10000119,Technology,Copiers,"HP Fax Machine, Color"
TEC-AC-10004379,Technology,Accessories,"Memorex Flash Drive, Bluetooth"
OFF-PA-10004411,Office Supplies,Paper,"Xerox Memo Slips, Multicolor"
OFF-SU-10001086,Office Supplies,Supplies,"Fiskars Scissors, Easy Grip"
OFF-AR-10004780,Office Supplies,Art,"Stanley Markers, Blue"
OFF-FA-10002061,Office Supplies,Fasteners,"Accos Paper Clips, Bulk Pack"
FUR-BO-10002300,Furniture,Bookcases,"Safco 3-Shelf Cabinet, Mobile"
OFF-PA-10004285,Office Supplies,Paper,Xerox 1959
OFF-PA-10004996,Office Supplies,Paper,"Speediset Carbonless Redi-Letter 7"" x 8 1/2"""
OFF-SU-10003332,Office Supplies,Supplies,"Elite Letter Opener, Steel"
TEC-HP -10004971,Technology,Copiers,"HP Wireless Fax, Color"
OFF-SU-10001586,Office Supplies,Supplies,"Kleencut Trimmer, Steel"
OFF-EN-10002096,Office Supplies,Envelopes,"GlobeWeis Mailers, Recycled"
TEC-AC-10002545,Technology,Accessories,"Logitech Router, Bluetooth"
TEC-MA-10002155,Technology,Machines,"Panasonic Receipt Printer, Durable"
OFF-BI-10002459,Office Supplies,Binders,"Cardinal Binding Machine, Recycled"
TEC-PH-10004732,Technology,Phones,"Cisco Office Telephone, Cordless"
OFF-NOV-10004680,Office Supplies,Labels,"Novimex Shipping Labels, Laser Printer Compatible"
OFF-HON-10000966,Office Supplies,Labels,"Hon Round Labels, Alphabetical"
OFF-FA-10004813,Office Supplies,Fasteners,"Stockwell Rubber Bands, Bulk Pack"
TEC-CIS-10003017,Technology,Phones,"Cisco Signal Booster, with Caller ID"
OFF-LA-10003923,Office Supplies,Labels,Alphabetical Labels for Top Tab Filing
OFF-AP-10001882,Office Supplies,Appliances,"Breville Coffee Grinder, Silver"
TEC-CO-10001766,Technology,Copiers,Canon PC940 Copier
FUR-CH-10003833,Furniture,Chairs,Novimex Fabric Task Chair
TEC-PH-10000215,Technology,Phones,Plantronics Cordless Phone Headset with In-line Volume - M214C
OFF-HOO-10001987,Office Supplies,Appliances,"Hoover Coffee Grinder, Red"
OFF-BI-10004651,Office Supplies,Binders,"Cardinal Binding Machine, Clear"
TEC-PH-10002565,Technology,Phones,"Apple Audio Dock, with Caller ID"
OFF-GRE-10003943,Office Supplies,Paper,"Green Bar Message Books, Multicolor"
TEC-SAM-10003538,Technology,Phones,"Samsung Speaker Phone, Full Size"
OFF-ST-10000464,Office Supplies,Storage,"Multi-Use Personal File Cart and Caster Set, Three Stacking Bins"
OFF-GLO-10004123,Office Supplies,Envelopes,"GlobeWeis Business Envelopes, Security-Tint"
OFF-FIS-10001797,Office Supplies,Supplies,"Fiskars Trimmer, Steel"
FUR-TA-10000688,Furniture,Tables,"Chromcraft Bull-Nose Wood Round Conference Table Top, Wood Base"
OFF-ELI-10003911,Office Supplies,Supplies,"Elite Shears, Serrated"
TEC-SAN-10002254,Technology,Accessories,"SanDisk Mouse, USB"
OFF-BIN-10000561,Office Supplies,Art,"Binney & Smith Highlighters, Fluorescent"
TEC-AC-10003044,Technology,Accessories,"Belkin Numeric Keypad, Erganomic"
OFF-BI-10000822,Office Supplies,Binders,"Acco PRESSTEX Data Binder with Storage Hooks, Light Blue, 9 1/2"" X 11"""
TEC-AC-10003422,Technology,Accessories,"Enermax Keyboard, Programmable"
TEC-PH-10004910,Technology,Phones,"Samsung Signal Booster, Full Size"
OFF-EN-10004296,Office Supplies,Envelopes,"GlobeWeis Mailers, Security-Tint"
OFF-HOO-10000445,Office Supplies,Appliances,"Hoover Refrigerator, Black"
FUR-FU-10000944,Furniture,Furnishings,"Tenex Door Stop, Black"
TEC-NOK-10000534,Technology,Phones,"Nokia Smart Phone, with Caller ID"
FUR-TA-10000304,Furniture,Tables,"Barricks Training Table, with Bottom Storage"
OFF-PA-10001497,Office Supplies,Paper,Xerox 1914
OFF-PA-10000731,Office Supplies,Paper,"Enermax Parchment Paper, 8.5 x 11"
OFF-HOO-10001783,Office Supplies,Appliances,"Hoover Microwave, Red"
FUR-FU-10004587,Furniture,Furnishings,"GE General Use Halogen Bulbs, 100 Watts, 1 Bulb per Pack"
OFF-NOV-10000141,Office Supplies,Labels,"Novimex Round Labels, 5000 Label Set"
OFF-BI-10002632,Office Supplies,Binders,"Acco Binding Machine, Recycled"
OFF-AR-10001461,Office Supplies,Art,"BIC Canvas, Water Color"
OFF-ST-10003990,Office Supplies,Storage,"Smead Folders, Single Width"
OFF-FA-10000294,Office Supplies,Fasteners,"Advantus Clamps, Metal"
OFF-EN-10003080,Office Supplies,Envelopes,"Kraft Peel and Seal, Security-Tint"
OFF-AR-10003688,Office Supplies,Art,"Sanford Canvas, Blue"
TEC-PH-10001535,Technology,Phones,"Nokia Speaker Phone, Cordless"
TEC-AC-10000474,Technology,Accessories,Kensington Expert Mouse Optical USB Trackball for PC or Mac
OFF-FA-10004920,Office Supplies,Fasteners,"Accos Rubber Bands, Metal"
OFF-FA-10002066,Office Supplies,Fasteners,"OIC Clamps, Bulk Pack"
OFF-SU-10002816,Office Supplies,Supplies,"Kleencut Shears, Serrated"
OFF-SU-10001686,Office Supplies,Supplies,"Kleencut Trimmer, Easy Grip"
FUR-CH-10000857,Furniture,Chairs,"Harbour Creations Rocking Chair, Black"
FUR-FU-10004422,Furniture,Furnishings,"Advantus Photo Frame, Erganomic"
OFF-FA-10001877,Office Supplies,Fasteners,"Accos Thumb Tacks, Bulk Pack"
FUR-BO-10002632,Furniture,Bookcases,"Sauder Corner Shelving, Pine"
OFF-LA-10002964,Office Supplies,Labels,"Harbour Creations Shipping Labels, 5000 Label Set"
FUR-TA-10001089,Furniture,Tables,"Hon Computer Table, with Bottom Storage"
FUR-BO-10002990,Furniture,Bookcases,"Dania Library with Doors, Traditional"
OFF-AP-10001621,Office Supplies,Appliances,"Hamilton Beach Refrigerator, Black"
OFF-AR-10004691,Office Supplies,Art,Boston 1730 StandUp Electric Pencil Sharpener
OFF-PA-10004000,Office Supplies,Paper,"While You Were Out Pads, 50 per Pad, 4 x 5 1/4, Green Cycle"
TEC-MA-10002412,Technology,Machines,Cisco TelePresence System EX90 Videoconferencing Unit
OFF-LA-10002674,Office Supplies,Labels,"Harbour Creations Color Coded Labels, 5000 Label Set"
OFF-BIC-10003654,Office Supplies,Art,"BIC Pens, Blue"
TEC-HEW-10001056,Technology,Copiers,"Hewlett Ink, High-Speed"
OFF-BI-10004364,Office Supplies,Binders,Storex Dura Pro Binders
OFF-STI-10002262,Office Supplies,Supplies,"Stiletto Box Cutter, High Speed"
OFF-ST-10000615,Office Supplies,Storage,"SimpliFile Personal File, Black Granite, 15w x 6-15/16d x 11-1/4h"
FUR-TA-10002411,Furniture,Tables,"Hon Round Table, with Bottom Storage"
FUR-RUB-10002817,Furniture,Furnishings,"Rubbermaid Door Stop, Durable"
OFF-PA-10004673,Office Supplies,Paper,"Green Bar Memo Slips, Recycled"
TEC-MA-10002864,Technology,Machines,"Panasonic Card Printer, Durable"
TEC-PH-10004667,Technology,Phones,Cisco 8x8 Inc. 6753i IP Business Phone System
FUR-FU-10003623,Furniture,Furnishings,"DataProducts Ampli Magnifier Task Lamp, Black,"
TEC-PH-10003405,Technology,Phones,"Apple Office Telephone, Full Size"
OFF-AP-10001197,Office Supplies,Appliances,"KitchenAid Stove, Red"
OFF-PA-10004990,Office Supplies,Paper,"SanDisk Computer Printout Paper, Recycled"
TEC-NOK-10001172,Technology,Phones,"Nokia Speaker Phone, VoIP"
TEC-MA-10000327,Technology,Machines,"Epson Phone, Durable"
OFF-AP-10001058,Office Supplies,Appliances,"Cuisinart Microwave, White"
FUR-CH-10004478,Furniture,Chairs,"Hon Steel Folding Chair, Adjustable"
OFF-AR-10002340,Office Supplies,Art,"Stanley Markers, Water Color"
OFF-AR-10000150,Office Supplies,Art,"Boston Pens, Water Color"
OFF-ST-10001776,Office Supplies,Storage,"Eldon Trays, Wire Frame"
OFF-PA-10002421,Office Supplies,Paper,Embossed Ink Jet Note Cards
FUR-TA-10001642,Furniture,Tables,"Lesro Round Table, Rectangular"
OFF-PA-10004842,Office Supplies,Paper,"SanDisk Message Books, Recycled"
OFF-AR-10001573,Office Supplies,Art,American Pencil
FUR-FU-10003419,Furniture,Furnishings,"Eldon Clock, Erganomic"
OFF-EN-10000328,Office Supplies,Envelopes,"Kraft Business Envelopes, Set of 50"
OFF-AP-10003497,Office Supplies,Appliances,"KitchenAid Microwave, Red"
FUR-TA-10001549,Furniture,Tables,"Barricks Coffee Table, Rectangular"
FUR-CH-10003155,Furniture,Chairs,"Harbour Creations Bag Chairs, Red"
OFF-PA-10004613,Office Supplies,Paper,"Green Bar Note Cards, Premium"
OFF-HON-10003230,Office Supplies,Labels,"Hon Removable Labels, Adjustable"
FUR-FU-10004748,Furniture,Furnishings,"Howard Miller 16"" Diameter Gallery Wall Clock"
OFF-SU-10004661,Office Supplies,Supplies,Acme Titanium Bonded Scissors
OFF-SU-10004888,Office Supplies,Supplies,"Stiletto Shears, Steel"
OFF-ROG-10001818,Office Supplies,Storage,"Rogers Folders, Single Width"
OFF-LA-10001658,Office Supplies,Labels,"Avery Round Labels, 5000 Label Set"
TEC-MA-10003492,Technology,Machines,"Okidata Printer, Wireless"
FUR-CH-10002555,Furniture,Chairs,"Novimex Rocking Chair, Black"
TEC-PH-10003055,Technology,Phones,"Apple Audio Dock, Cordless"
OFF-ADV-10000425,Office Supplies,Fasteners,"Advantus Clamps, Metal"
OFF-HOO-10002920,Office Supplies,Appliances,"Hoover Stove, Black"
FUR-FU-10002829,Furniture,Furnishings,"Deflect-O Clock, Black"
OFF-ST-10004160,Office Supplies,Storage,"Tenex Trays, Wire Frame"
OFF-LA-10001188,Office Supplies,Labels,"Novimex Shipping Labels, Adjustable"
OFF-PA-10003699,Office Supplies,Paper,"SanDisk Parchment Paper, Recycled"
OFF-FA-10004626,Office Supplies,Fasteners,"Advantus Staples, Assorted Sizes"
FUR-FU-10000946,Furniture,Furnishings,"Advantus Stacking Tray, Durable"
OFF-LA-10003617,Office Supplies,Labels,"Smead Legal Exhibit Labels, Adjustable"
OFF-BIC-10004976,Office Supplies,Art,"BIC Markers, Water Color"
FUR-FU-10000640,Furniture,Furnishings,"Tenex Light Bulb, Duo Pack"
OFF-BI-10004986,Office Supplies,Binders,"Ibico 3-Hole Punch, Recycled"
OFF-AR-10002706,Office Supplies,Art,"Stanley Canvas, Fluorescent"
OFF-LA-10000658,Office Supplies,Labels,"Avery Shipping Labels, 5000 Label Set"
OFF-SU-10004662,Office Supplies,Supplies,"Fiskars Trimmer, Easy Grip"
OFF-ST-10003056,Office Supplies,Storage,"Tenex Folders, Single Width"
OFF-AP-10003021,Office Supplies,Appliances,"Breville Stove, White"
FUR-FU-10002696,Furniture,Furnishings,"Eldon Frame, Durable"
FUR-SAF-10001428,Furniture,Bookcases,"Safco Corner Shelving, Pine"
OFF-AR-10002375,Office Supplies,Art,Newell 351
FUR-FU-10002957,Furniture,Furnishings,"Tenex Stacking Tray, Durable"
OFF-AR-10003469,Office Supplies,Art,Nontoxic Chalk
OFF-LA-10002159,Office Supplies,Labels,"Hon Removable Labels, Adjustable"
FUR-FU-10003235,Furniture,Furnishings,"Eldon Frame, Durable"
TEC-CO-10003561,Technology,Copiers,"Sharp Copy Machine, Color"
TEC-PH-10001304,Technology,Phones,"Apple Office Telephone, Cordless"
OFF-FA-10004705,Office Supplies,Fasteners,"OIC Thumb Tacks, 12 Pack"
OFF-KIT-10002828,Office Supplies,Appliances,"KitchenAid Microwave, White"
OFF-LA-10000536,Office Supplies,Labels,"Smead Color Coded Labels, Laser Printer Compatible"
OFF-ROG-10000191,Office Supplies,Storage,"Rogers Lockers, Wire Frame"
OFF-FA-10003985,Office Supplies,Fasteners,"Accos Staples, Assorted Sizes"
OFF-ELD-10001037,Office Supplies,Storage,"Eldon Trays, Wire Frame"
TEC-PH-10004675,Technology,Phones,"Nokia Audio Dock, VoIP"
OFF-EN-10000378,Office Supplies,Envelopes,"Jiffy Mailers, Set of 50"
TEC-AC-10001830,Technology,Accessories,"Enermax Router, Erganomic"
OFF-BI-10002775,Office Supplies,Binders,"Ibico Hole Reinforcements, Clear"
OFF-GLO-10000201,Office Supplies,Envelopes,"GlobeWeis Clasp Envelope, Recycled"
FUR-FU-10003608,Furniture,Furnishings,"Advantus Light Bulb, Black"
OFF-PA-10000301,Office Supplies,Paper,"Enermax Parchment Paper, Premium"
OFF-PA-10002237,Office Supplies,Paper,"Enermax Memo Slips, 8.5 x 11"
OFF-PA-10004733,Office Supplies,Paper,Things To Do Today Spiral Book
FUR-CH-10002073,Furniture,Chairs,Hon Olson Stacker Chairs
OFF-AME-10004759,Office Supplies,Envelopes,"Ames Manila Envelope, with clear poly window"
OFF-FA-10000038,Office Supplies,Fasteners,"Stockwell Clamps, Assorted Sizes"
OFF-PA-10001846,Office Supplies,Paper,Xerox 1899
OFF-KIT-10003757,Office Supplies,Appliances,"KitchenAid Refrigerator, Red"
TEC-PH-10000270,Technology,Phones,"Apple Office Telephone, VoIP"
OFF-SU-10004650,Office Supplies,Supplies,"Acme Scissors, High Speed"
OFF-AP-10002238,Office Supplies,Appliances,"Hoover Coffee Grinder, Red"
FUR-BO-10001739,Furniture,Bookcases,"Dania Classic Bookcase, Mobile"
OFF-SU-10001397,Office Supplies,Supplies,"Acme Box Cutter, Steel"
TEC-CO-10001177,Technology,Copiers,"HP Fax and Copier, Color"
FUR-FU-10003214,Furniture,Furnishings,"Eldon Stacking Tray, Durable"
OFF-EN-10003455,Office Supplies,Envelopes,"Cameo Manila Envelope, Set of 50"
OFF-SU-10003544,Office Supplies,Supplies,"Kleencut Scissors, High Speed"
TEC-MA-10002686,Technology,Machines,"Okidata Card Printer, White"
OFF-LA-10001738,Office Supplies,Labels,"Novimex Color Coded Labels, Alphabetical"
OFF-HAR-10003043,Office Supplies,Labels,"Harbour Creations Shipping Labels, 5000 Label Set"
OFF-BI-10004187,Office Supplies,Binders,Staples
OFF-SU-10000207,Office Supplies,Supplies,"Kleencut Box Cutter, High Speed"
OFF-SU-10004658,Office Supplies,Supplies,"Stiletto Letter Opener, Easy Grip"
OFF-AP-10002963,Office Supplies,Appliances,"Hoover Toaster, Red"
FUR-FU-10001144,Furniture,Furnishings,"Rubbermaid Photo Frame, Erganomic"
FUR-RUB-10001310,Furniture,Furnishings,"Rubbermaid Photo Frame, Black"
OFF-BI-10000179,Office Supplies,Binders,"Wilson Jones 3-Hole Punch, Economy"
OFF-FA-10000099,Office Supplies,Fasteners,"Stockwell Paper Clips, Metal"
TEC-PH-10002218,Technology,Phones,"Apple Speaker Phone, Cordless"
OFF-BI-10003397,Office Supplies,Binders,"Acco Hole Reinforcements, Clear"
FUR-IKE-10003682,Furniture,Bookcases,"Ikea Corner Shelving, Metal"
FUR-FU-10003268,Furniture,Furnishings,Eldon Radial Chair Mat for Low to Medium Pile Carpets
OFF-EAT-10002068,Office Supplies,Paper,"Eaton Note Cards, Premium"
FUR-CH-10004913,Furniture,Chairs,"Office Star Rocking Chair, Red"
OFF-ST-10004577,Office Supplies,Storage,"Fellowes Lockers, Industrial"
OFF-AP-10002264,Office Supplies,Appliances,"KitchenAid Blender, White"
OFF-AR-10001216,Office Supplies,Art,Newell 339
OFF-ROG-10002818,Office Supplies,Storage,"Rogers Trays, Industrial"
FUR-DAN-10001875,Furniture,Bookcases,"Dania Floating Shelf Set, Metal"
TEC-MA-10003078,Technology,Machines,"Epson Printer, White"
TEC-MEM-10000312,Technology,Accessories,"Memorex Mouse, Programmable"
OFF-AME-10000440,Office Supplies,Envelopes,"Ames Interoffice Envelope, with clear poly window"
TEC-AC-10001908,Technology,Accessories,Logitech Wireless Headset h800
OFF-CAM-10002611,Office Supplies,Envelopes,"Cameo Interoffice Envelope, Recycled"
FUR-CH-10000343,Furniture,Chairs,"Hon Executive Leather Armchair, Black"
OFF-SU-10003758,Office Supplies,Supplies,"Fiskars Scissors, High Speed"
OFF-BI-10004738,Office Supplies,Binders,Flexible Leather- Look Classic Collection Ring Binder
FUR-FU-10004845,Furniture,Furnishings,"Deflect-o EconoMat Nonstudded, No Bevel Mat"
TEC-AC-10004859,Technology,Accessories,"Maxell Pro 80 Minute CD-R, 10/Pack"
TEC-PH-10004823,Technology,Phones,"Nokia Smart Phone, Full Size"
TEC-MA-10002093,Technology,Machines,"StarTech Card Printer, Durable"
OFF-ST-10000362,Office Supplies,Storage,"Eldon File Cart, Blue"
OFF-ST-10002466,Office Supplies,Storage,"Smead Box, Blue"
TEC-CO-10002055,Technology,Copiers,"Hewlett Ink, Digital"
OFF-BI-10001200,Office Supplies,Binders,"Avery Binder, Durable"
OFF-ST-10004703,Office Supplies,Storage,"Tenex Folders, Single Width"
OFF-PA-10004947,Office Supplies,Paper,Staples
FUR-FU-10001169,Furniture,Furnishings,"Rubbermaid Clock, Duo Pack"
FUR-CH-10004387,Furniture,Chairs,"Hon Chairmat, Red"
OFF-EN-10002723,Office Supplies,Envelopes,"Cameo Interoffice Envelope, with clear poly window"
OFF-LA-10000248,Office Supplies,Labels,Avery 52
OFF-AP-10000577,Office Supplies,Appliances,"Cuisinart Stove, Black"
TEC-OKI-10001062,Technology,Machines,"Okidata Printer, White"
OFF-PA-10002292,Office Supplies,Paper,"SanDisk Computer Printout Paper, Recycled"
FUR-TEN-10001809,Furniture,Furnishings,"Tenex Photo Frame, Erganomic"
OFF-PA-10001720,Office Supplies,Paper,"Xerox Parchment Paper, Multicolor"
OFF-IBI-10000080,Office Supplies,Binders,"Ibico Binder, Recycled"
OFF-EAT-10004307,Office Supplies,Paper,"Eaton Memo Slips, 8.5 x 11"
FUR-FU-10003026,Furniture,Furnishings,"Eldon Regeneration Recycled Desk Accessories, Black"
OFF-PA-10001578,Office Supplies,Paper,"Eaton Computer Printout Paper, Multicolor"
OFF-GRE-10001521,Office Supplies,Paper,"Green Bar Message Books, Recycled"
OFF-FA-10004899,Office Supplies,Fasteners,"OIC Clamps, 12 Pack"
TEC-AC-10000089,Technology,Accessories,"SanDisk Router, Bluetooth"
OFF-CAM-10001141,Office Supplies,Envelopes,"Cameo Manila Envelope, Security-Tint"
FUR-RUB-10001704,Furniture,Furnishings,"Rubbermaid Frame, Black"
OFF-CAM-10003605,Office Supplies,Envelopes,"Cameo Peel and Seal, Security-Tint"
OFF-FEL-10001792,Office Supplies,Storage,"Fellowes Folders, Wire Frame"
TEC-MA-10003176,Technology,Machines,Okidata B400 Printer
OFF-BRE-10004211,Office Supplies,Appliances,"Breville Blender, White"
OFF-EN-10003898,Office Supplies,Envelopes,"Ames Peel and Seal, Set of 50"
OFF-LA-10002943,Office Supplies,Labels,"Novimex Removable Labels, Laser Printer Compatible"
TEC-AC-10003554,Technology,Accessories,"Belkin Numeric Keypad, USB"
TEC-PH-10001424,Technology,Phones,"Nokia Signal Booster, Full Size"
OFF-AR-10000019,Office Supplies,Art,"BIC Highlighters, Blue"
TEC-LOG-10000546,Technology,Accessories,"Logitech Mouse, Bluetooth"
OFF-EN-10003733,Office Supplies,Envelopes,"Cameo Interoffice Envelope, Security-Tint"
OFF-BI-10000636,Office Supplies,Binders,"Ibico Hole Reinforcements, Recycled"
OFF-AR-10000851,Office Supplies,Art,"Sanford Sketch Pad, Blue"
OFF-FA-10003977,Office Supplies,Fasteners,"Stockwell Rubber Bands, 12 Pack"
OFF-BI-10002799,Office Supplies,Binders,"SlimView Poly Binder, 3/8"""
FUR-DAN-10003065,Furniture,Bookcases,"Dania Library with Doors, Traditional"
OFF-GLO-10003496,Office Supplies,Envelopes,"GlobeWeis Manila Envelope, Set of 50"
OFF-AP-10002938,Office Supplies,Appliances,"KitchenAid Toaster, Black"
OFF-NOV-10001238,Office Supplies,Labels,"Novimex Shipping Labels, Alphabetical"
OFF-BI-10004275,Office Supplies,Binders,"Wilson Jones Index Tab, Recycled"
OFF-FA-10000038,Office Supplies,Fasteners,"Advantus Clamps, Metal"
OFF-FA-10004067,Office Supplies,Fasteners,"Stockwell Rubber Bands, 12 Pack"
OFF-ST-10001753,Office Supplies,Storage,"Eldon Shelving, Industrial"
OFF-LA-10000598,Office Supplies,Labels,"Novimex File Folder Labels, Alphabetical"
OFF-PA-10004039,Office Supplies,Paper,Xerox 1882
FUR-CH-10001684,Furniture,Chairs,"Office Star Rocking Chair, Adjustable"
OFF-FA-10003429,Office Supplies,Fasteners,"Accos Paper Clips, Metal"
OFF-LA-10002088,Office Supplies,Labels,"Novimex Round Labels, Laser Printer Compatible"
TEC-MA-10002392,Technology,Machines,"Konica Card Printer, Wireless"
OFF-ST-10000563,Office Supplies,Storage,Fellowes Bankers Box Stor/Drawer Steel Plus
TEC-CO-10000415,Technology,Copiers,"Brother Ink, Color"
OFF-FA-10004474,Office Supplies,Fasteners,"Advantus Rubber Bands, Metal"
OFF-PA-10000540,Office Supplies,Paper,"Enermax Note Cards, Multicolor"
FUR-TA-10001705,Furniture,Tables,Bush Advantage Collection Round Conference Table
OFF-EN-10000258,Office Supplies,Envelopes,"GlobeWeis Peel and Seal, with clear poly window"
OFF-KIT-10002678,Office Supplies,Appliances,"KitchenAid Coffee Grinder, Silver"
OFF-BI-10001254,Office Supplies,Binders,"Avery Binding Machine, Recycled"
OFF-HAM-10000430,Office Supplies,Appliances,"Hamilton Beach Blender, Black"
OFF-BI-10000348,Office Supplies,Binders,"Cardinal Index Tab, Durable"
FUR-TA-10003307,Furniture,Tables,"Barricks Conference Table, Fully Assembled"
FUR-TA-10003291,Furniture,Tables,"Bevis Computer Table, Fully Assembled"
OFF-PA-10003656,Office Supplies,Paper,Xerox 1935
OFF-BI-10002483,Office Supplies,Binders,"Cardinal Hole Reinforcements, Clear"
OFF-SU-10003002,Office Supplies,Supplies,Letter Slitter
FUR-BO-10004082,Furniture,Bookcases,"Sauder Classic Bookcase, Metal"
TEC-PH-10001087,Technology,Phones,"Apple Signal Booster, Cordless"
TEC-MA-10000345,Technology,Machines,"Konica Phone, Red"
OFF-BI-10002954,Office Supplies,Binders,Newell 3-Hole Punched Plastic Slotted Magazine Holders for Binders
TEC-AC-10004334,Technology,Accessories,"Belkin Memory Card, USB"
FUR-TA-10002797,Furniture,Tables,"Chromcraft Round Table, Adjustable Height"
OFF-AP-10002104,Office Supplies,Appliances,"Hoover Microwave, Red"
OFF-STO-10001142,Office Supplies,Fasteners,"Stockwell Push Pins, Metal"
TEC-CO-10001037,Technology,Copiers,"Hewlett Personal Copier, High-Speed"
TEC-PH-10003137,Technology,Phones,"Nokia Signal Booster, Cordless"
TEC-PH-10001492,Technology,Phones,"Nokia Headset, VoIP"
FUR-BEV-10001217,Furniture,Tables,"Bevis Wood Table, Fully Assembled"
OFF-LA-10004747,Office Supplies,Labels,"Hon Color Coded Labels, Alphabetical"
FUR-FU-10004579,Furniture,Furnishings,"Rubbermaid Door Stop, Durable"
OFF-AR-10000974,Office Supplies,Art,"Stanley Pens, Fluorescent"
OFF-AR-10000833,Office Supplies,Art,"Sanford Sketch Pad, Water Color"
OFF-ST-10004837,Office Supplies,Storage,"Eldon File Cart, Single Width"
TEC-MA-10003486,Technology,Machines,"StarTech Phone, White"
OFF-ACM-10002713,Office Supplies,Supplies,"Acme Box Cutter, Steel"
OFF-SU-10000705,Office Supplies,Supplies,"Stiletto Shears, High Speed"
OFF-ST-10001128,Office Supplies,Storage,"Carina Mini System Audio Rack, Model AR050B"
FUR-TEN-10000296,Furniture,Furnishings,"Tenex Door Stop, Durable"
OFF-PA-10004621,Office Supplies,Paper,Xerox 212
TEC-CO-10004263,Technology,Copiers,"Hewlett Personal Copier, Laser"
OFF-EAT-10002122,Office Supplies,Paper,"Eaton Cards & Envelopes, 8.5 x 11"
TEC-AC-10000844,Technology,Accessories,Logitech Gaming G510s - Keyboard
TEC-CAN-10000932,Technology,Copiers,"Canon Fax Machine, Color"
OFF-EN-10001047,Office Supplies,Envelopes,"Jiffy Manila Envelope, Security-Tint"
OFF-AR-10000502,Office Supplies,Art,"BIC Highlighters, Easy-Erase"
OFF-LA-10001982,Office Supplies,Labels,Smead Alpha-Z Color-Coded Name Labels First Letter Starter Set
OFF-SU-10003072,Office Supplies,Supplies,"Elite Trimmer, Serrated"
OFF-ST-10001325,Office Supplies,Storage,Sterilite Officeware Hinged File Box
FUR-TA-10004371,Furniture,Tables,"Lesro Round Table, Adjustable Height"
OFF-BI-10000308,Office Supplies,Binders,"Cardinal Binder Covers, Durable"
TEC-CO-10003800,Technology,Copiers,"Hewlett Wireless Fax, Color"
TEC-PH-10000922,Technology,Phones,"Nokia Headset, with Caller ID"
TEC-BRO-10002579,Technology,Copiers,"Brother Copy Machine, Laser"
TEC-CIS-10003439,Technology,Phones,"Cisco Headset, VoIP"
OFF-AME-10000360,Office Supplies,Envelopes,"Ames Interoffice Envelope, Security-Tint"
FUR-CH-10003419,Furniture,Chairs,"Hon Steel Folding Chair, Black"
OFF-FA-10001832,Office Supplies,Fasteners,"Accos Rubber Bands, Metal"
TEC-CO-10004976,Technology,Copiers,"Brother Ink, High-Speed"
FUR-FU-10003773,Furniture,Furnishings,Eldon Cleatmat Plus Chair Mats for High Pile Carpets
FUR-OFF-10003713,Furniture,Chairs,"Office Star Chairmat, Adjustable"
FUR-TA-10004442,Furniture,Tables,Riverside Furniture Stanwyck Manor Table Series
OFF-SU-10003803,Office Supplies,Supplies,"Acme Trimmer, Steel"
FUR-BO-10004015,Furniture,Bookcases,"Bush Andora Bookcase, Maple/Graphite Gray Finish"
OFF-HAR-10004816,Office Supplies,Labels,"Harbour Creations Shipping Labels, Alphabetical"
TEC-PH-10001548,Technology,Phones,"Nokia Speaker Phone, Full Size"
OFF-PA-10000588,Office Supplies,Paper,"SanDisk Cards & Envelopes, 8.5 x 11"
OFF-CAM-10004002,Office Supplies,Envelopes,"Cameo Business Envelopes, Set of 50"
TEC-MA-10001330,Technology,Machines,"Konica Card Printer, Red"
OFF-ST-10002220,Office Supplies,Storage,"Fellowes File Cart, Blue"
TEC-BEL-10003177,Technology,Accessories,"Belkin Keyboard, Erganomic"
OFF-BI-10000546,Office Supplies,Binders,Avery Durable Binders
TEC-AC-10000387,Technology,Accessories,KeyTronic KT800P2 - Keyboard - Black
TEC-AC-10004241,Technology,Accessories,"Logitech Keyboard, USB"
FUR-BO-10004507,Furniture,Bookcases,"Ikea Corner Shelving, Metal"
TEC-MA-10001727,Technology,Machines,"Konica Receipt Printer, Wireless"
OFF-BI-10001575,Office Supplies,Binders,GBC Linen Binding Covers
TEC-CO-10001204,Technology,Copiers,"Canon Fax Machine, High-Speed"
OFF-FA-10004734,Office Supplies,Fasteners,"Advantus Rubber Bands, Bulk Pack"
OFF-PA-10003332,Office Supplies,Paper,"Xerox Cards & Envelopes, Recycled"
OFF-PA-10002927,Office Supplies,Paper,"Enermax Computer Printout Paper, 8.5 x 11"
OFF-EN-10000139,Office Supplies,Envelopes,"Ames Manila Envelope, Recycled"
TEC-PH-10002121,Technology,Phones,"Apple Headset, with Caller ID"
OFF-PA-10003115,Office Supplies,Paper,"Enermax Note Cards, Premium"
FUR-TA-10001056,Furniture,Tables,"Barricks Conference Table, Adjustable Height"
OFF-EN-10000128,Office Supplies,Envelopes,"GlobeWeis Interoffice Envelope, Set of 50"
TEC-AC-10000422,Technology,Accessories,"Belkin Numeric Keypad, Bluetooth"
OFF-BI-10004148,Office Supplies,Binders,"Avery Binder, Durable"
OFF-BI-10003240,Office Supplies,Binders,"Ibico Binding Machine, Economy"
OFF-BI-10000390,Office Supplies,Binders,"Cardinal Index Tab, Clear"
TEC-PH-10002217,Technology,Phones,"Cisco Audio Dock, Cordless"
FUR-ADV-10004395,Furniture,Furnishings,"Advantus Door Stop, Durable"
OFF-AP-10001205,Office Supplies,Appliances,Belkin 5 Outlet SurgeMaster Power Centers
TEC-CO-10004170,Technology,Copiers,"HP Wireless Fax, High-Speed"
FUR-FU-10004415,Furniture,Furnishings,"Stacking Tray, Side-Loading, Legal, Smoke"
FUR-FU-10001252,Furniture,Furnishings,"Eldon Clock, Erganomic"
TEC-CO-10004998,Technology,Copiers,"HP Fax and Copier, Color"
OFF-GLO-10004223,Office Supplies,Envelopes,"GlobeWeis Clasp Envelope, Security-Tint"
OFF-PA-10001801,Office Supplies,Paper,Xerox 193
FUR-CH-10001607,Furniture,Chairs,"Novimex Swivel Stool, Set of Two"
OFF-SU-10004589,Office Supplies,Supplies,"Elite Shears, Serrated"
TEC-CO-10004394,Technology,Copiers,"Canon Wireless Fax, Digital"
FUR-FU-10001692,Furniture,Furnishings,"Eldon Clock, Duo Pack"
OFF-ST-10001413,Office Supplies,Storage,"Rogers Folders, Blue"
OFF-ST-10002292,Office Supplies,Storage,"Fellowes Lockers, Single Width"
OFF-FA-10003730,Office Supplies,Fasteners,"Stockwell Thumb Tacks, Bulk Pack"
TEC-PH-10003620,Technology,Phones,"Apple Signal Booster, Cordless"
OFF-BI-10000591,Office Supplies,Binders,Avery Binder Labels
TEC-MA-10001841,Technology,Machines,"Konica Printer, White"
OFF-AVE-10002311,Office Supplies,Binders,"Avery Binder Covers, Durable"
OFF-SU-10000157,Office Supplies,Supplies,Compact Automatic Electric Letter Opener
TEC-CO-10003002,Technology,Copiers,"Canon Personal Copier, Digital"
OFF-AVE-10000585,Office Supplies,Labels,"Avery Legal Exhibit Labels, Adjustable"
FUR-TA-10003238,Furniture,Tables,"Chromcraft Bull-Nose Wood 48"" x 96"" Rectangular Conference Tables"
OFF-BI-10001900,Office Supplies,Binders,"Wilson Jones Binder Covers, Clear"
OFF-EN-10001154,Office Supplies,Envelopes,"Kraft Clasp Envelope, Set of 50"
FUR-DAN-10002028,Furniture,Bookcases,"Dania Classic Bookcase, Mobile"
OFF-STA-10003908,Office Supplies,Art,"Stanley Highlighters, Blue"
OFF-AR-10003723,Office Supplies,Art,Avery Hi-Liter Fluorescent Desk Style Markers
FUR-CH-10003746,Furniture,Chairs,Hon 4070 Series Pagoda Round Back Stacking Chairs
OFF-BI-10002215,Office Supplies,Binders,"Wilson Jones Hanging View Binder, White, 1"""
FUR-BO-10000112,Furniture,Bookcases,"Dania Corner Shelving, Pine"
OFF-BI-10000848,Office Supplies,Binders,Angle-D Ring Binders
TEC-PH-10001284,Technology,Phones,"Apple Smart Phone, Cordless"
OFF-PA-10002516,Office Supplies,Paper,"Enermax Cards & Envelopes, 8.5 x 11"
TEC-MA-10003730,Technology,Machines,"StarTech Card Printer, White"
TEC-MA-10000112,Technology,Machines,Panasonic KX MB2061 Multifunction Printer
OFF-AP-10001322,Office Supplies,Appliances,"Hamilton Beach Stove, Silver"
TEC-AC-10002607,Technology,Accessories,"Enermax Mouse, USB"
OFF-SU-10002881,Office Supplies,Supplies,Martin Yale Chadless Opener Electric Letter Opener
OFF-SME-10002870,Office Supplies,Labels,"Smead Legal Exhibit Labels, Alphabetical"
OFF-EN-10003936,Office Supplies,Envelopes,"Cameo Peel and Seal, with clear poly window"
OFF-AR-10002346,Office Supplies,Art,"Binney & Smith Pencil Sharpener, Fluorescent"
OFF-SU-10003137,Office Supplies,Supplies,"Fiskars Letter Opener, Steel"
FUR-FU-10002292,Furniture,Furnishings,"Deflect-O Door Stop, Duo Pack"
FUR-DEF-10000720,Furniture,Furnishings,"Deflect-O Door Stop, Duo Pack"
OFF-AP-10002906,Office Supplies,Appliances,Hoover Replacement Belt for Commercial Guardsman Heavy-Duty Upright Vacuum
OFF-EN-10004147,Office Supplies,Envelopes,Wausau Papers Astrobrights Colored Envelopes
FUR-SAU-10000637,Furniture,Bookcases,"Sauder Library with Doors, Metal"
OFF-ST-10004296,Office Supplies,Storage,"Rogers Box, Single Width"
OFF-ST-10003102,Office Supplies,Storage,"Rogers Lockers, Single Width"
TEC-KON-10000005,Technology,Machines,"Konica Phone, Durable"
OFF-AP-10001568,Office Supplies,Appliances,"Hamilton Beach Toaster, Silver"
OFF-SAN-10004339,Office Supplies,Art,"Sanford Highlighters, Water Color"
TEC-AC-10004752,Technology,Accessories,"Memorex Keyboard, Erganomic"
OFF-AP-10002128,Office Supplies,Appliances,"Breville Toaster, White"
TEC-AC-10003611,Technology,Accessories,"Memorex Mouse, USB"
TEC-AC-10004853,Technology,Accessories,"Logitech Memory Card, Programmable"
OFF-PA-10003424,Office Supplies,Paper,"""While you Were Out"" Message Book, One Form per Page"
TEC-AC-10004975,Technology,Accessories,"SanDisk Numeric Keypad, Erganomic"
TEC-PH-10001712,Technology,Phones,"Nokia Smart Phone, Full Size"
TEC-CO-10003633,Technology,Copiers,"Canon Ink, Laser"
TEC-AC-10000657,Technology,Accessories,"Enermax Memory Card, Bluetooth"
FUR-CH-10000745,Furniture,Chairs,"Hon Chairmat, Adjustable"
FUR-BO-10001369,Furniture,Bookcases,"Sauder Stackable Bookrack, Mobile"
TEC-MA-10000888,Technology,Machines,"Okidata Phone, White"
OFF-ELI-10003004,Office Supplies,Supplies,"Elite Ruler, Easy Grip"
TEC-PH-10002035,Technology,Phones,"Samsung Smart Phone, Cordless"
OFF-BI-10004654,Office Supplies,Binders,"Ibico 3-Hole Punch, Economy"
FUR-CH-10001536,Furniture,Chairs,"Harbour Creations Swivel Stool, Red"
TEC-CO-10003160,Technology,Copiers,"Brother Wireless Fax, Laser"
OFF-ST-10004367,Office Supplies,Storage,"Rogers Trays, Blue"
OFF-WIL-10000604,Office Supplies,Binders,"Wilson Jones Binder, Clear"
TEC-APP-10001851,Technology,Phones,"Apple Headset, Full Size"
OFF-LA-10003820,Office Supplies,Labels,"Novimex Color Coded Labels, Adjustable"
FUR-CH-10004844,Furniture,Chairs,"Novimex Swivel Stool, Adjustable"
TEC-PH-10003187,Technology,Phones,Anker Astro Mini 3000mAh Ultra-Compact Portable Charger
OFF-SME-10000538,Office Supplies,Storage,"Smead File Cart, Single Width"
FUR-IKE-10004160,Furniture,Bookcases,"Ikea Stackable Bookrack, Traditional"
TEC-CO-10003318,Technology,Copiers,"Hewlett Ink, Digital"
TEC-AC-10002130,Technology,Accessories,"Logitech Flash Drive, Erganomic"
OFF-AR-10002280,Office Supplies,Art,Staples
FUR-SAF-10002495,Furniture,Bookcases,"Safco Library with Doors, Mobile"
TEC-OKI-10003124,Technology,Machines,"Okidata Inkjet, Wireless"
FUR-BO-10002352,Furniture,Bookcases,"Ikea 3-Shelf Cabinet, Mobile"
OFF-PA-10003475,Office Supplies,Paper,"Enermax Note Cards, Premium"
TEC-EPS-10001644,Technology,Machines,"Epson Phone, Durable"
OFF-PA-10004761,Office Supplies,Paper,"Green Bar Memo Slips, Premium"
OFF-WIL-10001979,Office Supplies,Binders,"Wilson Jones Binder Covers, Clear"
TEC-PH-10003931,Technology,Phones,JBL Micro Wireless Portable Bluetooth Speaker
FUR-BO-10002182,Furniture,Bookcases,"Safco Floating Shelf Set, Pine"
OFF-FA-10002617,Office Supplies,Fasteners,"Advantus Clamps, Assorted Sizes"
OFF-STI-10003234,Office Supplies,Supplies,"Stiletto Trimmer, Steel"
OFF-EN-10003360,Office Supplies,Envelopes,"Kraft Mailers, with clear poly window"
FUR-SAU-10002714,Furniture,Bookcases,"Sauder Corner Shelving, Pine"
OFF-EN-10003463,Office Supplies,Envelopes,"Jiffy Peel and Seal, Recycled"
OFF-AP-10002317,Office Supplies,Appliances,"Hamilton Beach Refrigerator, Silver"
OFF-EN-10003854,Office Supplies,Envelopes,"Jiffy Clasp Envelope, Security-Tint"
OFF-AR-10000833,Office Supplies,Art,"Sanford Canvas, Easy-Erase"
OFF-LA-10000190,Office Supplies,Labels,"Harbour Creations Round Labels, 5000 Label Set"
FUR-TA-10000073,Furniture,Tables,"Lesro Coffee Table, Adjustable Height"
FUR-ADV-10000183,Furniture,Furnishings,"Advantus Photo Frame, Black"
TEC-CO-10001162,Technology,Copiers,"Canon Wireless Fax, Laser"
OFF-PA-10000382,Office Supplies,Paper,"SanDisk Computer Printout Paper, Multicolor"
TEC-PH-10002936,Technology,Phones,"Nokia Smart Phone, Full Size"
OFF-SU-10001455,Office Supplies,Supplies,"Acme Box Cutter, Easy Grip"
OFF-LA-10004544,Office Supplies,Labels,Avery 505
FUR-BO-10000807,Furniture,Bookcases,"Sauder Floating Shelf Set, Mobile"
FUR-BO-10003905,Furniture,Bookcases,"Ikea Stackable Bookrack, Mobile"
OFF-EN-10003544,Office Supplies,Envelopes,"Ames Peel and Seal, Recycled"
OFF-LA-10000634,Office Supplies,Labels,Avery 509
OFF-FA-10004824,Office Supplies,Fasteners,"Stockwell Rubber Bands, Bulk Pack"
OFF-AVE-10002024,Office Supplies,Binders,"Avery Index Tab, Durable"
OFF-ADV-10000551,Office Supplies,Fasteners,"Advantus Thumb Tacks, Bulk Pack"
OFF-AR-10001694,Office Supplies,Art,"Sanford Canvas, Blue"
TEC-CO-10003083,Technology,Copiers,"HP Fax Machine, High-Speed"
FUR-FU-10004188,Furniture,Furnishings,Luxo Professional Combination Clamp-On Lamps
OFF-BI-10003009,Office Supplies,Binders,"Ibico 3-Hole Punch, Clear"
OFF-BI-10001628,Office Supplies,Binders,"Acco Data Flex Cable Posts For Top & Bottom Load Binders, 6"" Capacity"
TEC-PH-10004242,Technology,Phones,"Apple Speaker Phone, VoIP"
TEC-ENE-10003125,Technology,Accessories,"Enermax Flash Drive, Programmable"
FUR-CH-10002932,Furniture,Chairs,"Harbour Creations Rocking Chair, Adjustable"
TEC-PH-10002824,Technology,Phones,Jabra SPEAK 410 Multidevice Speakerphone
TEC-STA-10000893,Technology,Machines,"StarTech Inkjet, White"
TEC-OKI-10002752,Technology,Machines,"Okidata Phone, Wireless"
OFF-FA-10002177,Office Supplies,Fasteners,"OIC Clamps, Metal"
FUR-BO-10004690,Furniture,Bookcases,O'Sullivan Cherrywood Estates Traditional Barrister Bookcase
OFF-AME-10003180,Office Supplies,Envelopes,"Ames Business Envelopes, Set of 50"
OFF-BI-10003468,Office Supplies,Binders,"Wilson Jones Binder Covers, Durable"
FUR-CH-10003808,Furniture,Chairs,"Harbour Creations Steel Folding Chair, Adjustable"
OFF-AP-10001670,Office Supplies,Appliances,"Hoover Coffee Grinder, White"
OFF-HOO-10003338,Office Supplies,Appliances,"Hoover Blender, Silver"
TEC-PH-10000841,Technology,Phones,"Nokia Signal Booster, VoIP"
OFF-AP-10002351,Office Supplies,Appliances,"Hamilton Beach Refrigerator, Silver"
OFF-FA-10003703,Office Supplies,Fasteners,"Accos Clamps, Assorted Sizes"
TEC-CO-10002379,Technology,Copiers,"Canon Copy Machine, Digital"
FUR-DAN-10004745,Furniture,Bookcases,"Dania Corner Shelving, Traditional"
FUR-DAN-10002967,Furniture,Bookcases,"Dania 3-Shelf Cabinet, Metal"
OFF-FA-10000194,Office Supplies,Fasteners,"OIC Push Pins, Metal"
OFF-EN-10001044,Office Supplies,Envelopes,"Kraft Manila Envelope, Set of 50"
OFF-BRE-10004933,Office Supplies,Appliances,"Breville Toaster, Silver"
OFF-EN-10004483,Office Supplies,Envelopes,"#10 White Business Envelopes,4 1/8 x 9 1/2"
OFF-FA-10004156,Office Supplies,Fasteners,"Stockwell Push Pins, 12 Pack"
FUR-BO-10002852,Furniture,Bookcases,"Bush Stackable Bookrack, Pine"
TEC-PH-10003437,Technology,Phones,Blue Parrot B250XT Professional Grade Wireless Bluetooth Headset with
OFF-WIL-10000777,Office Supplies,Binders,"Wilson Jones 3-Hole Punch, Recycled"
OFF-BI-10001721,Office Supplies,Binders,Trimflex Flexible Post Binders
OFF-PA-10004610,Office Supplies,Paper,Xerox 1900
TEC-PH-10000298,Technology,Phones,"Nokia Speaker Phone, Cordless"
FUR-CH-10000969,Furniture,Chairs,"Hon Executive Leather Armchair, Red"
OFF-AR-10000091,Office Supplies,Art,"BIC Highlighters, Water Color"
FUR-BO-10004371,Furniture,Bookcases,"Dania Classic Bookcase, Pine"
OFF-FA-10003615,Office Supplies,Fasteners,"Stockwell Staples, Assorted Sizes"
FUR-CH-10002247,Furniture,Chairs,"Hon Executive Leather Armchair, Adjustable"
FUR-CHR-10001018,Furniture,Tables,"Chromcraft Round Table, Rectangular"
OFF-FA-10000659,Office Supplies,Fasteners,"Stockwell Clamps, 12 Pack"
FUR-BO-10002031,Furniture,Bookcases,"Sauder Classic Bookcase, Pine"
OFF-BI-10003763,Office Supplies,Binders,"Ibico Index Tab, Economy"
TEC-CO-10002174,Technology,Copiers,"HP Copy Machine, Laser"
TEC-PH-10004554,Technology,Phones,"Samsung Audio Dock, VoIP"
OFF-EN-10000215,Office Supplies,Envelopes,"Jiffy Interoffice Envelope, Security-Tint"
TEC-MA-10003886,Technology,Machines,"Panasonic Phone, Wireless"
FUR-BO-10002708,Furniture,Bookcases,"Dania Library with Doors, Pine"
TEC-AC-10002014,Technology,Accessories,"Belkin Flash Drive, USB"
TEC-AC-10004221,Technology,Accessories,"Logitech Memory Card, Programmable"
OFF-LA-10004137,Office Supplies,Labels,"Harbour Creations Legal Exhibit Labels, Laser Printer Compatible"
FUR-CHR-10002686,Furniture,Tables,"Chromcraft Computer Table, Adjustable Height"
FUR-FU-10001942,Furniture,Furnishings,"Eldon Frame, Duo Pack"
OFF-SU-10004627,Office Supplies,Supplies,"Stiletto Box Cutter, High Speed"
TEC-PH-10000560,Technology,Phones,Samsung Galaxy S III - 16GB - pebble blue (T-Mobile)
TEC-CO-10004649,Technology,Copiers,"Brother Copy Machine, High-Speed"
TEC-BRO-10001938,Technology,Copiers,"Brother Wireless Fax, High-Speed"
OFF-LA-10003379,Office Supplies,Labels,"Smead Color Coded Labels, Laser Printer Compatible"
FUR-TA-10001857,Furniture,Tables,Balt Solid Wood Rectangular Table
OFF-FIS-10002759,Office Supplies,Supplies,"Fiskars Letter Opener, High Speed"
FUR-CH-10003195,Furniture,Chairs,"Hon Rocking Chair, Red"
OFF-BI-10003633,Office Supplies,Binders,"Avery Binding Machine, Economy"
OFF-ST-10004597,Office Supplies,Storage,"Rogers File Cart, Blue"
OFF-BIC-10001632,Office Supplies,Art,"BIC Pens, Easy-Erase"
TEC-AC-10001635,Technology,Accessories,KeyTronic KT400U2 - Keyboard - Black
TEC-MA-10002937,Technology,Machines,"Canon Color ImageCLASS MF8580Cdw Wireless Laser All-In-One Printer, Copier, Scanner"
FUR-FU-10001764,Furniture,Furnishings,"Deflect-O Clock, Black"
FUR-CH-10003846,Furniture,Chairs,Hon Valutask Swivel Chairs
FUR-CH-10004196,Furniture,Chairs,"Novimex Swivel Stool, Red"
FUR-CH-10003618,Furniture,Chairs,"SAFCO Rocking Chair, Red"
TEC-CO-10001410,Technology,Copiers,"Canon Personal Copier, High-Speed"
OFF-PA-10004313,Office Supplies,Paper,"Green Bar Computer Printout Paper, 8.5 x 11"
FUR-BO-10001969,Furniture,Bookcases,"Sauder 3-Shelf Cabinet, Pine"
OFF-BI-10004145,Office Supplies,Binders,"Wilson Jones Hole Reinforcements, Economy"
OFF-BI-10004318,Office Supplies,Binders,Ibico EB-19 Dual Function Manual Binding System
OFF-EN-10001480,Office Supplies,Envelopes,"Kraft Interoffice Envelope, Security-Tint"
OFF-FA-10003638,Office Supplies,Fasteners,"Stockwell Clamps, 12 Pack"
TEC-PH-10003774,Technology,Phones,"Cisco Headset, with Caller ID"
OFF-EN-10004525,Office Supplies,Envelopes,"GlobeWeis Peel and Seal, Security-Tint"
OFF-SU-10003115,Office Supplies,Supplies,"Acme Scissors, Serrated"
TEC-AC-10004012,Technology,Accessories,"Enermax Flash Drive, Erganomic"
OFF-SME-10003805,Office Supplies,Labels,"Smead Color Coded Labels, Adjustable"
OFF-AME-10002557,Office Supplies,Envelopes,"Ames Business Envelopes, Recycled"
FUR-CH-10004853,Furniture,Chairs,"Global Manager's Adjustable Task Chair, Storm"
OFF-EN-10001990,Office Supplies,Envelopes,Staples
OFF-SU-10001124,Office Supplies,Supplies,"Acme Trimmer, High Speed"
OFF-XER-10001429,Office Supplies,Paper,"Xerox Parchment Paper, Recycled"
OFF-AR-10003913,Office Supplies,Art,"Binney & Smith Highlighters, Blue"
TEC-AC-10001948,Technology,Accessories,"Belkin Numeric Keypad, USB"
FUR-BO-10001276,Furniture,Bookcases,"Safco Floating Shelf Set, Mobile"
FUR-CH-10003109,Furniture,Chairs,"Office Star Rocking Chair, Set of Two"
OFF-PA-10003982,Office Supplies,Paper,"SanDisk Message Books, Premium"
OFF-AP-10003524,Office Supplies,Appliances,"Breville Blender, Black"
FUR-CH-10003535,Furniture,Chairs,"Global Armless Task Chair, Royal Blue"
TEC-AC-10001311,Technology,Accessories,"Belkin Keyboard, Erganomic"
TEC-PH-10004328,Technology,Phones,"Motorola Audio Dock, Cordless"
TEC-AC-10000712,Technology,Accessories,"Enermax Router, Programmable"
OFF-PA-10002464,Office Supplies,Paper,"Green Bar Computer Printout Paper, Multicolor"
FUR-TA-10003510,Furniture,Tables,"Hon Computer Table, Fully Assembled"
OFF-PA-10003805,Office Supplies,Paper,"Eaton Note Cards, Multicolor"
FUR-CH-10004009,Furniture,Chairs,"SAFCO Rocking Chair, Set of Two"
TEC-SHA-10004390,Technology,Copiers,"Sharp Wireless Fax, Digital"
TEC-CO-10004147,Technology,Copiers,"Brother Fax and Copier, High-Speed"
OFF-LA-10000560,Office Supplies,Labels,"Smead File Folder Labels, Alphabetical"
TEC-CO-10001654,Technology,Copiers,"Hewlett Wireless Fax, Digital"
FUR-BO-10002968,Furniture,Bookcases,"Bush Library with Doors, Metal"
OFF-ST-10000016,Office Supplies,Storage,"Eldon Folders, Blue"
TEC-AC-10002348,Technology,Accessories,"Enermax Memory Card, USB"
FUR-BO-10001553,Furniture,Bookcases,"Sauder Library with Doors, Traditional"
TEC-MA-10003315,Technology,Machines,"Panasonic Card Printer, Red"
FUR-TA-10002774,Furniture,Tables,Laminate Occasional Tables
FUR-CH-10000583,Furniture,Chairs,"Novimex Swivel Stool, Set of Two"
OFF-EN-10001870,Office Supplies,Envelopes,"Kraft Peel and Seal, Security-Tint"
FUR-TA-10003268,Furniture,Tables,"Lesro Round Table, Rectangular"
OFF-FA-10000254,Office Supplies,Fasteners,Sterling Rubber Bands by Alliance
TEC-AC-10001907,Technology,Accessories,"SanDisk Flash Drive, Bluetooth"
OFF-FA-10004362,Office Supplies,Fasteners,"Stockwell Thumb Tacks, Metal"
OFF-AP-10003963,Office Supplies,Appliances,"Breville Microwave, Silver"
FUR-BAR-10000560,Furniture,Tables,"Barricks Round Table, with Bottom Storage"
TEC-CO-10003992,Technology,Copiers,"HP Ink, Color"
OFF-LA-10002368,Office Supplies,Labels,Avery 479
OFF-ST-10001290,Office Supplies,Storage,"Rogers Box, Industrial"
OFF-STI-10001651,Office Supplies,Supplies,"Stiletto Shears, Steel"
TEC-PH-10004544,Technology,Phones,"Motorola Speaker Phone, with Caller ID"
OFF-LA-10001833,Office Supplies,Labels,"Hon Shipping Labels, Alphabetical"
OFF-EN-10002710,Office Supplies,Envelopes,"GlobeWeis Interoffice Envelope, with clear poly window"
FUR-CH-10002228,Furniture,Chairs,"Harbour Creations Steel Folding Chair, Set of Two"
FUR-BO-10003887,Furniture,Bookcases,"Ikea Floating Shelf Set, Traditional"
OFF-KIT-10003938,Office Supplies,Appliances,"KitchenAid Toaster, Red"
OFF-BI-10001196,Office Supplies,Binders,"Avery Flip-Chart Easel Binder, Black"
OFF-BIC-10002942,Office Supplies,Art,"BIC Highlighters, Easy-Erase"
OFF-FA-10000471,Office Supplies,Fasteners,"Accos Paper Clips, Assorted Sizes"
OFF-STO-10004363,Office Supplies,Fasteners,"Stockwell Paper Clips, Bulk Pack"
OFF-STO-10003604,Office Supplies,Fasteners,"Stockwell Staples, Metal"
FUR-CH-10003354,Furniture,Chairs,"Harbour Creations Swivel Stool, Red"
TEC-MEM-10000374,Technology,Accessories,"Memorex Router, Programmable"
TEC-MA-10003856,Technology,Machines,"Okidata Calculator, Red"
FUR-CH-10002938,Furniture,Chairs,"Novimex Chairmat, Red"
FUR-FU-10000885,Furniture,Furnishings,"Eldon Light Bulb, Durable"
TEC-AC-10004753,Technology,Accessories,"Logitech Memory Card, Erganomic"
OFF-BI-10003253,Office Supplies,Binders,"Ibico Index Tab, Economy"
OFF-AME-10001009,Office Supplies,Envelopes,"Ames Interoffice Envelope, Set of 50"
TEC-NOK-10003341,Technology,Phones,"Nokia Headset, Cordless"
OFF-SU-10000932,Office Supplies,Supplies,"Elite Shears, Steel"
OFF-BI-10002364,Office Supplies,Binders,"Acco Binder, Durable"
FUR-CH-10003692,Furniture,Chairs,"SAFCO Swivel Stool, Set of Two"
FUR-CH-10001187,Furniture,Chairs,"Novimex Chairmat, Set of Two"
FUR-CH-10000051,Furniture,Chairs,"Harbour Creations Executive Leather Armchair, Black"
OFF-LA-10003057,Office Supplies,Labels,"Harbour Creations Legal Exhibit Labels, Adjustable"
FUR-FU-10000732,Furniture,Furnishings,Eldon 200 Class Desk Accessories
OFF-PA-10000091,Office Supplies,Paper,"Xerox Message Books, Premium"
OFF-AP-10002165,Office Supplies,Appliances,"Hamilton Beach Blender, White"
OFF-SU-10003629,Office Supplies,Supplies,"Fiskars Ruler, Steel"
FUR-CH-10002084,Furniture,Chairs,Hon Mobius Operator's Chair
FUR-FU-10001507,Furniture,Furnishings,"Rubbermaid Light Bulb, Duo Pack"
FUR-FU-10000647,Furniture,Furnishings,"Tenex Door Stop, Erganomic"
FUR-CH-10003026,Furniture,Chairs,"Novimex Bag Chairs, Adjustable"
OFF-AP-10003866,Office Supplies,Appliances,"Breville Microwave, Red"
OFF-BI-10004541,Office Supplies,Binders,"Wilson Jones Binder, Durable"
OFF-KLE-10004771,Office Supplies,Supplies,"Kleencut Shears, Serrated"
OFF-LA-10004795,Office Supplies,Labels,"Novimex Shipping Labels, Alphabetical"
FUR-HON-10001689,Furniture,Chairs,"Hon Executive Leather Armchair, Red"
OFF-ST-10002791,Office Supplies,Storage,"Tenex Shelving, Blue"
OFF-AR-10000219,Office Supplies,Art,"Sanford Highlighters, Blue"
FUR-BO-10002736,Furniture,Bookcases,"Sauder Stackable Bookrack, Mobile"
FUR-FU-10001717,Furniture,Furnishings,"Rubbermaid Stacking Tray, Erganomic"
FUR-FU-10002722,Furniture,Furnishings,"Tenex Photo Frame, Erganomic"
OFF-LA-10002674,Office Supplies,Labels,"Novimex Legal Exhibit Labels, Adjustable"
FUR-TA-10002571,Furniture,Tables,"Chromcraft Coffee Table, Adjustable Height"
TEC-PH-10002907,Technology,Phones,"Motorola Headset, VoIP"
TEC-AC-10003889,Technology,Accessories,"Enermax Mouse, USB"
TEC-MEM-10003302,Technology,Accessories,"Memorex Numeric Keypad, Erganomic"
OFF-PA-10003133,Office Supplies,Paper,"Eaton Cards & Envelopes, 8.5 x 11"
OFF-CAR-10002375,Office Supplies,Binders,"Cardinal Binder Covers, Durable"
OFF-ST-10000701,Office Supplies,Storage,"Rogers Shelving, Single Width"
OFF-LA-10004709,Office Supplies,Labels,"Avery Round Labels, Laser Printer Compatible"
OFF-AVE-10004308,Office Supplies,Binders,"Avery Binder, Durable"
OFF-PA-10000694,Office Supplies,Paper,"Green Bar Message Books, Premium"
OFF-EN-10003069,Office Supplies,Envelopes,"Ames Mailers, Set of 50"
TEC-AC-10004814,Technology,Accessories,Logitech Illuminated Ultrathin Keyboard with Backlighting
OFF-LA-10000604,Office Supplies,Labels,"Harbour Creations Color Coded Labels, Laser Printer Compatible"
TEC-MA-10004414,Technology,Machines,"Okidata Phone, Red"
OFF-LA-10000707,Office Supplies,Labels,"Avery Removable Labels, Adjustable"
OFF-JIF-10000981,Office Supplies,Envelopes,"Jiffy Peel and Seal, with clear poly window"
OFF-HOO-10003820,Office Supplies,Appliances,"Hoover Toaster, White"
TEC-CO-10002232,Technology,Copiers,"HP Ink, Laser"
OFF-PA-10000318,Office Supplies,Paper,"Enermax Message Books, Multicolor"
TEC-AC-10001539,Technology,Accessories,Logitech G430 Surround Sound Gaming Headset with Dolby 7.1 Technology
OFF-AR-10000780,Office Supplies,Art,"BIC Highlighters, Easy-Erase"
FUR-BO-10002793,Furniture,Bookcases,"Safco Floating Shelf Set, Traditional"
OFF-AP-10000800,Office Supplies,Appliances,"Breville Stove, Red"
OFF-NOV-10003180,Office Supplies,Labels,"Novimex Legal Exhibit Labels, Adjustable"
FUR-DAN-10004510,Furniture,Bookcases,"Dania Library with Doors, Metal"
OFF-BI-10004177,Office Supplies,Binders,"Wilson Jones 3-Hole Punch, Durable"
OFF-SU-10001750,Office Supplies,Supplies,"Stiletto Trimmer, High Speed"
OFF-ACC-10002853,Office Supplies,Fasteners,"Accos Thumb Tacks, Bulk Pack"
OFF-BI-10001305,Office Supplies,Binders,"Cardinal Binder, Clear"
TEC-MOT-10004136,Technology,Phones,"Motorola Signal Booster, Cordless"
FUR-FU-10000955,Furniture,Furnishings,"Advantus Stacking Tray, Durable"
OFF-ST-10002574,Office Supplies,Storage,"Smead Shelving, Blue"
OFF-ST-10004532,Office Supplies,Storage,"Tenex File Cart, Single Width"
FUR-TA-10000222,Furniture,Tables,"Bevis Training Table, Adjustable Height"
FUR-FU-10000087,Furniture,Furnishings,"Executive Impressions 14"" Two-Color Numerals Wall Clock"
TEC-AC-10003403,Technology,Accessories,"Enermax Router, USB"
OFF-AR-10003005,Office Supplies,Art,"Boston Markers, Fluorescent"
OFF-AP-10002360,Office Supplies,Appliances,"Cuisinart Blender, White"
OFF-HAM-10003040,Office Supplies,Appliances,"Hamilton Beach Stove, White"
OFF-AP-10004372,Office Supplies,Appliances,"Hoover Coffee Grinder, White"
OFF-ST-10000046,Office Supplies,Storage,Fellowes Super Stor/Drawer Files
OFF-EN-10002240,Office Supplies,Envelopes,"GlobeWeis Clasp Envelope, with clear poly window"
OFF-PA-10004381,Office Supplies,Paper,"14-7/8 x 11 Blue Bar Computer Printout Paper"
OFF-EN-10000857,Office Supplies,Envelopes,"Ames Mailers, Security-Tint"
OFF-ST-10003184,Office Supplies,Storage,"Eldon Trays, Wire Frame"
OFF-BI-10003124,Office Supplies,Binders,"Cardinal Hole Reinforcements, Durable"
TEC-AC-10003433,Technology,Accessories,Maxell 4.7GB DVD+R 5/Pack
OFF-STO-10004503,Office Supplies,Fasteners,"Stockwell Paper Clips, Metal"
FUR-FU-10004712,Furniture,Furnishings,"Westinghouse Mesh Shade Clip-On Gooseneck Lamp, Black"
OFF-SAN-10004633,Office Supplies,Paper,"SanDisk Message Books, Multicolor"
TEC-KON-10001624,Technology,Machines,"Konica Receipt Printer, Durable"
OFF-LA-10001284,Office Supplies,Labels,"Smead Round Labels, 5000 Label Set"
OFF-EN-10002891,Office Supplies,Envelopes,"GlobeWeis Mailers, with clear poly window"
OFF-BI-10001308,Office Supplies,Binders,GBC Standard Plastic Binding Systems' Combs
FUR-NOV-10000123,Furniture,Chairs,"Novimex Rocking Chair, Red"
OFF-BI-10004002,Office Supplies,Binders,Wilson Jones International Size A4 Ring Binders
TEC-PH-10004959,Technology,Phones,"Motorola Audio Dock, with Caller ID"
OFF-STO-10004779,Office Supplies,Fasteners,"Stockwell Push Pins, Bulk Pack"
OFF-KRA-10001807,Office Supplies,Envelopes,"Kraft Manila Envelope, Security-Tint"
OFF-AR-10001529,Office Supplies,Art,"Binney & Smith Pencil Sharpener, Easy-Erase"
OFF-HAR-10001310,Office Supplies,Labels,"Harbour Creations File Folder Labels, 5000 Label Set"
OFF-ELD-10002199,Office Supplies,Storage,"Eldon File Cart, Single Width"
OFF-AR-10004685,Office Supplies,Art,"Binney & Smith Crayola Metallic Colored Pencils, 8-Color Set"
OFF-AR-10001231,Office Supplies,Art,"Sanford EarthWrite Recycled Pencils, Medium Soft, #2"
OFF-FA-10002506,Office Supplies,Fasteners,"OIC Rubber Bands, 12 Pack"
FUR-CH-10001545,Furniture,Chairs,Hon Comfortask Task/Swivel Chairs
OFF-AP-10003043,Office Supplies,Appliances,"Breville Blender, White"
OFF-ST-10004583,Office Supplies,Storage,"Eldon Shelving, Single Width"
OFF-PA-10003072,Office Supplies,Paper,"Eureka Recycled Copy Paper 8 1/2"" x 11"", Ream"
FUR-BAR-10003532,Furniture,Tables,"Barricks Conference Table, Rectangular"
OFF-SU-10004762,Office Supplies,Supplies,"Fiskars Ruler, Steel"
TEC-PH-10004825,Technology,Phones,"Cisco Headset, VoIP"
OFF-BI-10003642,Office Supplies,Binders,"Wilson Jones Binder, Economy"
FUR-TA-10003157,Furniture,Tables,"Hon Coffee Table, with Bottom Storage"
OFF-LA-10004285,Office Supplies,Labels,"Smead Legal Exhibit Labels, Laser Printer Compatible"
FUR-TA-10003583,Furniture,Tables,"Lesro Computer Table, with Bottom Storage"
OFF-AR-10003450,Office Supplies,Art,"BIC Markers, Blue"
OFF-BI-10001634,Office Supplies,Binders,Wilson Jones Active Use Binders
FUR-CH-10001647,Furniture,Chairs,"Novimex Swivel Stool, Black"
TEC-PH-10002962,Technology,Phones,"Motorola Smart Phone, Full Size"
FUR-FU-10004955,Furniture,Furnishings,"Tenex Door Stop, Durable"
TEC-PH-10004875,Technology,Phones,PNY Rapid USB Car Charger - Black
TEC-AC-10002756,Technology,Accessories,"SanDisk Keyboard, Bluetooth"
TEC-AC-10003327,Technology,Accessories,"Logitech Keyboard, Erganomic"
OFF-LA-10001038,Office Supplies,Labels,"Smead Legal Exhibit Labels, Laser Printer Compatible"
FUR-FU-10003553,Furniture,Furnishings,"Howard Miller 13-1/2"" Diameter Rosebrook Wall Clock"
TEC-AC-10001688,Technology,Accessories,"Enermax Keyboard, Programmable"
OFF-LA-10004916,Office Supplies,Labels,"Harbour Creations Shipping Labels, Laser Printer Compatible"
FUR-BO-10001679,Furniture,Bookcases,"Ikea 3-Shelf Cabinet, Traditional"
OFF-HAR-10002479,Office Supplies,Labels,"Harbour Creations Color Coded Labels, 5000 Label Set"
OFF-PA-10001275,Office Supplies,Paper,"Xerox Note Cards, Multicolor"
FUR-CH-10003794,Furniture,Chairs,"SAFCO Bag Chairs, Set of Two"
TEC-CO-10001726,Technology,Copiers,"HP Fax and Copier, High-Speed"
OFF-FIS-10002703,Office Supplies,Supplies,"Fiskars Letter Opener, Easy Grip"
OFF-AR-10001405,Office Supplies,Art,"Binney & Smith Highlighters, Fluorescent"
OFF-AR-10001130,Office Supplies,Art,"Quartet Alpha White Chalk, 12/Pack"
OFF-PA-10002196,Office Supplies,Paper,"Green Bar Message Books, Recycled"
FUR-CH-10001317,Furniture,Chairs,"Harbour Creations Rocking Chair, Red"
OFF-BI-10000280,Office Supplies,Binders,"Ibico Hole Reinforcements, Economy"
OFF-PA-10004609,Office Supplies,Paper,Xerox 221
FUR-FU-10000298,Furniture,Furnishings,"Eldon Photo Frame, Duo Pack"
OFF-AR-10002053,Office Supplies,Art,"Premium Writing Pencils, Soft, #2 by Central Association for the Blind"
TEC-CO-10004570,Technology,Copiers,"Sharp Personal Copier, Digital"
FUR-BO-10002008,Furniture,Bookcases,"Bush Stackable Bookrack, Traditional"
FUR-DEF-10001359,Furniture,Furnishings,"Deflect-O Frame, Erganomic"
OFF-BI-10001067,Office Supplies,Binders,"Avery Binder, Recycled"
TEC-AC-10000642,Technology,Accessories,"Logitech Flash Drive, Bluetooth"
TEC-MA-10001934,Technology,Machines,"StarTech Printer, Red"
OFF-BI-10001031,Office Supplies,Binders,Pressboard Data Binders by Wilson Jones
FUR-CH-10004199,Furniture,Chairs,"SAFCO Executive Leather Armchair, Adjustable"
OFF-ST-10002781,Office Supplies,Storage,"Smead File Cart, Single Width"
TEC-PH-10002415,Technology,Phones,Polycom VoiceStation 500 Conference phone
TEC-MEM-10002524,Technology,Accessories,"Memorex Mouse, USB"
OFF-ENE-10002833,Office Supplies,Paper,"Enermax Cards & Envelopes, Premium"
OFF-BI-10003098,Office Supplies,Binders,"Ibico Binding Machine, Economy"
OFF-SU-10004630,Office Supplies,Supplies,"Acme Shears, Steel"
FUR-FU-10000488,Furniture,Furnishings,"Rubbermaid Light Bulb, Erganomic"
OFF-AP-10000415,Office Supplies,Appliances,"KitchenAid Toaster, Red"
OFF-PA-10001685,Office Supplies,Paper,Staples
OFF-SU-10004115,Office Supplies,Supplies,Acme Stainless Steel Office Snips
FUR-CH-10004783,Furniture,Chairs,"Novimex Chairmat, Red"
TEC-PH-10002456,Technology,Phones,"Cisco Speaker Phone, Cordless"
FUR-FU-10004963,Furniture,Furnishings,"Eldon 400 Class Desk Accessories, Black Carbon"
OFF-ROG-10003993,Office Supplies,Storage,"Rogers File Cart, Single Width"
OFF-SU-10002214,Office Supplies,Supplies,"Stiletto Box Cutter, Serrated"
OFF-AP-10003590,Office Supplies,Appliances,"KitchenAid Refrigerator, Black"
OFF-FA-10002360,Office Supplies,Fasteners,"Advantus Staples, Bulk Pack"
OFF-SU-10000066,Office Supplies,Supplies,"Acme Box Cutter, Serrated"
OFF-EN-10003715,Office Supplies,Envelopes,"Kraft Manila Envelope, Set of 50"
OFF-SME-10001853,Office Supplies,Storage,"Smead Folders, Blue"
OFF-AP-10000326,Office Supplies,Appliances,Belkin 7 Outlet SurgeMaster Surge Protector with Phone Protection
TEC-AC-10003690,Technology,Accessories,"Logitech Numeric Keypad, USB"
OFF-AR-10004651,Office Supplies,Art,"Boston Pens, Fluorescent"
FUR-BO-10000195,Furniture,Bookcases,"Dania Stackable Bookrack, Pine"
FUR-BO-10001370,Furniture,Bookcases,"Sauder Classic Bookcase, Mobile"
TEC-AC-10001491,Technology,Accessories,"Enermax Flash Drive, Bluetooth"
OFF-FA-10002895,Office Supplies,Fasteners,"Advantus Rubber Bands, Bulk Pack"
OFF-AVE-10004536,Office Supplies,Labels,"Avery Shipping Labels, 5000 Label Set"
OFF-AP-10003491,Office Supplies,Appliances,"Hoover Coffee Grinder, Silver"
OFF-HAR-10001262,Office Supplies,Labels,"Harbour Creations Removable Labels, Adjustable"
OFF-FEL-10004224,Office Supplies,Storage,"Fellowes Trays, Wire Frame"
FUR-BO-10000155,Furniture,Bookcases,"Dania Corner Shelving, Metal"
OFF-AP-10000179,Office Supplies,Appliances,Honeywell Enviracaire Portable HEPA Air Cleaner for up to 10 x 16 Room
OFF-EN-10001680,Office Supplies,Envelopes,"Jiffy Clasp Envelope, with clear poly window"
OFF-AR-10004360,Office Supplies,Art,"Boston Pens, Fluorescent"
TEC-MA-10003816,Technology,Machines,"Epson Calculator, White"
TEC-CO-10000967,Technology,Copiers,"HP Fax Machine, Laser"
OFF-FA-10001339,Office Supplies,Fasteners,"Accos Thumb Tacks, Bulk Pack"
FUR-TA-10004054,Furniture,Tables,"Lesro Conference Table, with Bottom Storage"
TEC-AC-10003533,Technology,Accessories,"SanDisk Mouse, Bluetooth"
OFF-BI-10001507,Office Supplies,Binders,"Ibico Binder, Durable"
OFF-SU-10001021,Office Supplies,Supplies,"Fiskars Box Cutter, Serrated"
OFF-ST-10003324,Office Supplies,Storage,Belkin OmniView SE Rackmount Kit
OFF-EN-10000543,Office Supplies,Envelopes,"Ames Clasp Envelope, Security-Tint"
OFF-PA-10000533,Office Supplies,Paper,Southworth Parchment Paper & Envelopes
FUR-TA-10002860,Furniture,Tables,"Hon Training Table, with Bottom Storage"
OFF-ST-10002618,Office Supplies,Storage,"Tenex Folders, Blue"
OFF-AR-10003602,Office Supplies,Art,"Quartet Omega Colored Chalk, 12/Pack"
TEC-AC-10000575,Technology,Accessories,"Logitech Keyboard, Programmable"
OFF-SME-10001149,Office Supplies,Storage,"Smead Folders, Single Width"
FUR-FU-10004283,Furniture,Furnishings,"Tenex Door Stop, Duo Pack"
OFF-HOO-10001881,Office Supplies,Appliances,"Hoover Stove, White"
OFF-ST-10002561,Office Supplies,Storage,"Rogers File Cart, Blue"
OFF-AP-10000825,Office Supplies,Appliances,"KitchenAid Coffee Grinder, White"
OFF-FA-10002983,Office Supplies,Fasteners,Advantus SlideClip Paper Clips
OFF-PA-10003796,Office Supplies,Paper,"Eaton Parchment Paper, 8.5 x 11"
OFF-HAM-10004122,Office Supplies,Appliances,"Hamilton Beach Microwave, Silver"
OFF-LA-10003717,Office Supplies,Labels,"Harbour Creations Legal Exhibit Labels, 5000 Label Set"
OFF-ST-10001358,Office Supplies,Storage,"Rogers Folders, Wire Frame"
OFF-PA-10003845,Office Supplies,Paper,Xerox 1987
OFF-PA-10000740,Office Supplies,Paper,Xerox 1982
OFF-SME-10002417,Office Supplies,Storage,"Smead Trays, Single Width"
OFF-EN-10000863,Office Supplies,Envelopes,"Ames Business Envelopes, Set of 50"
TEC-PH-10002572,Technology,Phones,"Nokia Audio Dock, Cordless"
OFF-FA-10001843,Office Supplies,Fasteners,Staples
OFF-EN-10000358,Office Supplies,Envelopes,"Cameo Business Envelopes, Recycled"
FUR-CH-10000068,Furniture,Chairs,"SAFCO Rocking Chair, Black"
FUR-CH-10001374,Furniture,Chairs,"Novimex Steel Folding Chair, Black"
OFF-GLO-10003639,Office Supplies,Envelopes,"GlobeWeis Interoffice Envelope, Security-Tint"
TEC-CO-10003931,Technology,Copiers,"Hewlett Fax Machine, High-Speed"
FUR-CH-10001795,Furniture,Chairs,"SAFCO Steel Folding Chair, Red"
OFF-AR-10002109,Office Supplies,Art,"Binney & Smith Sketch Pad, Fluorescent"
FUR-ADV-10000108,Furniture,Furnishings,"Advantus Clock, Erganomic"
OFF-LA-10000553,Office Supplies,Labels,"Hon Round Labels, Laser Printer Compatible"
FUR-CH-10004792,Furniture,Chairs,"SAFCO Swivel Stool, Set of Two"
OFF-EN-10000699,Office Supplies,Envelopes,"Cameo Interoffice Envelope, Set of 50"
FUR-BO-10004238,Furniture,Bookcases,"Ikea Corner Shelving, Pine"
OFF-AR-10001022,Office Supplies,Art,SANFORD Liquid Accent Tank-Style Highlighters
OFF-AR-10003758,Office Supplies,Art,"Binney & Smith Canvas, Water Color"
OFF-ADV-10004030,Office Supplies,Fasteners,"Advantus Push Pins, Metal"
FUR-FU-10001986,Furniture,Furnishings,"Dana Fluorescent Magnifying Lamp, White, 36"""
TEC-PH-10003935,Technology,Phones,"Cisco Speaker Phone, Full Size"
OFF-FA-10003499,Office Supplies,Fasteners,"Stockwell Paper Clips, Bulk Pack"
TEC-APP-10004469,Technology,Phones,"Apple Signal Booster, Cordless"
OFF-AP-10004646,Office Supplies,Appliances,"Hoover Refrigerator, Black"
TEC-MA-10002981,Technology,Machines,I.R.I.S IRISCard Anywhere 5 Card Scanner
OFF-FA-10004910,Office Supplies,Fasteners,"Advantus Staples, Assorted Sizes"
OFF-BI-10000925,Office Supplies,Binders,"Avery Hole Reinforcements, Economy"
FUR-ELD-10000038,Furniture,Furnishings,"Eldon Photo Frame, Erganomic"
OFF-PA-10001685,Office Supplies,Paper,"Eaton Parchment Paper, Recycled"
TEC-PH-10004100,Technology,Phones,Griffin GC17055 Auxiliary Audio Cable
OFF-AP-10003354,Office Supplies,Appliances,"KitchenAid Microwave, White"
OFF-AR-10002656,Office Supplies,Art,Sanford Liquid Accent Highlighters
FUR-FU-10003384,Furniture,Furnishings,"Advantus Photo Frame, Duo Pack"
TEC-CO-10002857,Technology,Copiers,"Sharp Fax and Copier, Color"
OFF-BI-10000620,Office Supplies,Binders,"Wilson Jones Index Tab, Economy"
TEC-PH-10001819,Technology,Phones,Innergie mMini Combo Duo USB Travel Charging Kit
FUR-FU-10004960,Furniture,Furnishings,"Deflect-O Photo Frame, Durable"
OFF-AP-10004031,Office Supplies,Appliances,"Hamilton Beach Microwave, White"
OFF-PA-10000644,Office Supplies,Paper,"Green Bar Cards & Envelopes, Recycled"
OFF-BI-10003064,Office Supplies,Binders,"Cardinal 3-Hole Punch, Clear"
TEC-HP -10002221,Technology,Copiers,"HP Ink, High-Speed"
OFF-FA-10004606,Office Supplies,Fasteners,"Stockwell Staples, 12 Pack"
TEC-AC-10001445,Technology,Accessories,Imation USB 2.0 Swivel Flash Drive USB flash drive - 4 GB - Pink
OFF-FA-10001596,Office Supplies,Fasteners,"Stockwell Clamps, 12 Pack"
OFF-EN-10003817,Office Supplies,Envelopes,"Jiffy Business Envelopes, Security-Tint"
OFF-EN-10002556,Office Supplies,Envelopes,"Ames Business Envelopes, Recycled"
OFF-FA-10003782,Office Supplies,Fasteners,"Advantus Paper Clips, Bulk Pack"
TEC-PH-10002353,Technology,Phones,"Samsung Signal Booster, Full Size"
OFF-AP-10003007,Office Supplies,Appliances,"Breville Toaster, Red"
OFF-LA-10001294,Office Supplies,Labels,"Avery Shipping Labels, Adjustable"
FUR-FU-10004158,Furniture,Furnishings,"Deflect-O Frame, Black"
FUR-TA-10000226,Furniture,Tables,"Chromcraft Conference Table, with Bottom Storage"
OFF-LA-10003376,Office Supplies,Labels,"Hon Shipping Labels, Adjustable"
OFF-ELD-10003918,Office Supplies,Storage,"Eldon Folders, Wire Frame"
OFF-ST-10002070,Office Supplies,Storage,"Tenex Trays, Wire Frame"
FUR-BO-10001318,Furniture,Bookcases,"Safco Library with Doors, Mobile"
FUR-BO-10003779,Furniture,Bookcases,"Ikea Library with Doors, Traditional"
OFF-PA-10004327,Office Supplies,Paper,Xerox 1911
TEC-CO-10002467,Technology,Copiers,"Sharp Personal Copier, Laser"
FUR-FU-10004998,Furniture,Furnishings,"Eldon Stacking Tray, Erganomic"
OFF-ELD-10002207,Office Supplies,Storage,"Eldon Folders, Single Width"
TEC-PH-10000070,Technology,Phones,"Nokia Headset, with Caller ID"
TEC-PH-10002597,Technology,Phones,"Apple Signal Booster, with Caller ID"
TEC-AC-10004054,Technology,Accessories,"Memorex Memory Card, Erganomic"
OFF-HON-10000934,Office Supplies,Labels,"Hon Legal Exhibit Labels, Laser Printer Compatible"
TEC-SAN-10002477,Technology,Accessories,"SanDisk Flash Drive, Bluetooth"
FUR-CH-10000423,Furniture,Chairs,"Hon Chairmat, Set of Two"
TEC-PH-10000780,Technology,Phones,"Cisco Smart Phone, with Caller ID"
TEC-ENE-10004627,Technology,Accessories,"Enermax Router, Erganomic"
TEC-AC-10003052,Technology,Accessories,"SanDisk Mouse, Programmable"
OFF-ST-10003996,Office Supplies,Storage,"Letter/Legal File Tote with Clear Snap-On Lid, Black Granite"
FUR-HON-10002941,Furniture,Chairs,"Hon Swivel Stool, Set of Two"
FUR-LES-10004098,Furniture,Tables,"Lesro Round Table, Rectangular"
OFF-EN-10001528,Office Supplies,Envelopes,"Kraft Business Envelopes, Recycled"
OFF-BIN-10001715,Office Supplies,Art,"Binney & Smith Canvas, Easy-Erase"
FUR-IKE-10000649,Furniture,Bookcases,"Ikea Library with Doors, Pine"
OFF-FA-10002353,Office Supplies,Fasteners,"Accos Paper Clips, Metal"
TEC-HP -10003345,Technology,Copiers,"HP Fax and Copier, High-Speed"
OFF-AP-10003800,Office Supplies,Appliances,"Cuisinart Coffee Grinder, White"
FUR-BO-10004670,Furniture,Bookcases,"Dania Library with Doors, Mobile"
OFF-EN-10002002,Office Supplies,Envelopes,"Cameo Peel and Seal, Security-Tint"
OFF-LA-10000880,Office Supplies,Labels,"Novimex Removable Labels, 5000 Label Set"
OFF-PA-10003333,Office Supplies,Paper,"Eaton Note Cards, 8.5 x 11"
TEC-MA-10000982,Technology,Machines,"Konica Inkjet, Wireless"
FUR-FU-10003651,Furniture,Furnishings,"Deflect-O Stacking Tray, Erganomic"
TEC-SAN-10002954,Technology,Accessories,"SanDisk Memory Card, Programmable"
FUR-CH-10001895,Furniture,Chairs,"Hon Chairmat, Adjustable"
OFF-LA-10000407,Office Supplies,Labels,Avery White Multi-Purpose Labels
TEC-CO-10003523,Technology,Copiers,"Brother Wireless Fax, High-Speed"
TEC-AC-10002219,Technology,Accessories,"SanDisk Memory Card, Programmable"
OFF-ST-10004293,Office Supplies,Storage,"Rogers Shelving, Industrial"
OFF-BI-10000050,Office Supplies,Binders,"Angle-D Binders with Locking Rings, Label Holders"
OFF-AR-10002096,Office Supplies,Art,"Binney & Smith Markers, Fluorescent"
TEC-AC-10001243,Technology,Accessories,"Enermax Mouse, Bluetooth"
TEC-AC-10000264,Technology,Accessories,"Memorex Memory Card, Erganomic"
TEC-MA-10003154,Technology,Machines,"Panasonic Printer, Red"
OFF-BI-10002885,Office Supplies,Binders,"Avery Hole Reinforcements, Recycled"
OFF-SAN-10001094,Office Supplies,Paper,"SanDisk Memo Slips, 8.5 x 11"
TEC-PH-10001433,Technology,Phones,Cisco Small Business SPA 502G VoIP phone
FUR-BAR-10002710,Furniture,Tables,"Barricks Coffee Table, Adjustable Height"
FUR-FU-10001746,Furniture,Furnishings,"Advantus Stacking Tray, Durable"
FUR-TA-10001520,Furniture,Tables,"Lesro Sheffield Collection Coffee Table, End Table, Center Table, Corner Table"
FUR-FU-10002004,Furniture,Furnishings,"Tenex Stacking Tray, Durable"
OFF-AR-10004456,Office Supplies,Art,Panasonic KP-4ABK Battery-Operated Pencil Sharpener
TEC-CO-10000407,Technology,Copiers,"HP Copy Machine, Color"
FUR-CH-10000105,Furniture,Chairs,"Hon Steel Folding Chair, Set of Two"
OFF-AR-10000711,Office Supplies,Art,"BIC Pens, Easy-Erase"
OFF-BI-10000756,Office Supplies,Binders,Storex DuraTech Recycled Plastic Frosted Binders
OFF-ACM-10003591,Office Supplies,Supplies,"Acme Trimmer, Steel"
OFF-LA-10001669,Office Supplies,Labels,"Smead Color Coded Labels, Adjustable"
OFF-AP-10002892,Office Supplies,Appliances,Belkin F5C206VTEL 6 Outlet Surge
FUR-FU-10001410,Furniture,Furnishings,"Tenex Clock, Durable"
FUR-LES-10002616,Furniture,Tables,"Lesro Conference Table, with Bottom Storage"
OFF-AP-10004191,Office Supplies,Appliances,"Cuisinart Refrigerator, Silver"
TEC-PH-10002275,Technology,Phones,Mitel 5320 IP Phone VoIP phone
OFF-BI-10004628,Office Supplies,Binders,"Cardinal Binder, Durable"
TEC-PH-10003011,Technology,Phones,"Cisco Audio Dock, Full Size"
OFF-PA-10002842,Office Supplies,Paper,"Eaton Parchment Paper, Recycled"
OFF-BI-10002412,Office Supplies,Binders,Wilson Jones “Snap” Scratch Pad Binder Tool for Ring Binders
FUR-CH-10000685,Furniture,Chairs,"Hon Executive Leather Armchair, Black"
OFF-AP-10001723,Office Supplies,Appliances,"Hoover Blender, Black"
OFF-LA-10002744,Office Supplies,Labels,"Novimex File Folder Labels, Adjustable"
FUR-BO-10000892,Furniture,Bookcases,"Bush Corner Shelving, Mobile"
OFF-LA-10004744,Office Supplies,Labels,"Smead Shipping Labels, Alphabetical"
TEC-MA-10003885,Technology,Machines,"Okidata Calculator, Wireless"
TEC-CO-10001501,Technology,Copiers,"Canon Fax and Copier, Laser"
OFF-FA-10004931,Office Supplies,Fasteners,"OIC Clamps, Bulk Pack"
OFF-FA-10000134,Office Supplies,Fasteners,"Stockwell Push Pins, Assorted Sizes"
OFF-AR-10003962,Office Supplies,Art,"Binney & Smith Highlighters, Water Color"
OFF-AVE-10000357,Office Supplies,Binders,"Avery Binder Covers, Clear"
OFF-AP-10000977,Office Supplies,Appliances,"Cuisinart Toaster, Red"
FUR-TA-10003354,Furniture,Tables,"Barricks Conference Table, Adjustable Height"
OFF-PA-10002218,Office Supplies,Paper,"Enermax Note Cards, Multicolor"
FUR-CH-10003054,Furniture,Chairs,"Novimex Executive Leather Armchair, Adjustable"
OFF-AP-10000692,Office Supplies,Appliances,Fellowes Mighty 8 Compact Surge Protector
TEC-PH-10003988,Technology,Phones,"LF Elite 3D Dazzle Designer Hard Case Cover, Lf Stylus Pen and Wiper For Apple Iphone 5c Mini Lite"
OFF-ACC-10000307,Office Supplies,Binders,"Acco Index Tab, Clear"
OFF-FA-10000805,Office Supplies,Fasteners,"Accos Staples, 12 Pack"
TEC-APP-10001586,Technology,Phones,"Apple Speaker Phone, VoIP"
FUR-SAU-10001776,Furniture,Bookcases,"Sauder Stackable Bookrack, Pine"
TEC-MA-10004896,Technology,Machines,"StarTech Phone, White"
OFF-PA-10000081,Office Supplies,Paper,"SanDisk Computer Printout Paper, Premium"
FUR-CH-10002226,Furniture,Chairs,"Hon Steel Folding Chair, Black"
OFF-AP-10000615,Office Supplies,Appliances,"KitchenAid Toaster, Silver"
OFF-PA-10004589,Office Supplies,Paper,"Green Bar Computer Printout Paper, Multicolor"
FUR-BO-10000468,Furniture,Bookcases,O'Sullivan 2-Shelf Heavy-Duty Bookcases
OFF-LA-10001701,Office Supplies,Labels,"Novimex File Folder Labels, Adjustable"
TEC-CO-10001831,Technology,Copiers,"Sharp Personal Copier, Laser"
OFF-PA-10003664,Office Supplies,Paper,"Enermax Computer Printout Paper, Premium"
OFF-LA-10000950,Office Supplies,Labels,"Avery Color Coded Labels, 5000 Label Set"
TEC-AC-10002637,Technology,Accessories,Logitech VX Revolution Cordless Laser Mouse for Notebooks (Black)
OFF-EN-10002849,Office Supplies,Envelopes,"Kraft Interoffice Envelope, with clear poly window"
TEC-CO-10001952,Technology,Copiers,"Hewlett Personal Copier, Digital"
OFF-PA-10001801,Office Supplies,Paper,"Xerox Memo Slips, Premium"
OFF-PA-10000994,Office Supplies,Paper,"Enermax Message Books, 8.5 x 11"
TEC-AC-10000335,Technology,Accessories,"Belkin Router, Programmable"
FUR-FU-10001583,Furniture,Furnishings,"Deflect-O Light Bulb, Black"
OFF-FA-10002676,Office Supplies,Fasteners,Colored Push Pins
FUR-FU-10003512,Furniture,Furnishings,"Eldon Stacking Tray, Erganomic"
OFF-EN-10002263,Office Supplies,Envelopes,"GlobeWeis Interoffice Envelope, with clear poly window"
FUR-TA-10000671,Furniture,Tables,"Barricks Conference Table, with Bottom Storage"
TEC-CO-10001596,Technology,Copiers,"Brother Wireless Fax, Color"
FUR-SAF-10001322,Furniture,Bookcases,"Safco Stackable Bookrack, Traditional"
OFF-LA-10002681,Office Supplies,Labels,"Smead Round Labels, Laser Printer Compatible"
OFF-ST-10001073,Office Supplies,Storage,"Eldon File Cart, Single Width"
FUR-CH-10001382,Furniture,Chairs,"Office Star Chairmat, Red"
TEC-AC-10001636,Technology,Accessories,"Belkin Mouse, Erganomic"
FUR-CH-10002335,Furniture,Chairs,Hon GuestStacker Chair
OFF-PA-10000418,Office Supplies,Paper,Xerox 189
TEC-MA-10000433,Technology,Machines,"Epson Inkjet, Durable"
OFF-EN-10002896,Office Supplies,Envelopes,"Jiffy Business Envelopes, Set of 50"
OFF-PA-10002968,Office Supplies,Paper,Xerox 1973
FUR-TA-10004383,Furniture,Tables,"Bevis Coffee Table, Adjustable Height"
TEC-PH-10001084,Technology,Phones,"Nokia Office Telephone, VoIP"
FUR-BO-10000895,Furniture,Bookcases,"Sauder Corner Shelving, Metal"
TEC-MA-10001881,Technology,Machines,"Konica Card Printer, Red"
OFF-EN-10003448,Office Supplies,Envelopes,"Peel & Seel Recycled Catalog Envelopes, Brown"
OFF-EN-10001315,Office Supplies,Envelopes,"Jiffy Manila Envelope, Security-Tint"
OFF-EN-10001443,Office Supplies,Envelopes,"Jiffy Business Envelopes, Recycled"
TEC-CO-10004664,Technology,Copiers,"Hewlett Personal Copier, Color"
OFF-FA-10003962,Office Supplies,Fasteners,"Accos Thumb Tacks, Assorted Sizes"
OFF-FA-10004494,Office Supplies,Fasteners,"Stockwell Push Pins, Metal"
OFF-FA-10003531,Office Supplies,Fasteners,"Accos Thumb Tacks, Bulk Pack"
OFF-LA-10001312,Office Supplies,Labels,"Hon File Folder Labels, Laser Printer Compatible"
OFF-AP-10004980,Office Supplies,Appliances,"3M Replacement Filter for Office Air Cleaner for 20' x 33' Room"
OFF-AR-10004582,Office Supplies,Art,BIC Brite Liner Grip Highlighters
OFF-AR-10002331,Office Supplies,Art,"Binney & Smith Canvas, Blue"
OFF-AR-10000980,Office Supplies,Art,"Sanford Pencil Sharpener, Water Color"
OFF-BI-10003012,Office Supplies,Binders,"Wilson Jones Hole Reinforcements, Economy"
OFF-SU-10001770,Office Supplies,Supplies,"Acme Scissors, Easy Grip"
TEC-PH-10002292,Technology,Phones,"Cisco Signal Booster, Full Size"
OFF-ELI-10002337,Office Supplies,Supplies,"Elite Box Cutter, High Speed"
FUR-ADV-10002329,Furniture,Furnishings,"Advantus Light Bulb, Erganomic"
FUR-TA-10004840,Furniture,Tables,"Hon Conference Table, Adjustable Height"
OFF-PA-10001653,Office Supplies,Paper,"Green Bar Memo Slips, Multicolor"
FUR-FU-10003370,Furniture,Furnishings,"Tenex Light Bulb, Durable"
OFF-BI-10002734,Office Supplies,Binders,"Wilson Jones Binder Covers, Clear"
FUR-FU-10003862,Furniture,Furnishings,"Advantus Photo Frame, Black"
TEC-MA-10002918,Technology,Machines,"StarTech Card Printer, White"
OFF-EN-10002600,Office Supplies,Envelopes,"Redi-Strip #10 Envelopes, 4 1/8 x 9 1/2"
OFF-FA-10004659,Office Supplies,Fasteners,"Stockwell Thumb Tacks, 12 Pack"
FUR-BO-10001519,Furniture,Bookcases,O'Sullivan 3-Shelf Heavy-Duty Bookcases
OFF-HOO-10001248,Office Supplies,Appliances,"Hoover Coffee Grinder, Silver"
TEC-SAN-10000260,Technology,Accessories,"SanDisk Keyboard, Programmable"
FUR-FU-10001475,Furniture,Furnishings,"Contract Clock, 14"", Brown"
TEC-MA-10000354,Technology,Machines,"StarTech Calculator, Wireless"
TEC-AC-10001660,Technology,Accessories,"Enermax Flash Drive, USB"
TEC-MA-10004609,Technology,Machines,"Epson Phone, Durable"
OFF-AR-10002486,Office Supplies,Art,"Sanford Pencil Sharpener, Water Color"
OFF-ST-10001172,Office Supplies,Storage,"Fellowes Trays, Wire Frame"
OFF-FA-10001272,Office Supplies,Fasteners,"OIC Thumb Tacks, Assorted Sizes"
OFF-PA-10004519,Office Supplies,Paper,Spiral Phone Message Books with Labels by Adams
TEC-MA-10003558,Technology,Machines,"Panasonic Calculator, Durable"
OFF-EN-10001029,Office Supplies,Envelopes,"Cameo Business Envelopes, Recycled"
TEC-AC-10000170,Technology,Accessories,"Memorex Keyboard, Programmable"
OFF-PA-10003774,Office Supplies,Paper,"Enermax Computer Printout Paper, Recycled"
OFF-KLE-10004543,Office Supplies,Supplies,"Kleencut Ruler, High Speed"
FUR-FU-10001765,Furniture,Furnishings,"Eldon Clock, Durable"
TEC-AC-10000140,Technology,Accessories,"Enermax Numeric Keypad, Bluetooth"
FUR-HAR-10002546,Furniture,Chairs,"Harbour Creations Chairmat, Black"
TEC-AC-10001566,Technology,Accessories,"Logitech Router, Erganomic"
TEC-CO-10003924,Technology,Copiers,"Hewlett Fax Machine, Digital"
FUR-TA-10002527,Furniture,Tables,"Barricks Round Table, Fully Assembled"
TEC-CO-10002567,Technology,Copiers,"Hewlett Fax and Copier, Laser"
FUR-TA-10001276,Furniture,Tables,"Lesro Training Table, Fully Assembled"
OFF-AR-10000249,Office Supplies,Art,"Sanford Highlighters, Fluorescent"
FUR-BO-10001155,Furniture,Bookcases,"Ikea 3-Shelf Cabinet, Metal"
OFF-EN-10004958,Office Supplies,Envelopes,"Cameo Manila Envelope, Security-Tint"
OFF-ST-10000718,Office Supplies,Storage,"Fellowes Folders, Single Width"
OFF-OIC-10001477,Office Supplies,Fasteners,"OIC Push Pins, Bulk Pack"
OFF-EN-10002700,Office Supplies,Envelopes,"Kraft Interoffice Envelope, with clear poly window"
FUR-CH-10002498,Furniture,Chairs,"Harbour Creations Steel Folding Chair, Red"
OFF-HOO-10000335,Office Supplies,Appliances,"Hoover Microwave, White"
OFF-HAR-10002083,Office Supplies,Labels,"Harbour Creations Round Labels, 5000 Label Set"
TEC-HP -10003559,Technology,Copiers,"HP Wireless Fax, Digital"
FUR-FU-10001246,Furniture,Furnishings,"Advantus Frame, Durable"
TEC-PH-10000019,Technology,Phones,"Motorola Audio Dock, Full Size"
OFF-AR-10000066,Office Supplies,Art,"Sanford Pens, Blue"
FUR-BO-10002318,Furniture,Bookcases,"Dania Classic Bookcase, Mobile"
TEC-PH-10003916,Technology,Phones,"Motorola Office Telephone, with Caller ID"
OFF-FEL-10001865,Office Supplies,Storage,"Fellowes File Cart, Wire Frame"
TEC-MA-10003626,Technology,Machines,Hewlett-Packard Deskjet 6540 Color Inkjet Printer
FUR-SAU-10004053,Furniture,Bookcases,"Sauder Floating Shelf Set, Mobile"
OFF-AR-10001232,Office Supplies,Art,"Sanford Canvas, Fluorescent"
OFF-ST-10000496,Office Supplies,Storage,"Tenex Folders, Wire Frame"
FUR-CH-10000892,Furniture,Chairs,"SAFCO Executive Leather Armchair, Red"
OFF-AR-10003369,Office Supplies,Art,"Stanley Canvas, Blue"
OFF-CUI-10001670,Office Supplies,Appliances,"Cuisinart Stove, White"
OFF-PA-10001686,Office Supplies,Paper,"SanDisk Memo Slips, Premium"
FUR-FU-10004797,Furniture,Furnishings,"Tenex Stacking Tray, Erganomic"
OFF-AP-10000486,Office Supplies,Appliances,"Cuisinart Stove, Silver"
TEC-CO-10003250,Technology,Copiers,"Brother Personal Copier, Digital"
FUR-HAR-10000100,Furniture,Chairs,"Harbour Creations Swivel Stool, Adjustable"
OFF-PA-10002473,Office Supplies,Paper,"SanDisk Note Cards, Multicolor"
TEC-PH-10002183,Technology,Phones,"Apple Audio Dock, with Caller ID"
OFF-EN-10003832,Office Supplies,Envelopes,"Ames Business Envelopes, Set of 50"
OFF-AR-10003514,Office Supplies,Art,"4009 Highlighters by Sanford"
TEC-MOT-10002372,Technology,Phones,"Motorola Speaker Phone, Full Size"
FUR-FU-10002671,Furniture,Furnishings,Electrix 20W Halogen Replacement Bulb for Zoom-In Desk Lamp
OFF-PA-10000312,Office Supplies,Paper,Xerox 1955
TEC-MA-10003471,Technology,Machines,"StarTech Phone, Wireless"
OFF-PA-10004380,Office Supplies,Paper,"SanDisk Memo Slips, Multicolor"
OFF-PA-10001144,Office Supplies,Paper,Xerox 1913
OFF-BI-10003309,Office Supplies,Binders,"Wilson Jones Binder Covers, Clear"
OFF-BOS-10002073,Office Supplies,Art,"Boston Canvas, Water Color"
TEC-AC-10001355,Technology,Accessories,"Memorex Router, Programmable"
OFF-ENE-10003409,Office Supplies,Paper,"Enermax Memo Slips, Recycled"
TEC-MEM-10001436,Technology,Accessories,"Memorex Memory Card, USB"
OFF-SU-10004524,Office Supplies,Supplies,"Kleencut Box Cutter, High Speed"
FUR-TA-10002966,Furniture,Tables,"Chromcraft Computer Table, Fully Assembled"
FUR-BO-10002964,Furniture,Bookcases,"Dania Floating Shelf Set, Pine"
OFF-AP-10001504,Office Supplies,Appliances,"Cuisinart Blender, Black"
OFF-BI-10002982,Office Supplies,Binders,Avery Self-Adhesive Photo Pockets for Polaroid Photos
TEC-MA-10001447,Technology,Machines,"Konica Phone, Red"
TEC-CO-10000565,Technology,Copiers,"Canon Fax and Copier, Color"
FUR-TA-10002256,Furniture,Tables,"Hon Wood Table, Fully Assembled"
FUR-IKE-10002147,Furniture,Bookcases,"Ikea Classic Bookcase, Metal"
TEC-PH-10000169,Technology,Phones,ARKON Windshield Dashboard Air Vent Car Mount Holder
TEC-MA-10003674,Technology,Machines,Hewlett-Packard Deskjet 5550 Printer
TEC-PH-10004536,Technology,Phones,Avaya 5420 Digital phone
OFF-KLE-10004112,Office Supplies,Supplies,"Kleencut Trimmer, Serrated"
TEC-AC-10004127,Technology,Accessories,SanDisk Cruzer 8 GB USB Flash Drive
OFF-ADV-10000331,Office Supplies,Fasteners,"Advantus Paper Clips, Assorted Sizes"
TEC-PH-10002780,Technology,Phones,"Motorola Smart Phone, Cordless"
TEC-PH-10001944,Technology,Phones,Wi-Ex zBoost YX540 Cellular Phone Signal Booster
FUR-TA-10001889,Furniture,Tables,"Bevis Conference Table, Fully Assembled"
FUR-CH-10000225,Furniture,Chairs,"Global Geo Office Task Chair, Gray"
OFF-FA-10003004,Office Supplies,Fasteners,"Advantus Push Pins, Metal"
FUR-DAN-10004625,Furniture,Bookcases,"Dania Stackable Bookrack, Mobile"
OFF-SU-10003046,Office Supplies,Supplies,"Elite Letter Opener, Steel"
TEC-MA-10002864,Technology,Machines,"Okidata Calculator, White"
FUR-BO-10002202,Furniture,Bookcases,"Atlantic Metals Mobile 2-Shelf Bookcases, Custom Colors"
FUR-FU-10002784,Furniture,Furnishings,"Advantus Photo Frame, Duo Pack"
OFF-FA-10001427,Office Supplies,Fasteners,"Stockwell Paper Clips, Bulk Pack"
TEC-PH-10002170,Technology,Phones,ClearSounds CSC500 Amplified Spirit Phone Corded phone
OFF-AR-10000914,Office Supplies,Art,Boston 16765 Mini Stand Up Battery Pencil Sharpener
FUR-BUS-10003708,Furniture,Bookcases,"Bush Stackable Bookrack, Traditional"
OFF-ST-10001576,Office Supplies,Storage,"Tenex Folders, Blue"
FUR-TEN-10000558,Furniture,Furnishings,"Tenex Frame, Erganomic"
OFF-AR-10003247,Office Supplies,Art,"Boston Highlighters, Water Color"
OFF-ST-10002706,Office Supplies,Storage,"Fellowes File Cart, Wire Frame"
FUR-TEN-10004388,Furniture,Furnishings,"Tenex Door Stop, Black"
TEC-MA-10002998,Technology,Machines,"Okidata Receipt Printer, Durable"
OFF-BI-10003417,Office Supplies,Binders,"Ibico Hole Reinforcements, Economy"
OFF-SU-10001980,Office Supplies,Supplies,"Acme Letter Opener, High Speed"
OFF-BIC-10003680,Office Supplies,Art,"BIC Highlighters, Blue"
OFF-BI-10002919,Office Supplies,Binders,"Acco Binder Covers, Durable"
OFF-EN-10004453,Office Supplies,Envelopes,"Kraft Interoffice Envelope, Security-Tint"
TEC-CAN-10001789,Technology,Copiers,"Canon Copy Machine, Digital"
FUR-BO-10003543,Furniture,Bookcases,"Safco Floating Shelf Set, Mobile"
OFF-LA-10004756,Office Supplies,Labels,"Avery Removable Labels, Laser Printer Compatible"
OFF-EN-10002104,Office Supplies,Envelopes,"Cameo Mailers, with clear poly window"
OFF-PA-10002464,Office Supplies,Paper,HP Office Recycled Paper (20Lb. and 87 Bright)
TEC-MA-10003493,Technology,Machines,Penpower WorldCard Pro Card Scanner
FUR-FU-10000567,Furniture,Furnishings,"Rubbermaid Light Bulb, Erganomic"
FUR-CH-10001204,Furniture,Chairs,"Harbour Creations Steel Folding Chair, Red"
OFF-PA-10003455,Office Supplies,Paper,"Green Bar Memo Slips, Recycled"
FUR-BO-10002598,Furniture,Bookcases,"Hon Metal Bookcases, Putty"
FUR-TA-10001494,Furniture,Tables,"Lesro Wood Table, Adjustable Height"
OFF-FIS-10002949,Office Supplies,Supplies,"Fiskars Ruler, High Speed"
TEC-CO-10001093,Technology,Copiers,"HP Personal Copier, Digital"
OFF-GRE-10002109,Office Supplies,Paper,"Green Bar Note Cards, Multicolor"
FUR-TA-10003497,Furniture,Tables,"Bevis Training Table, Adjustable Height"
OFF-ST-10003319,Office Supplies,Storage,"Rogers Box, Wire Frame"
TEC-PH-10003353,Technology,Phones,"Motorola Office Telephone, Cordless"
TEC-ENE-10004728,Technology,Accessories,"Enermax Keyboard, Erganomic"
OFF-EN-10000947,Office Supplies,Envelopes,"GlobeWeis Mailers, Security-Tint"
OFF-ST-10001638,Office Supplies,Storage,"Tenex File Cart, Single Width"
OFF-AP-10000729,Office Supplies,Appliances,"KitchenAid Refrigerator, White"
OFF-AR-10004132,Office Supplies,Art,"Boston Pens, Blue"
OFF-LA-10002875,Office Supplies,Labels,"Novimex Shipping Labels, Adjustable"
FUR-TA-10003078,Furniture,Tables,"Hon Training Table, Fully Assembled"
OFF-SU-10000320,Office Supplies,Supplies,"Fiskars Shears, High Speed"
FUR-FU-10001692,Furniture,Furnishings,"Deflect-O Clock, Durable"
OFF-BI-10002977,Office Supplies,Binders,"Wilson Jones Binder, Economy"
OFF-CUI-10000105,Office Supplies,Appliances,"Cuisinart Microwave, Black"
TEC-AC-10002380,Technology,Accessories,Sony 8GB Class 10 Micro SDHC R40 Memory Card
TEC-AC-10000487,Technology,Accessories,SanDisk Cruzer 4 GB USB Flash Drive
OFF-BI-10003323,Office Supplies,Binders,"Cardinal Hole Reinforcements, Clear"
FUR-ELD-10003802,Furniture,Furnishings,"Eldon Photo Frame, Durable"
OFF-AP-10000026,Office Supplies,Appliances,Tripp Lite Isotel 6 Outlet Surge Protector with Fax/Modem Protection
OFF-PA-10002022,Office Supplies,Paper,"Xerox Message Books, 8.5 x 11"
TEC-AC-10004252,Technology,Accessories,"SanDisk Mouse, Bluetooth"
FUR-CH-10001343,Furniture,Chairs,"SAFCO Swivel Stool, Set of Two"
OFF-BI-10001002,Office Supplies,Binders,"Avery Binder Covers, Recycled"
OFF-AP-10002361,Office Supplies,Appliances,"Hoover Microwave, Red"
OFF-PA-10000944,Office Supplies,Paper,"Enermax Computer Printout Paper, 8.5 x 11"
OFF-AR-10002805,Office Supplies,Art,"Boston Sketch Pad, Blue"
OFF-STO-10000683,Office Supplies,Fasteners,"Stockwell Thumb Tacks, Assorted Sizes"
FUR-TA-10004748,Furniture,Tables,"Bevis Coffee Table, Fully Assembled"
OFF-ST-10002074,Office Supplies,Storage,"Tenex Box, Blue"
OFF-SU-10001554,Office Supplies,Supplies,"Acme Trimmer, Serrated"
TEC-CAN-10002843,Technology,Copiers,"Canon Ink, Digital"
OFF-AP-10003849,Office Supplies,Appliances,Hoover Shoulder Vac Commercial Portable Vacuum
OFF-SU-10001337,Office Supplies,Supplies,"Fiskars Box Cutter, Easy Grip"
OFF-BI-10000813,Office Supplies,Binders,"Cardinal Binding Machine, Economy"
OFF-AR-10001029,Office Supplies,Art,"Stanley Sketch Pad, Water Color"
FUR-SAU-10003933,Furniture,Bookcases,"Sauder Classic Bookcase, Mobile"
TEC-BEL-10001689,Technology,Accessories,"Belkin Router, Programmable"
OFF-PA-10003228,Office Supplies,Paper,Xerox 1917
OFF-ELD-10003038,Office Supplies,Storage,"Eldon Shelving, Blue"
TEC-PH-10001457,Technology,Phones,"Apple Smart Phone, Full Size"
OFF-ST-10004350,Office Supplies,Storage,"Rogers Shelving, Blue"
TEC-SAN-10004721,Technology,Accessories,"SanDisk Numeric Keypad, Bluetooth"
OFF-BI-10001858,Office Supplies,Binders,"Ibico Binding Machine, Durable"
OFF-SU-10002301,Office Supplies,Supplies,Serrated Blade or Curved Handle Hand Letter Openers
OFF-LA-10003132,Office Supplies,Labels,"Hon File Folder Labels, Adjustable"
TEC-PH-10003430,Technology,Phones,"Cisco Speaker Phone, VoIP"
TEC-PH-10003927,Technology,Phones,"Cisco Signal Booster, Full Size"
OFF-EN-10002806,Office Supplies,Envelopes,"GlobeWeis Peel and Seal, Recycled"
OFF-LA-10000195,Office Supplies,Labels,"Novimex File Folder Labels, Laser Printer Compatible"
OFF-SAN-10002441,Office Supplies,Art,"Sanford Highlighters, Blue"
OFF-ST-10002028,Office Supplies,Storage,"Fellowes File Cart, Single Width"
FUR-FU-10002878,Furniture,Furnishings,"Seth Thomas 14"" Day/Date Wall Clock"
OFF-BOS-10003160,Office Supplies,Art,"Boston Markers, Water Color"
OFF-PA-10000420,Office Supplies,Paper,"Green Bar Cards & Envelopes, 8.5 x 11"
FUR-CH-10002816,Furniture,Chairs,"Harbour Creations Swivel Stool, Adjustable"
OFF-FA-10000263,Office Supplies,Fasteners,"Stockwell Thumb Tacks, Bulk Pack"
FUR-FU-10004091,Furniture,Furnishings,"Eldon 200 Class Desk Accessories, Black"
OFF-SAN-10000931,Office Supplies,Paper,"SanDisk Message Books, 8.5 x 11"
OFF-PA-10004241,Office Supplies,Paper,"SanDisk Memo Slips, Premium"
OFF-PA-10004016,Office Supplies,Paper,"SanDisk Memo Slips, Recycled"
FUR-CH-10004365,Furniture,Chairs,"Novimex Rocking Chair, Black"
OFF-LA-10002029,Office Supplies,Labels,"Hon Round Labels, 5000 Label Set"
TEC-CO-10002376,Technology,Copiers,"Hewlett Fax Machine, Laser"
FUR-BO-10003438,Furniture,Bookcases,"Dania Corner Shelving, Pine"
TEC-MA-10003332,Technology,Machines,"Panasonic Receipt Printer, Durable"
TEC-AC-10001251,Technology,Accessories,"Belkin Numeric Keypad, Erganomic"
OFF-LA-10000483,Office Supplies,Labels,"Harbour Creations Shipping Labels, Alphabetical"
TEC-CO-10000279,Technology,Copiers,"Hewlett Personal Copier, High-Speed"
TEC-AC-10000398,Technology,Accessories,"SanDisk Memory Card, Programmable"
TEC-AC-10004379,Technology,Accessories,"SanDisk Flash Drive, Programmable"
TEC-PH-10003891,Technology,Phones,"Cisco Audio Dock, with Caller ID"
OFF-BI-10002796,Office Supplies,Binders,"Wilson Jones Binder Covers, Durable"
OFF-PA-10001327,Office Supplies,Paper,"SanDisk Cards & Envelopes, Recycled"
OFF-LA-10001292,Office Supplies,Labels,"Smead File Folder Labels, Adjustable"
TEC-MA-10004125,Technology,Machines,Cubify CubeX 3D Printer Triple Head Print
TEC-PH-10001640,Technology,Phones,"Motorola Office Telephone, Full Size"
OFF-LA-10000633,Office Supplies,Labels,"Novimex File Folder Labels, Laser Printer Compatible"
OFF-LA-10002673,Office Supplies,Labels,"Harbour Creations Round Labels, Laser Printer Compatible"
FUR-BO-10002003,Furniture,Bookcases,"Sauder Classic Bookcase, Metal"
FUR-CH-10004790,Furniture,Chairs,"Office Star Bag Chairs, Black"
OFF-ST-10001963,Office Supplies,Storage,Tennsco Regal Shelving Units
OFF-SU-10000866,Office Supplies,Supplies,"Elite Trimmer, Serrated"
OFF-LA-10003955,Office Supplies,Labels,"Avery Shipping Labels, 5000 Label Set"
OFF-LA-10004093,Office Supplies,Labels,Avery 486
TEC-AC-10003681,Technology,Accessories,"SanDisk Mouse, Erganomic"
TEC-LOG-10002431,Technology,Accessories,"Logitech Numeric Keypad, Bluetooth"
OFF-AP-10003912,Office Supplies,Appliances,"Hoover Blender, Silver"
FUR-IKE-10004853,Furniture,Bookcases,"Ikea Corner Shelving, Mobile"
TEC-HP -10001905,Technology,Copiers,"HP Personal Copier, Laser"
OFF-ST-10002486,Office Supplies,Storage,Eldon Shelf Savers Cubes and Bins
OFF-ST-10000736,Office Supplies,Storage,Carina Double Wide Media Storage Towers in Natural & Black
TEC-ENE-10000690,Technology,Accessories,"Enermax Keyboard, USB"
OFF-SU-10004782,Office Supplies,Supplies,"Elite 5"" Scissors"
TEC-CO-10002271,Technology,Copiers,"Sharp Fax Machine, Laser"
FUR-BO-10000184,Furniture,Bookcases,"Sauder Floating Shelf Set, Mobile"
TEC-PH-10003239,Technology,Phones,"Samsung Signal Booster, with Caller ID"
OFF-SU-10003834,Office Supplies,Supplies,"Stiletto Shears, High Speed"
OFF-AP-10001130,Office Supplies,Appliances,"Breville Toaster, Black"
TEC-PH-10000494,Technology,Phones,"Apple Speaker Phone, Cordless"
FUR-BEV-10001853,Furniture,Tables,"Bevis Computer Table, Adjustable Height"
FUR-CH-10000117,Furniture,Chairs,"Novimex Steel Folding Chair, Black"
TEC-SAN-10002871,Technology,Accessories,"SanDisk Numeric Keypad, USB"
FUR-CH-10003499,Furniture,Chairs,"SAFCO Swivel Stool, Red"
TEC-MA-10000811,Technology,Machines,"Okidata Phone, Durable"
FUR-CH-10000005,Furniture,Chairs,"Office Star Executive Leather Armchair, Adjustable"
OFF-PA-10004260,Office Supplies,Paper,"Xerox Memo Slips, Recycled"
OFF-EAT-10000820,Office Supplies,Paper,"Eaton Message Books, Multicolor"
OFF-ST-10003816,Office Supplies,Storage,Fellowes High-Stak Drawer Files
TEC-AC-10001696,Technology,Accessories,"Belkin Flash Drive, Erganomic"
TEC-PH-10002597,Technology,Phones,Xblue XB-1670-86 X16 Small Office Telephone - Titanium
OFF-PA-10002751,Office Supplies,Paper,Xerox 1920
OFF-ELI-10000044,Office Supplies,Supplies,"Elite Ruler, Serrated"
TEC-CAN-10004354,Technology,Copiers,"Canon Ink, Laser"
TEC-AC-10002473,Technology,Accessories,Maxell 4.7GB DVD-R
FUR-CH-10003077,Furniture,Chairs,"SAFCO Bag Chairs, Adjustable"
OFF-BI-10001286,Office Supplies,Binders,"Ibico Hole Reinforcements, Durable"
OFF-SME-10001745,Office Supplies,Storage,"Smead Shelving, Blue"
OFF-SAN-10001345,Office Supplies,Art,"Sanford Canvas, Water Color"
OFF-PA-10003724,Office Supplies,Paper,"Wirebound Message Book, 4 per Page"
FUR-FU-10003577,Furniture,Furnishings,Nu-Dell Leatherette Frames
TEC-CO-10000082,Technology,Copiers,"Canon Fax and Copier, Digital"
OFF-FA-10004880,Office Supplies,Fasteners,"Accos Rubber Bands, Bulk Pack"
OFF-CAM-10001249,Office Supplies,Envelopes,"Cameo Mailers, with clear poly window"
TEC-MEM-10000723,Technology,Accessories,"Memorex Mouse, Bluetooth"
OFF-ST-10002175,Office Supplies,Storage,"Fellowes Lockers, Single Width"
TEC-CO-10004115,Technology,Copiers,Sharp AL-1530CS Digital Copier
FUR-BO-10000362,Furniture,Bookcases,Sauder Inglewood Library Bookcases
FUR-NOV-10000847,Furniture,Chairs,"Novimex Executive Leather Armchair, Adjustable"
TEC-PH-10001063,Technology,Phones,"Samsung Speaker Phone, Full Size"
OFF-SU-10004846,Office Supplies,Supplies,"Acme Box Cutter, Serrated"
OFF-AVE-10002102,Office Supplies,Labels,"Avery File Folder Labels, Adjustable"
FUR-TA-10001086,Furniture,Tables,"SAFCO PlanMaster Boards, 60w x 37-1/2d, White Melamine"
OFF-EN-10004173,Office Supplies,Envelopes,"Ames Peel and Seal, Recycled"
FUR-FU-10003347,Furniture,Furnishings,Coloredge Poster Frame
OFF-PA-10002246,Office Supplies,Paper,"Wirebound Four 2-3/4 x 5 Forms per Page, 400 Sets per Book"
OFF-AR-10002991,Office Supplies,Art,"Binney & Smith Markers, Blue"
OFF-ST-10004804,Office Supplies,Storage,"Belkin 19"" Vented Equipment Shelf, Black"
OFF-PA-10000482,Office Supplies,Paper,"Snap-A-Way Black Print Carbonless Ruled Speed Letter, Triplicate"
OFF-FA-10001711,Office Supplies,Fasteners,"Accos Rubber Bands, 12 Pack"
TEC-CO-10001756,Technology,Copiers,"Canon Personal Copier, Color"
TEC-MA-10004613,Technology,Machines,"Okidata Phone, White"
OFF-BI-10000373,Office Supplies,Binders,"Ibico Hole Reinforcements, Economy"
OFF-BI-10004868,Office Supplies,Binders,"Wilson Jones Hole Reinforcements, Durable"
FUR-FU-10000657,Furniture,Furnishings,"Eldon Door Stop, Black"
OFF-EN-10003087,Office Supplies,Envelopes,"Jiffy Peel and Seal, Security-Tint"
FUR-BO-10001555,Furniture,Bookcases,"Bush Corner Shelving, Metal"
OFF-IBI-10003732,Office Supplies,Binders,"Ibico Hole Reinforcements, Durable"
OFF-ST-10004871,Office Supplies,Storage,"Rogers Trays, Blue"
OFF-IBI-10001123,Office Supplies,Binders,"Ibico 3-Hole Punch, Recycled"
FUR-FU-10000361,Furniture,Furnishings,"Deflect-O Photo Frame, Erganomic"
OFF-BI-10004741,Office Supplies,Binders,"Acco Binder, Durable"
OFF-BI-10004139,Office Supplies,Binders,Fellowes Presentation Covers for Comb Binding Machines
TEC-CO-10002674,Technology,Copiers,"Sharp Fax and Copier, High-Speed"
TEC-AC-10004081,Technology,Accessories,"Logitech Keyboard, Bluetooth"
FUR-FU-10001410,Furniture,Furnishings,"Tenex Frame, Black"
FUR-CH-10001588,Furniture,Chairs,"Hon Executive Leather Armchair, Red"
FUR-CH-10003396,Furniture,Chairs,Global Deluxe Steno Chair
OFF-EN-10003272,Office Supplies,Envelopes,"Jiffy Clasp Envelope, Recycled"
OFF-BI-10004654,Office Supplies,Binders,Avery Binding System Hidden Tab Executive Style Index Sets
OFF-ST-10002930,Office Supplies,Storage,"Eldon Lockers, Industrial"
TEC-BRO-10004178,Technology,Copiers,"Brother Wireless Fax, Laser"
FUR-FU-10002813,Furniture,Furnishings,"DAX Contemporary Wood Frame with Silver Metal Mat, Desktop, 11 x 14 Size"
OFF-ST-10003208,Office Supplies,Storage,Adjustable Depth Letter/Legal Cart
OFF-AP-10000240,Office Supplies,Appliances,Belkin F9G930V10-GRY 9 Outlet Surge
OFF-AR-10001940,Office Supplies,Art,"Sanford Colorific Eraseable Coloring Pencils, 12 Count"
TEC-CO-10000447,Technology,Copiers,"Canon Wireless Fax, Color"
TEC-MA-10004303,Technology,Machines,"Panasonic Receipt Printer, Durable"
FUR-BO-10001867,Furniture,Bookcases,"Dania Corner Shelving, Mobile"
OFF-SU-10001889,Office Supplies,Supplies,"Kleencut Letter Opener, Easy Grip"
OFF-EN-10003798,Office Supplies,Envelopes,"Recycled Interoffice Envelopes with Re-Use-A-Seal Closure, 10 x 13"
TEC-AC-10001542,Technology,Accessories,SanDisk Cruzer 16 GB USB Flash Drive
OFF-PA-10001583,Office Supplies,Paper,"1/4 Fold Party Design Invitations & White Envelopes, 24 8-1/2"" X 11"" Cards, 25 Env./Pack"
OFF-FA-10001700,Office Supplies,Fasteners,"Accos Rubber Bands, Bulk Pack"
FUR-BO-10002824,Furniture,Bookcases,Bush Mission Pointe Library
OFF-EN-10004537,Office Supplies,Envelopes,"GlobeWeis Clasp Envelope, with clear poly window"
OFF-EN-10003392,Office Supplies,Envelopes,"Kraft Peel and Seal, Set of 50"
FUR-BO-10002084,Furniture,Bookcases,"Dania Library with Doors, Metal"
TEC-PH-10003546,Technology,Phones,"Apple Signal Booster, with Caller ID"
OFF-LA-10000540,Office Supplies,Labels,"Harbour Creations Round Labels, Adjustable"
TEC-MA-10002148,Technology,Machines,"Epson Printer, Durable"
OFF-ST-10003656,Office Supplies,Storage,Safco Industrial Wire Shelving
OFF-AP-10001099,Office Supplies,Appliances,"Hoover Stove, Black"
OFF-EN-10004684,Office Supplies,Envelopes,"GlobeWeis Mailers, with clear poly window"
OFF-EN-10003373,Office Supplies,Envelopes,"GlobeWeis Interoffice Envelope, Recycled"
OFF-ST-10003172,Office Supplies,Storage,"Eldon Box, Wire Frame"
FUR-FU-10000267,Furniture,Furnishings,"Advantus Clock, Durable"
TEC-MA-10001731,Technology,Machines,"Okidata Card Printer, White"
TEC-CO-10003362,Technology,Copiers,"Sharp Fax and Copier, High-Speed"
OFF-BI-10000285,Office Supplies,Binders,XtraLife ClearVue Slant-D Ring Binders by Cardinal
FUR-FU-10000368,Furniture,Furnishings,"Deflect-O Frame, Durable"
OFF-ACC-10003984,Office Supplies,Fasteners,"Accos Paper Clips, Assorted Sizes"
TEC-SHA-10002696,Technology,Copiers,"Sharp Ink, Color"
OFF-ADV-10000308,Office Supplies,Fasteners,"Advantus Push Pins, 12 Pack"
OFF-BI-10001568,Office Supplies,Binders,"Ibico Binder Covers, Economy"
OFF-LA-10003236,Office Supplies,Labels,"Hon Round Labels, Adjustable"
TEC-MA-10002952,Technology,Machines,"StarTech Calculator, White"
OFF-EN-10002410,Office Supplies,Envelopes,"GlobeWeis Manila Envelope, Recycled"
OFF-PA-10001033,Office Supplies,Paper,Xerox 1893
TEC-PH-10002663,Technology,Phones,"Nokia Signal Booster, VoIP"
TEC-SHA-10003353,Technology,Copiers,"Sharp Copy Machine, High-Speed"
OFF-FA-10000624,Office Supplies,Fasteners,OIC Binder Clips
OFF-FA-10000467,Office Supplies,Fasteners,"Stockwell Push Pins, 12 Pack"
OFF-LA-10003583,Office Supplies,Labels,"Hon File Folder Labels, 5000 Label Set"
OFF-AR-10002105,Office Supplies,Art,"Boston Highlighters, Fluorescent"
OFF-FA-10000735,Office Supplies,Fasteners,Staples
OFF-EN-10003134,Office Supplies,Envelopes,Staples
TEC-AC-10001465,Technology,Accessories,SanDisk Cruzer 64 GB USB Flash Drive
FUR-CH-10002965,Furniture,Chairs,"Global Leather Highback Executive Chair with Pneumatic Height Adjustment, Black"
OFF-BIC-10001823,Office Supplies,Art,"BIC Canvas, Fluorescent"
FUR-BO-10003661,Furniture,Bookcases,"Sauder Floating Shelf Set, Traditional"
OFF-AR-10002650,Office Supplies,Art,"Sanford Markers, Easy-Erase"
OFF-ELD-10001832,Office Supplies,Storage,"Eldon Shelving, Single Width"
OFF-EN-10003673,Office Supplies,Envelopes,"GlobeWeis Business Envelopes, Set of 50"
TEC-AC-10001090,Technology,Accessories,Micro Innovations Wireless Classic Keyboard with Mouse
OFF-BI-10001650,Office Supplies,Binders,"Avery 3-Hole Punch, Economy"
FUR-FU-10000718,Furniture,Furnishings,"Rubbermaid Stacking Tray, Black"
OFF-JIF-10002275,Office Supplies,Envelopes,"Jiffy Clasp Envelope, with clear poly window"
OFF-FA-10003415,Office Supplies,Fasteners,"Stockwell Push Pins, Bulk Pack"
OFF-XER-10003495,Office Supplies,Paper,"Xerox Cards & Envelopes, Premium"
OFF-AP-10003702,Office Supplies,Appliances,"Cuisinart Refrigerator, White"
FUR-TA-10000184,Furniture,Tables,"Barricks Conference Table, Fully Assembled"
FUR-IKE-10001539,Furniture,Bookcases,"Ikea Classic Bookcase, Pine"
OFF-BI-10003320,Office Supplies,Binders,"Cardinal Hole Reinforcements, Recycled"
OFF-LA-10004689,Office Supplies,Labels,Avery 512
TEC-PH-10004042,Technology,Phones,ClearOne Communications CHAT 70 OC Speaker Phone
OFF-AP-10002681,Office Supplies,Appliances,"Hamilton Beach Stove, Black"
FUR-FU-10003427,Furniture,Furnishings,"Rubbermaid Frame, Erganomic"
OFF-ST-10000442,Office Supplies,Storage,"Rogers Box, Wire Frame"
OFF-BI-10001744,Office Supplies,Binders,"Acco Binding Machine, Economy"
OFF-AVE-10002079,Office Supplies,Binders,"Avery Binding Machine, Durable"
FUR-CH-10002090,Furniture,Chairs,"Hon Swivel Stool, Adjustable"
OFF-BI-10004250,Office Supplies,Binders,"Cardinal 3-Hole Punch, Recycled"
OFF-SU-10003371,Office Supplies,Supplies,"Kleencut Trimmer, High Speed"
OFF-LA-10002559,Office Supplies,Labels,"Smead File Folder Labels, Alphabetical"
OFF-PA-10000450,Office Supplies,Paper,"Green Bar Note Cards, Multicolor"
TEC-PH-10000931,Technology,Phones,"Motorola Speaker Phone, VoIP"
TEC-CO-10002768,Technology,Copiers,"Sharp Fax Machine, High-Speed"
FUR-TEN-10000525,Furniture,Furnishings,"Tenex Clock, Black"
OFF-BOS-10003113,Office Supplies,Art,"Boston Pens, Water Color"
OFF-EN-10002034,Office Supplies,Envelopes,"Ames Peel and Seal, with clear poly window"
OFF-EN-10001162,Office Supplies,Envelopes,"GlobeWeis Mailers, Set of 50"
OFF-ELD-10003181,Office Supplies,Storage,"Eldon Box, Industrial"
OFF-FA-10001724,Office Supplies,Fasteners,"Advantus Paper Clips, Assorted Sizes"
OFF-EN-10000857,Office Supplies,Envelopes,"Jiffy Interoffice Envelope, Set of 50"
OFF-AR-10003478,Office Supplies,Art,"Avery Hi-Liter EverBold Pen Style Fluorescent Highlighters, 4/Pack"
OFF-LA-10001548,Office Supplies,Labels,"Avery Shipping Labels, Adjustable"
OFF-FA-10003495,Office Supplies,Fasteners,Staples
OFF-XER-10000641,Office Supplies,Paper,"Xerox Cards & Envelopes, Recycled"
TEC-AC-10002900,Technology,Accessories,"Belkin Mouse, Programmable"
OFF-BI-10000423,Office Supplies,Binders,"Acco 3-Hole Punch, Recycled"
TEC-OKI-10000616,Technology,Machines,"Okidata Card Printer, Durable"
OFF-BI-10000419,Office Supplies,Binders,"Wilson Jones 3-Hole Punch, Recycled"
OFF-PA-10002671,Office Supplies,Paper,"Enermax Memo Slips, 8.5 x 11"
OFF-CAM-10000192,Office Supplies,Envelopes,"Cameo Interoffice Envelope, with clear poly window"
OFF-EN-10001958,Office Supplies,Envelopes,"GlobeWeis Clasp Envelope, Security-Tint"
FUR-TA-10004722,Furniture,Tables,"Barricks Computer Table, Adjustable Height"
FUR-BO-10004425,Furniture,Bookcases,"Sauder Library with Doors, Mobile"
TEC-SHA-10002034,Technology,Copiers,"Sharp Personal Copier, Laser"
OFF-STA-10001968,Office Supplies,Art,"Stanley Canvas, Water Color"
OFF-ST-10004183,Office Supplies,Storage,"Rogers Trays, Wire Frame"
OFF-SU-10000723,Office Supplies,Supplies,"Kleencut Shears, Steel"
OFF-SME-10004754,Office Supplies,Labels,"Smead Round Labels, Adjustable"
OFF-IBI-10004855,Office Supplies,Binders,"Ibico Hole Reinforcements, Recycled"
OFF-LA-10000443,Office Supplies,Labels,Avery 501
FUR-BO-10001601,Furniture,Bookcases,"Sauder Mission Library with Doors, Fruitwood Finish"
OFF-AP-10003318,Office Supplies,Appliances,"Breville Blender, Black"
TEC-MA-10003757,Technology,Machines,"Panasonic Printer, Red"
FUR-FU-10000719,Furniture,Furnishings,"DAX Cubicle Frames, 8-1/2 x 11"
FUR-ADV-10002632,Furniture,Furnishings,"Advantus Door Stop, Duo Pack"
OFF-HAR-10002914,Office Supplies,Labels,"Harbour Creations Shipping Labels, Laser Printer Compatible"
OFF-ST-10002546,Office Supplies,Storage,"Eldon Folders, Single Width"
OFF-EN-10002230,Office Supplies,Envelopes,Airmail Envelopes
TEC-BRO-10003876,Technology,Copiers,"Brother Fax Machine, Laser"
TEC-BRO-10004184,Technology,Copiers,"Brother Wireless Fax, Color"
TEC-AC-10002647,Technology,Accessories,"Logitech Wireless Boombox Speaker - portable - wireless, wired"
OFF-SU-10003801,Office Supplies,Supplies,"Elite Box Cutter, Easy Grip"
TEC-PH-10000258,Technology,Phones,"Motorola Audio Dock, Cordless"
FUR-BUS-10003368,Furniture,Bookcases,"Bush Floating Shelf Set, Mobile"
OFF-ST-10000220,Office Supplies,Storage,"Rogers Shelving, Industrial"
OFF-SU-10002785,Office Supplies,Supplies,"Fiskars Trimmer, Serrated"
OFF-SU-10001894,Office Supplies,Supplies,"Elite Scissors, Steel"
FUR-ELD-10001413,Furniture,Furnishings,"Eldon Light Bulb, Black"
OFF-ST-10004668,Office Supplies,Storage,"Smead Trays, Industrial"
FUR-HON-10001627,Furniture,Chairs,"Hon Swivel Stool, Adjustable"
FUR-BO-10003945,Furniture,Bookcases,"Sauder 3-Shelf Cabinet, Metal"
OFF-ST-10004180,Office Supplies,Storage,Safco Commercial Shelving
OFF-AR-10002897,Office Supplies,Art,"BIC Markers, Water Color"
OFF-BI-10003277,Office Supplies,Binders,"Ibico Binder Covers, Durable"
OFF-CAR-10001358,Office Supplies,Binders,"Cardinal Hole Reinforcements, Clear"
OFF-FA-10001702,Office Supplies,Fasteners,"Advantus Push Pins, 12 Pack"
OFF-ST-10004377,Office Supplies,Storage,"Rogers File Cart, Single Width"
FUR-FU-10000975,Furniture,Furnishings,"Eldon Clock, Black"
TEC-CO-10001375,Technology,Copiers,"Brother Copy Machine, Color"
TEC-OKI-10002736,Technology,Machines,"Okidata Card Printer, Red"
OFF-CUI-10000203,Office Supplies,Appliances,"Cuisinart Toaster, Black"
OFF-PA-10002524,Office Supplies,Paper,"Enermax Note Cards, 8.5 x 11"
OFF-SU-10002344,Office Supplies,Supplies,"Stiletto Box Cutter, Serrated"
TEC-MA-10002910,Technology,Machines,"Panasonic Inkjet, Red"
OFF-EN-10000182,Office Supplies,Envelopes,"Jiffy Peel and Seal, Security-Tint"
TEC-HP -10003894,Technology,Copiers,"HP Wireless Fax, Laser"
OFF-EN-10003721,Office Supplies,Envelopes,"Jiffy Business Envelopes, Security-Tint"
TEC-PH-10003303,Technology,Phones,"Cisco Office Telephone, Cordless"
FUR-FU-10001770,Furniture,Furnishings,"Deflect-O Clock, Erganomic"
FUR-TA-10003637,Furniture,Tables,"Lesro Coffee Table, with Bottom Storage"
OFF-BI-10001973,Office Supplies,Binders,"Wilson Jones 3-Hole Punch, Clear"
FUR-TA-10003771,Furniture,Tables,"Hon Computer Table, Adjustable Height"
FUR-FU-10001379,Furniture,Furnishings,"Executive Impressions 16-1/2"" Circular Wall Clock"
OFF-PA-10004946,Office Supplies,Paper,"SanDisk Note Cards, Multicolor"
OFF-ELI-10000541,Office Supplies,Supplies,"Elite Trimmer, High Speed"
TEC-MA-10003298,Technology,Machines,"Konica Card Printer, Wireless"
FUR-TA-10004534,Furniture,Tables,Bevis 44 x 96 Conference Tables
TEC-PH-10001433,Technology,Phones,"Motorola Headset, Full Size"
TEC-AC-10000218,Technology,Accessories,"SanDisk Numeric Keypad, USB"
OFF-SME-10001761,Office Supplies,Storage,"Smead Shelving, Industrial"
OFF-LA-10000476,Office Supplies,Labels,"Avery 05222 Permanent Self-Adhesive File Folder Labels for Typewriters, on Rolls, White, 250/Roll"
OFF-PA-10001323,Office Supplies,Paper,"Eaton Note Cards, 8.5 x 11"
OFF-FA-10002900,Office Supplies,Fasteners,"Stockwell Thumb Tacks, 12 Pack"
FUR-RUB-10004285,Furniture,Furnishings,"Rubbermaid Clock, Duo Pack"
FUR-CH-10004054,Furniture,Chairs,"Hon Rocking Chair, Set of Two"
OFF-ELI-10002935,Office Supplies,Supplies,"Elite Shears, High Speed"
FUR-CH-10003846,Furniture,Chairs,"Office Star Swivel Stool, Set of Two"
FUR-BO-10003463,Furniture,Bookcases,"Ikea Stackable Bookrack, Metal"
TEC-AC-10000861,Technology,Accessories,"SanDisk Router, Erganomic"
OFF-PA-10002477,Office Supplies,Paper,"Enermax Message Books, Multicolor"
OFF-GLO-10003429,Office Supplies,Envelopes,"GlobeWeis Peel and Seal, Set of 50"
OFF-EN-10003537,Office Supplies,Envelopes,"GlobeWeis Manila Envelope, Set of 50"
OFF-EN-10003977,Office Supplies,Envelopes,"Cameo Clasp Envelope, Recycled"
TEC-PAN-10002365,Technology,Machines,"Panasonic Printer, White"
OFF-FA-10001526,Office Supplies,Fasteners,"Stockwell Rubber Bands, 12 Pack"
TEC-MA-10003461,Technology,Machines,"Epson Calculator, Red"
FUR-FU-10000308,Furniture,Furnishings,Deflect-o Glass Clear Studded Chair Mats
FUR-BO-10001295,Furniture,Bookcases,"Safco Floating Shelf Set, Traditional"
TEC-SAM-10001935,Technology,Phones,"Samsung Office Telephone, Cordless"
OFF-BI-10001613,Office Supplies,Binders,"Ibico Hole Reinforcements, Clear"
OFF-BI-10002853,Office Supplies,Binders,"Avery Binder Covers, Recycled"
OFF-LA-10003090,Office Supplies,Labels,"Harbour Creations File Folder Labels, Adjustable"
OFF-ST-10000129,Office Supplies,Storage,Fellowes Recycled Storage Drawers
TEC-PH-10001846,Technology,Phones,"Nokia Audio Dock, Cordless"
TEC-PAN-10002613,Technology,Machines,"Panasonic Printer, Durable"
OFF-ACC-10004281,Office Supplies,Binders,"Acco Hole Reinforcements, Recycled"
OFF-ST-10002263,Office Supplies,Storage,"Rogers Trays, Wire Frame"
TEC-PH-10002306,Technology,Phones,"Motorola Smart Phone, Full Size"
OFF-FA-10002636,Office Supplies,Fasteners,"Accos Staples, 12 Pack"
FUR-BO-10004633,Furniture,Bookcases,"Safco Stackable Bookrack, Traditional"
TEC-PH-10000611,Technology,Phones,"Samsung Signal Booster, VoIP"
OFF-AVE-10001473,Office Supplies,Labels,"Avery Legal Exhibit Labels, Laser Printer Compatible"
TEC-PH-10003368,Technology,Phones,"Samsung Signal Booster, Full Size"
OFF-GLO-10000016,Office Supplies,Envelopes,"GlobeWeis Interoffice Envelope, Recycled"
OFF-HAM-10004674,Office Supplies,Appliances,"Hamilton Beach Stove, Silver"
TEC-PH-10001949,Technology,Phones,Cisco SPA 501G IP Phone
TEC-MA-10002368,Technology,Machines,"Panasonic Receipt Printer, White"
OFF-EN-10000025,Office Supplies,Envelopes,"Cameo Interoffice Envelope, Recycled"
TEC-CO-10002269,Technology,Copiers,"Brother Ink, Color"
OFF-FIS-10001549,Office Supplies,Supplies,"Fiskars Shears, Serrated"
FUR-TA-10001980,Furniture,Tables,"Hon Wood Table, Rectangular"
OFF-EN-10003435,Office Supplies,Envelopes,"GlobeWeis Business Envelopes, with clear poly window"
FUR-TA-10002153,Furniture,Tables,"Lesro Round Table, with Bottom Storage"
OFF-ACC-10000233,Office Supplies,Binders,"Acco Binder, Economy"
TEC-PH-10002299,Technology,Phones,"Nokia Headset, VoIP"
FUR-TA-10002557,Furniture,Tables,"Barricks Conference Table, Rectangular"
OFF-PA-10001593,Office Supplies,Paper,Xerox 1947
TEC-AC-10003870,Technology,Accessories,Logitech Z-906 Speaker sys - home theater - 5.1-CH
OFF-LA-10003982,Office Supplies,Labels,"Avery Round Labels, Adjustable"
OFF-BI-10000666,Office Supplies,Binders,Surelock Post Binders
OFF-PA-10003797,Office Supplies,Paper,Xerox 209
TEC-PH-10000381,Technology,Phones,"Apple Signal Booster, Full Size"
FUR-OFF-10001552,Furniture,Chairs,"Office Star Bag Chairs, Set of Two"
TEC-PH-10001428,Technology,Phones,"Motorola Headset, VoIP"
FUR-SAF-10001956,Furniture,Bookcases,"Safco Classic Bookcase, Metal"
FUR-CH-10004339,Furniture,Chairs,"SAFCO Steel Folding Chair, Red"
OFF-EN-10000139,Office Supplies,Envelopes,"Kraft Interoffice Envelope, Set of 50"
TEC-AC-10001278,Technology,Accessories,"Enermax Flash Drive, USB"
OFF-STA-10001791,Office Supplies,Art,"Stanley Highlighters, Water Color"
OFF-AVE-10004159,Office Supplies,Labels,"Avery File Folder Labels, 5000 Label Set"
OFF-HAR-10004011,Office Supplies,Labels,"Harbour Creations File Folder Labels, Alphabetical"
OFF-AP-10004921,Office Supplies,Appliances,"Breville Toaster, Red"
OFF-LA-10003848,Office Supplies,Labels,"Avery File Folder Labels, 5000 Label Set"
OFF-LA-10002107,Office Supplies,Labels,"Harbour Creations Removable Labels, Laser Printer Compatible"
TEC-CO-10003204,Technology,Copiers,"HP Fax and Copier, High-Speed"
FUR-BO-10004483,Furniture,Bookcases,"Ikea Floating Shelf Set, Pine"
OFF-PA-10001461,Office Supplies,Paper,HP Office Paper (20Lb. and 87 Bright)
TEC-NOK-10004541,Technology,Phones,"Nokia Office Telephone, Cordless"
OFF-FEL-10003848,Office Supplies,Storage,"Fellowes Trays, Industrial"
OFF-FA-10000189,Office Supplies,Fasteners,"OIC Paper Clips, 12 Pack"
OFF-SU-10000952,Office Supplies,Supplies,Fiskars Home & Office Scissors
OFF-TEN-10000433,Office Supplies,Storage,"Tenex Lockers, Wire Frame"
OFF-PA-10003022,Office Supplies,Paper,Xerox 1992
TEC-KON-10003726,Technology,Machines,"Konica Card Printer, Wireless"
OFF-AR-10003829,Office Supplies,Art,Newell 35
OFF-AR-10003957,Office Supplies,Art,"Stanley Canvas, Fluorescent"
OFF-SU-10001633,Office Supplies,Supplies,"Stiletto Letter Opener, Easy Grip"
TEC-PH-10004601,Technology,Phones,"Nokia Audio Dock, with Caller ID"
OFF-PA-10001656,Office Supplies,Paper,"SanDisk Parchment Paper, 8.5 x 11"
OFF-LA-10004964,Office Supplies,Labels,"Smead Shipping Labels, Adjustable"
TEC-HEW-10000839,Technology,Copiers,"Hewlett Wireless Fax, Color"
OFF-AR-10003696,Office Supplies,Art,Panasonic KP-350BK Electric Pencil Sharpener with Auto Stop
FUR-TA-10003222,Furniture,Tables,"Barricks Wood Table, with Bottom Storage"
OFF-ST-10004428,Office Supplies,Storage,"Tenex Lockers, Industrial"
FUR-TA-10000360,Furniture,Tables,"Chromcraft Wood Table, Fully Assembled"
TEC-AC-10004938,Technology,Accessories,"Belkin Mouse, Bluetooth"
OFF-FA-10001199,Office Supplies,Fasteners,"Advantus Thumb Tacks, 12 Pack"
OFF-EN-10002749,Office Supplies,Envelopes,"Kraft Mailers, with clear poly window"
TEC-CO-10000395,Technology,Copiers,"Hewlett Fax Machine, Laser"
OFF-EN-10000224,Office Supplies,Envelopes,"Cameo Clasp Envelope, Recycled"
FUR-BO-10001385,Furniture,Bookcases,"Sauder Corner Shelving, Metal"
TEC-CO-10002122,Technology,Copiers,"Hewlett Fax Machine, Digital"
OFF-ST-10001511,Office Supplies,Storage,Space Solutions Commercial Steel Shelving
OFF-BI-10004969,Office Supplies,Binders,"Acco Binding Machine, Durable"
OFF-AVE-10002014,Office Supplies,Labels,"Avery Shipping Labels, Adjustable"
FUR-TEN-10003871,Furniture,Furnishings,"Tenex Frame, Durable"
OFF-ST-10001228,Office Supplies,Storage,"Fellowes Personal Hanging Folder Files, Navy"
TEC-ENE-10003090,Technology,Accessories,"Enermax Memory Card, Programmable"
OFF-PA-10001934,Office Supplies,Paper,Xerox 1993
OFF-ACC-10004322,Office Supplies,Binders,"Acco Binder, Clear"
OFF-EN-10004150,Office Supplies,Envelopes,"GlobeWeis Business Envelopes, Recycled"
OFF-ACC-10003422,Office Supplies,Binders,"Acco Binder, Durable"
FUR-CH-10003956,Furniture,Chairs,Novimex High-Tech Fabric Mesh Task Chair
OFF-AR-10000251,Office Supplies,Art,"Stanley Markers, Fluorescent"
TEC-MA-10002424,Technology,Machines,"StarTech Phone, Durable"
TEC-CO-10002326,Technology,Copiers,"Canon Copy Machine, Color"
FUR-CH-10000042,Furniture,Chairs,"Harbour Creations Swivel Stool, Black"
FUR-BO-10003873,Furniture,Bookcases,"Safco Library with Doors, Mobile"
OFF-CAR-10002031,Office Supplies,Binders,"Cardinal 3-Hole Punch, Durable"
TEC-CO-10003525,Technology,Copiers,"Sharp Ink, Color"
OFF-SU-10003259,Office Supplies,Supplies,"Elite Trimmer, Easy Grip"
OFF-STA-10004327,Office Supplies,Art,"Stanley Markers, Blue"
OFF-LA-10003967,Office Supplies,Labels,"Smead Color Coded Labels, Adjustable"
OFF-BI-10003114,Office Supplies,Binders,"Ibico Hole Reinforcements, Economy"
TEC-MEM-10004782,Technology,Accessories,"Memorex Keyboard, Erganomic"
FUR-BO-10003159,Furniture,Bookcases,"Dania Stackable Bookrack, Pine"
FUR-FU-10004351,Furniture,Furnishings,Staples
OFF-SU-10001831,Office Supplies,Supplies,"Stiletto Scissors, High Speed"
FUR-CH-10001455,Furniture,Chairs,"Office Star Swivel Stool, Adjustable"
TEC-NOK-10001283,Technology,Phones,"Nokia Smart Phone, Full Size"
OFF-SU-10004446,Office Supplies,Supplies,"Acme Scissors, Steel"
TEC-HP -10002095,Technology,Copiers,"HP Copy Machine, Color"
OFF-STO-10003098,Office Supplies,Fasteners,"Stockwell Thumb Tacks, Metal"
OFF-SAN-10001634,Office Supplies,Art,"Sanford Canvas, Easy-Erase"
FUR-BO-10004660,Furniture,Bookcases,"Sauder Library with Doors, Metal"
TEC-AC-10003626,Technology,Accessories,"Enermax Numeric Keypad, Bluetooth"
FUR-FU-10001619,Furniture,Furnishings,"Advantus Clock, Erganomic"
FUR-BEV-10003414,Furniture,Tables,"Bevis Computer Table, Fully Assembled"
OFF-ST-10000127,Office Supplies,Storage,"Fellowes Shelving, Wire Frame"
TEC-AC-10001441,Technology,Accessories,"SanDisk Mouse, Erganomic"
TEC-PH-10004882,Technology,Phones,"Nokia Office Telephone, VoIP"
OFF-PA-10004101,Office Supplies,Paper,Xerox 1894
OFF-ST-10002538,Office Supplies,Storage,"Fellowes Shelving, Blue"
OFF-FA-10002101,Office Supplies,Fasteners,"OIC Thumb Tacks, 12 Pack"
TEC-CIS-10001122,Technology,Phones,"Cisco Speaker Phone, VoIP"
OFF-ST-10000892,Office Supplies,Storage,"Tenex Trays, Wire Frame"
TEC-MA-10003630,Technology,Machines,"Epson Calculator, White"
FUR-FU-10001852,Furniture,Furnishings,"Eldon Regeneration Recycled Desk Accessories, Smoke"
FUR-BO-10002213,Furniture,Bookcases,"Sauder Forest Hills Library, Woodland Oak Finish"
OFF-EN-10000657,Office Supplies,Envelopes,"Jiffy Peel and Seal, with clear poly window"
TEC-PH-10001677,Technology,Phones,"Nokia Office Telephone, Full Size"
TEC-AC-10000827,Technology,Accessories,"SanDisk Keyboard, Programmable"
TEC-PAN-10004404,Technology,Machines,"Panasonic Calculator, Red"
TEC-SAN-10000235,Technology,Accessories,"SanDisk Router, USB"
OFF-ELI-10003732,Office Supplies,Supplies,"Elite Letter Opener, Easy Grip"
OFF-BI-10004656,Office Supplies,Binders,Peel & Stick Add-On Corner Pockets
OFF-LA-10001800,Office Supplies,Labels,"Hon Shipping Labels, Laser Printer Compatible"
TEC-CO-10001926,Technology,Copiers,"Hewlett Wireless Fax, Laser"
TEC-CO-10000847,Technology,Copiers,"Canon Personal Copier, Laser"
OFF-BI-10000404,Office Supplies,Binders,Avery Printable Repositionable Plastic Tabs
FUR-CH-10003950,Furniture,Chairs,"Novimex Executive Leather Armchair, Black"
TEC-PH-10002844,Technology,Phones,Speck Products Candyshell Flip Case
OFF-BI-10003527,Office Supplies,Binders,Fellowes PB500 Electric Punch Plastic Comb Binding Machine with Manual Bind
TEC-MA-10004955,Technology,Machines,"Okidata Card Printer, Durable"
OFF-BI-10002080,Office Supplies,Binders,"Acco Binder, Clear"
TEC-MA-10000772,Technology,Machines,"StarTech Printer, Red"
TEC-PH-10000149,Technology,Phones,Cisco SPA525G2 IP Phone - Wireless
TEC-AC-10003180,Technology,Accessories,"Belkin Router, USB"
OFF-EN-10000051,Office Supplies,Envelopes,"GlobeWeis Manila Envelope, with clear poly window"
TEC-OKI-10000372,Technology,Machines,"Okidata Inkjet, Durable"
TEC-HP -10002603,Technology,Copiers,"HP Copy Machine, High-Speed"
OFF-SU-10002521,Office Supplies,Supplies,"Kleencut Box Cutter, Steel"
OFF-PA-10000246,Office Supplies,Paper,Riverleaf Stik-Withit Designer Note Cubes
FUR-CH-10001397,Furniture,Chairs,"SAFCO Chairmat, Set of Two"
TEC-STA-10001994,Technology,Machines,"StarTech Printer, Wireless"
OFF-SU-10004664,Office Supplies,Supplies,Acme Softgrip Scissors
TEC-CO-10000070,Technology,Copiers,"Hewlett Copy Machine, High-Speed"
OFF-HON-10002610,Office Supplies,Labels,"Hon Removable Labels, Adjustable"
TEC-PH-10004144,Technology,Phones,"Apple Speaker Phone, Full Size"
TEC-CO-10001919,Technology,Copiers,"Brother Fax Machine, Color"
FUR-TA-10000038,Furniture,Tables,"Chromcraft Conference Table, Adjustable Height"
FUR-SAF-10001949,Furniture,Chairs,"SAFCO Bag Chairs, Red"
FUR-BO-10004914,Furniture,Bookcases,"Bush 3-Shelf Cabinet, Traditional"
TEC-MA-10004956,Technology,Machines,"Konica Card Printer, Red"
TEC-KON-10001507,Technology,Machines,"Konica Card Printer, Durable"
OFF-LA-10001839,Office Supplies,Labels,"Smead Shipping Labels, Laser Printer Compatible"
OFF-SU-10004087,Office Supplies,Supplies,"Elite Scissors, Steel"
OFF-EN-10004788,Office Supplies,Envelopes,"Ames Mailers, Recycled"
OFF-LA-10004182,Office Supplies,Labels,"Hon Color Coded Labels, 5000 Label Set"
OFF-FA-10002084,Office Supplies,Fasteners,"Accos Thumb Tacks, 12 Pack"
TEC-CO-10004169,Technology,Copiers,"HP Ink, Digital"
OFF-PA-10003037,Office Supplies,Paper,"Eaton Memo Slips, Multicolor"
TEC-PH-10004933,Technology,Phones,"Samsung Headset, VoIP"
OFF-PA-10001236,Office Supplies,Paper,"Enermax Message Books, Recycled"
FUR-CH-10000891,Furniture,Chairs,"Harbour Creations Executive Leather Armchair, Black"
OFF-WIL-10002947,Office Supplies,Binders,"Wilson Jones Index Tab, Clear"
OFF-EN-10004568,Office Supplies,Envelopes,"Kraft Business Envelopes, Set of 50"
OFF-BI-10001253,Office Supplies,Binders,"Acco Binder Covers, Recycled"
FUR-CH-10004467,Furniture,Chairs,"Harbour Creations Chairmat, Set of Two"
TEC-PH-10003932,Technology,Phones,"Apple Audio Dock, VoIP"
OFF-AR-10004752,Office Supplies,Art,Blackstonian Pencils
OFF-AR-10003560,Office Supplies,Art,Zebra Zazzle Fluorescent Highlighters
FUR-CH-10002132,Furniture,Chairs,"Hon Rocking Chair, Black"
OFF-AP-10002457,Office Supplies,Appliances,"Eureka The Boss Plus 12-Amp Hard Box Upright Vacuum, Red"
TEC-AC-10003334,Technology,Accessories,"SanDisk Keyboard, Bluetooth"
OFF-BI-10002437,Office Supplies,Binders,Recycled Premium Regency Composition Covers
TEC-PH-10003796,Technology,Phones,"Apple Headset, with Caller ID"
FUR-BO-10002580,Furniture,Bookcases,"Safco Classic Bookcase, Pine"
OFF-LA-10004484,Office Supplies,Labels,Avery 476
OFF-BRE-10001107,Office Supplies,Appliances,"Breville Stove, Red"
OFF-AR-10000655,Office Supplies,Art,"Stanley Sketch Pad, Blue"
TEC-AC-10002363,Technology,Accessories,"Logitech Keyboard, USB"
OFF-BI-10004230,Office Supplies,Binders,GBC Recycled Grain Textured Covers
OFF-SU-10000411,Office Supplies,Supplies,"Stiletto Box Cutter, Easy Grip"
FUR-BO-10001337,Furniture,Bookcases,O'Sullivan Living Dimensions 2-Shelf Bookcases
TEC-BEL-10001189,Technology,Accessories,"Belkin Router, Erganomic"
OFF-AP-10004245,Office Supplies,Appliances,"Hoover Stove, Black"
TEC-PH-10001264,Technology,Phones,"Cisco Signal Booster, VoIP"
OFF-PA-10001348,Office Supplies,Paper,"Eaton Note Cards, Multicolor"
OFF-LA-10004020,Office Supplies,Labels,"Hon Color Coded Labels, 5000 Label Set"
OFF-AR-10000634,Office Supplies,Art,Newell 320
OFF-AR-10004218,Office Supplies,Art,"Sanford Pencil Sharpener, Water Color"
TEC-AC-10001486,Technology,Accessories,"Belkin Flash Drive, Programmable"
OFF-AR-10000681,Office Supplies,Art,"Binney & Smith Sketch Pad, Water Color"
OFF-BI-10000542,Office Supplies,Binders,"Wilson Jones 3-Hole Punch, Durable"
FUR-FU-10000813,Furniture,Furnishings,"Tenex Door Stop, Durable"
FUR-BO-10004459,Furniture,Bookcases,"Safco 3-Shelf Cabinet, Traditional"
OFF-AP-10001106,Office Supplies,Appliances,"Hamilton Beach Stove, White"
OFF-SU-10003085,Office Supplies,Supplies,"Stiletto Ruler, Easy Grip"
FUR-BO-10001567,Furniture,Bookcases,"Bush Westfield Collection Bookcases, Dark Cherry Finish, Fully Assembled"
OFF-AR-10000767,Office Supplies,Art,"Binney & Smith Sketch Pad, Water Color"
FUR-BO-10004821,Furniture,Bookcases,"Dania Corner Shelving, Traditional"
OFF-CAR-10004886,Office Supplies,Binders,"Cardinal Binder, Economy"
OFF-AP-10003057,Office Supplies,Appliances,Honeywell Enviracaire Portable HEPA Air Cleaner for 16' x 20' Room
OFF-PA-10000223,Office Supplies,Paper,Xerox 2000
OFF-AR-10001053,Office Supplies,Art,"Boston Pencil Sharpener, Easy-Erase"
TEC-PH-10004531,Technology,Phones,OtterBox Commuter Series Case - iPhone 5 & 5s
TEC-BRO-10002345,Technology,Copiers,"Brother Ink, Digital"
FUR-BO-10002214,Furniture,Bookcases,"Dania Floating Shelf Set, Traditional"
OFF-PA-10000477,Office Supplies,Paper,Xerox 1952
OFF-PA-10004998,Office Supplies,Paper,"Green Bar Parchment Paper, Multicolor"
TEC-CO-10001425,Technology,Copiers,"HP Personal Copier, Color"
TEC-CAN-10001981,Technology,Copiers,"Canon Ink, High-Speed"
OFF-EN-10004190,Office Supplies,Envelopes,"Cameo Mailers, Security-Tint"
OFF-EN-10001727,Office Supplies,Envelopes,"Jiffy Business Envelopes, Recycled"
FUR-BO-10003284,Furniture,Bookcases,"Sauder Floating Shelf Set, Mobile"
OFF-AR-10001813,Office Supplies,Art,"Stanley Markers, Fluorescent"
FUR-TA-10004810,Furniture,Tables,"Barricks Computer Table, Adjustable Height"
OFF-AP-10004052,Office Supplies,Appliances,"Hoover Replacement Belts For Soft Guard & Commercial Ltweight Upright Vacs, 2/Pk"
FUR-TA-10002699,Furniture,Tables,"Hon Round Table, Rectangular"
TEC-CO-10004367,Technology,Copiers,"Canon Wireless Fax, Digital"
OFF-AVE-10003279,Office Supplies,Binders,"Avery Hole Reinforcements, Durable"
OFF-AP-10002186,Office Supplies,Appliances,"KitchenAid Toaster, Red"
FUR-FU-10004006,Furniture,Furnishings,"Deflect-o DuraMat Lighweight, Studded, Beveled Mat for Low Pile Carpeting"
TEC-MA-10004666,Technology,Machines,"Panasonic Inkjet, Red"
OFF-XER-10003300,Office Supplies,Paper,"Xerox Message Books, 8.5 x 11"
FUR-FU-10003986,Furniture,Furnishings,"Rubbermaid Door Stop, Black"
TEC-HEW-10001710,Technology,Copiers,"Hewlett Ink, Laser"
OFF-BI-10004903,Office Supplies,Binders,"Ibico Hole Reinforcements, Durable"
OFF-FA-10001113,Office Supplies,Fasteners,"OIC Push Pins, Assorted Sizes"
FUR-FU-10002387,Furniture,Furnishings,"Rubbermaid Photo Frame, Durable"
OFF-SU-10001689,Office Supplies,Supplies,"Acme Box Cutter, Easy Grip"
OFF-GLO-10001348,Office Supplies,Envelopes,"GlobeWeis Manila Envelope, Security-Tint"
TEC-AC-10002581,Technology,Accessories,"SanDisk Flash Drive, Erganomic"
OFF-AP-10003442,Office Supplies,Appliances,"Hamilton Beach Coffee Grinder, Black"
FUR-BO-10003441,Furniture,Bookcases,"Bush Westfield Collection Bookcases, Fully Assembled"
TEC-HEW-10003829,Technology,Copiers,"Hewlett Wireless Fax, High-Speed"
OFF-ST-10001580,Office Supplies,Storage,Super Decoflex Portable Personal File
OFF-PA-10004379,Office Supplies,Paper,"Enermax Computer Printout Paper, Premium"
OFF-EN-10003448,Office Supplies,Envelopes,"Cameo Clasp Envelope, Set of 50"
OFF-PA-10001745,Office Supplies,Paper,"Wirebound Message Books, 2 7/8"" x 5"", 3 Forms per Page"
FUR-NOV-10004962,Furniture,Chairs,"Novimex Bag Chairs, Adjustable"
OFF-SU-10004818,Office Supplies,Supplies,"Stiletto Trimmer, Steel"
TEC-PH-10004211,Technology,Phones,"Cisco Headset, Cordless"
OFF-BI-10002278,Office Supplies,Binders,"Ibico Binder Covers, Economy"
TEC-PH-10004614,Technology,Phones,"Cisco Headset, Full Size"
OFF-ACM-10000777,Office Supplies,Supplies,"Acme Scissors, Serrated"
OFF-HON-10001102,Office Supplies,Labels,"Hon Legal Exhibit Labels, Adjustable"
FUR-FU-10004289,Furniture,Furnishings,"Deflect-O Stacking Tray, Black"
OFF-PA-10000380,Office Supplies,Paper,"REDIFORM Incoming/Outgoing Call Register, 11"" X 8 1/2"", 100 Messages"
OFF-EN-10004970,Office Supplies,Envelopes,"GlobeWeis Peel and Seal, Security-Tint"
FUR-FU-10004665,Furniture,Furnishings,"3M Polarizing Task Lamp with Clamp Arm, Light Gray"
TEC-PH-10000912,Technology,Phones,Anker 24W Portable Micro USB Car Charger
FUR-BO-10002936,Furniture,Bookcases,"Ikea Stackable Bookrack, Pine"
OFF-SU-10001683,Office Supplies,Supplies,"Kleencut Ruler, Steel"
OFF-PA-10000215,Office Supplies,Paper,"Eaton Parchment Paper, Premium"
FUR-TA-10004744,Furniture,Tables,"Lesro Conference Table, with Bottom Storage"
OFF-SU-10002094,Office Supplies,Supplies,"Acme Letter Opener, Steel"
TEC-APP-10004584,Technology,Phones,"Apple Office Telephone, VoIP"
OFF-BI-10004632,Office Supplies,Binders,"Avery 3-Hole Punch, Recycled"
FUR-FU-10003408,Furniture,Furnishings,"Rubbermaid Stacking Tray, Erganomic"
OFF-SU-10002498,Office Supplies,Supplies,"Stiletto Letter Opener, High Speed"
OFF-EN-10004486,Office Supplies,Envelopes,"GlobeWeis Business Envelopes, Security-Tint"
FUR-SAF-10002360,Furniture,Bookcases,"Safco Stackable Bookrack, Pine"
OFF-ST-10000918,Office Supplies,Storage,Crate-A-Files
OFF-FA-10004377,Office Supplies,Fasteners,"Stockwell Thumb Tacks, Metal"
TEC-PH-10003723,Technology,Phones,"Samsung Audio Dock, with Caller ID"
OFF-PA-10002033,Office Supplies,Paper,"Green Bar Cards & Envelopes, 8.5 x 11"
FUR-FU-10000140,Furniture,Furnishings,"Advantus Clock, Black"
TEC-BEL-10002153,Technology,Accessories,"Belkin Flash Drive, Bluetooth"
OFF-AR-10002433,Office Supplies,Art,"Stanley Pens, Easy-Erase"
OFF-LA-10001930,Office Supplies,Labels,"Hon Removable Labels, Adjustable"
OFF-FA-10002539,Office Supplies,Fasteners,"Stockwell Rubber Bands, Metal"
OFF-AP-10002017,Office Supplies,Appliances,"Cuisinart Blender, Red"
OFF-AR-10003727,Office Supplies,Art,Berol Giant Pencil Sharpener
OFF-BOS-10000363,Office Supplies,Art,"Boston Pencil Sharpener, Water Color"
TEC-MA-10003230,Technology,Machines,Okidata C610n Printer
OFF-SU-10000877,Office Supplies,Supplies,"Acme Scissors, Easy Grip"
OFF-EN-10002592,Office Supplies,Envelopes,"Peel & Seel Recycled Catalog Envelopes, Brown"
OFF-AP-10002675,Office Supplies,Appliances,"Cuisinart Refrigerator, Black"
OFF-ELI-10001812,Office Supplies,Supplies,"Elite Shears, Easy Grip"
FUR-CH-10002880,Furniture,Chairs,"Global High-Back Leather Tilter, Burgundy"
OFF-AP-10001018,Office Supplies,Appliances,"Cuisinart Refrigerator, White"
OFF-AR-10003829,Office Supplies,Art,"Boston Highlighters, Water Color"
OFF-SU-10004435,Office Supplies,Supplies,"Stiletto Shears, Serrated"
OFF-EN-10002396,Office Supplies,Envelopes,"Jiffy Mailers, Set of 50"
OFF-ST-10000990,Office Supplies,Storage,"Eldon Lockers, Single Width"
TEC-AC-10004144,Technology,Accessories,"SanDisk Numeric Keypad, Bluetooth"
OFF-FA-10003186,Office Supplies,Fasteners,"Accos Push Pins, Bulk Pack"
OFF-BI-10003152,Office Supplies,Binders,"Avery Hole Reinforcements, Recycled"
FUR-FU-10004619,Furniture,Furnishings,"Tenex Stacking Tray, Erganomic"
TEC-PH-10001590,Technology,Phones,"Motorola Headset, with Caller ID"
FUR-BO-10004043,Furniture,Bookcases,"Dania Classic Bookcase, Metal"
OFF-AR-10001708,Office Supplies,Art,"Boston Sketch Pad, Blue"
OFF-KLE-10002292,Office Supplies,Supplies,"Kleencut Scissors, Steel"
OFF-PA-10004386,Office Supplies,Paper,"Green Bar Note Cards, Premium"
OFF-GRE-10001084,Office Supplies,Paper,"Green Bar Cards & Envelopes, Multicolor"
OFF-ACM-10002045,Office Supplies,Supplies,"Acme Shears, High Speed"
OFF-AR-10002389,Office Supplies,Art,"Binney & Smith Pens, Fluorescent"
TEC-SHA-10001103,Technology,Copiers,"Sharp Copy Machine, Laser"
OFF-EN-10001882,Office Supplies,Envelopes,"Jiffy Manila Envelope, with clear poly window"
OFF-SME-10000880,Office Supplies,Storage,"Smead Box, Blue"
OFF-AP-10002371,Office Supplies,Appliances,"KitchenAid Blender, Silver"
OFF-ST-10004337,Office Supplies,Storage,"SAFCO Commercial Wire Shelving, 72h"
TEC-CO-10003017,Technology,Copiers,"Sharp Ink, Laser"
TEC-MA-10004241,Technology,Machines,Star Micronics TSP800 TSP847IIU Receipt Printer
TEC-PH-10003995,Technology,Phones,"Nokia Audio Dock, VoIP"
TEC-MA-10002464,Technology,Machines,"Panasonic Printer, Durable"
TEC-CO-10001449,Technology,Copiers,Hewlett Packard LaserJet 3310 Copier
OFF-BOS-10003699,Office Supplies,Art,"Boston Sketch Pad, Fluorescent"
OFF-EN-10001509,Office Supplies,Envelopes,Poly String Tie Envelopes
OFF-AP-10004978,Office Supplies,Appliances,"KitchenAid Coffee Grinder, Red"
FUR-BO-10002000,Furniture,Bookcases,"Ikea Classic Bookcase, Metal"
OFF-AP-10003971,Office Supplies,Appliances,Belkin 6 Outlet Metallic Surge Strip
FUR-TA-10002957,Furniture,Tables,"Bevis Training Table, Fully Assembled"
OFF-LA-10001867,Office Supplies,Labels,"Avery Shipping Labels, Alphabetical"
OFF-AP-10001548,Office Supplies,Appliances,"Hoover Toaster, Silver"
TEC-CO-10000263,Technology,Copiers,"Hewlett Fax Machine, Digital"
OFF-PA-10003981,Office Supplies,Paper,"SanDisk Note Cards, Premium"
OFF-GLO-10000014,Office Supplies,Envelopes,"GlobeWeis Manila Envelope, with clear poly window"
OFF-AME-10000851,Office Supplies,Envelopes,"Ames Mailers, with clear poly window"
OFF-SU-10003629,Office Supplies,Supplies,"Fiskars Letter Opener, High Speed"
OFF-SU-10003701,Office Supplies,Supplies,"Stiletto Ruler, Easy Grip"
OFF-SU-10000452,Office Supplies,Supplies,"Fiskars Letter Opener, Steel"
OFF-BI-10002792,Office Supplies,Binders,"Ibico Index Tab, Durable"
FUR-IKE-10000619,Furniture,Bookcases,"Ikea Corner Shelving, Pine"
OFF-GLO-10003463,Office Supplies,Envelopes,"GlobeWeis Peel and Seal, Security-Tint"
OFF-FA-10002241,Office Supplies,Fasteners,"Stockwell Clamps, Bulk Pack"
OFF-LA-10004727,Office Supplies,Labels,"Hon File Folder Labels, Laser Printer Compatible"
FUR-CH-10003706,Furniture,Chairs,"Harbour Creations Chairmat, Black"
OFF-LA-10000738,Office Supplies,Labels,"Avery File Folder Labels, Adjustable"
OFF-FA-10001246,Office Supplies,Fasteners,"OIC Staples, Metal"
OFF-PA-10001357,Office Supplies,Paper,Xerox 1886
OFF-AR-10002766,Office Supplies,Art,Prang Drawing Pencil Set
TEC-AC-10002852,Technology,Accessories,"Belkin Memory Card, Erganomic"
OFF-AP-10000667,Office Supplies,Appliances,"Breville Stove, White"
OFF-CUI-10000682,Office Supplies,Appliances,"Cuisinart Stove, Silver"
FUR-ADV-10004223,Furniture,Furnishings,"Advantus Clock, Black"
TEC-PH-10002584,Technology,Phones,Samsung Galaxy S4
OFF-PA-10004756,Office Supplies,Paper,"SanDisk Cards & Envelopes, Multicolor"
OFF-LA-10000508,Office Supplies,Labels,"Harbour Creations Round Labels, 5000 Label Set"
OFF-PA-10000605,Office Supplies,Paper,Xerox 1950
FUR-BO-10000502,Furniture,Bookcases,"Sauder Classic Bookcase, Mobile"
FUR-CH-10003362,Furniture,Chairs,"Office Star Swivel Stool, Adjustable"
FUR-BUS-10000332,Furniture,Bookcases,"Bush Library with Doors, Traditional"
TEC-AC-10001032,Technology,Accessories,"Enermax Numeric Keypad, Bluetooth"
FUR-FU-10002170,Furniture,Furnishings,"Deflect-O Frame, Duo Pack"
OFF-STO-10004841,Office Supplies,Fasteners,"Stockwell Paper Clips, Assorted Sizes"
OFF-FA-10002531,Office Supplies,Fasteners,"Advantus Paper Clips, Bulk Pack"
OFF-PA-10004296,Office Supplies,Paper,"Enermax Note Cards, Premium"
FUR-TA-10002519,Furniture,Tables,"Lesro Conference Table, with Bottom Storage"
OFF-BI-10001904,Office Supplies,Binders,"Cardinal Binder Covers, Durable"
TEC-CO-10001864,Technology,Copiers,"Brother Ink, High-Speed"
TEC-AC-10003518,Technology,Accessories,"Logitech Router, USB"
OFF-BI-10000305,Office Supplies,Binders,"Wilson Jones Index Tab, Durable"
FUR-CH-10000665,Furniture,Chairs,"Global Airflow Leather Mesh Back Chair, Black"
OFF-AP-10000873,Office Supplies,Appliances,"Hamilton Beach Microwave, Red"
OFF-AP-10004041,Office Supplies,Appliances,"KitchenAid Microwave, White"
FUR-BO-10004472,Furniture,Bookcases,"Dania Library with Doors, Pine"
OFF-FEL-10004016,Office Supplies,Storage,"Fellowes Shelving, Blue"
FUR-BO-10000728,Furniture,Bookcases,"Dania Corner Shelving, Traditional"
TEC-SHA-10000052,Technology,Copiers,"Sharp Copy Machine, Color"
OFF-BIN-10003023,Office Supplies,Art,"Binney & Smith Sketch Pad, Fluorescent"
TEC-AC-10001101,Technology,Accessories,Sony 16GB Class 10 Micro SDHC R40 Memory Card
FUR-CH-10001784,Furniture,Chairs,"SAFCO Steel Folding Chair, Set of Two"
OFF-BI-10000315,Office Supplies,Binders,Poly Designer Cover & Back
FUR-BO-10002782,Furniture,Bookcases,"Safco Corner Shelving, Traditional"
TEC-AC-10000890,Technology,Accessories,"Belkin Router, USB"
FUR-BO-10000676,Furniture,Bookcases,"Bush Stackable Bookrack, Pine"
TEC-PH-10002904,Technology,Phones,"Motorola Office Telephone, Cordless"
FUR-CH-10000391,Furniture,Chairs,"Novimex Bag Chairs, Red"
OFF-PA-10001947,Office Supplies,Paper,Xerox 1974
OFF-EN-10001141,Office Supplies,Envelopes,"Manila Recycled Extra-Heavyweight Clasp Envelopes, 6"" x 9"""
TEC-MA-10000686,Technology,Machines,"Epson Phone, Wireless"
TEC-MA-10002340,Technology,Machines,"Konica Receipt Printer, White"
OFF-JIF-10003890,Office Supplies,Envelopes,"Jiffy Peel and Seal, Recycled"
TEC-LOG-10000368,Technology,Accessories,"Logitech Flash Drive, Programmable"
OFF-CAM-10004269,Office Supplies,Envelopes,"Cameo Business Envelopes, Security-Tint"
OFF-LA-10003210,Office Supplies,Labels,"Novimex Color Coded Labels, 5000 Label Set"
TEC-AC-10004018,Technology,Accessories,"SanDisk Memory Card, USB"
OFF-ST-10003274,Office Supplies,Storage,"Eldon Box, Wire Frame"
OFF-AR-10002165,Office Supplies,Art,"Boston Sketch Pad, Fluorescent"
FUR-FU-10000444,Furniture,Furnishings,"Advantus Stacking Tray, Erganomic"
FUR-CH-10002481,Furniture,Chairs,"Hon Executive Leather Armchair, Adjustable"
OFF-EN-10004892,Office Supplies,Envelopes,"Ames Manila Envelope, with clear poly window"
TEC-PH-10003556,Technology,Phones,"Samsung Speaker Phone, VoIP"
OFF-ROG-10003300,Office Supplies,Storage,"Rogers Box, Wire Frame"
OFF-EN-10001415,Office Supplies,Envelopes,Staples
OFF-LA-10002883,Office Supplies,Labels,"Avery Removable Labels, Alphabetical"
TEC-PH-10003856,Technology,Phones,"Motorola Smart Phone, with Caller ID"
OFF-EN-10001627,Office Supplies,Envelopes,"Cameo Interoffice Envelope, with clear poly window"
FUR-DEF-10004355,Furniture,Furnishings,"Deflect-O Clock, Duo Pack"
FUR-CH-10001784,Furniture,Chairs,"SAFCO Bag Chairs, Adjustable"
OFF-PA-10001215,Office Supplies,Paper,Xerox 1963
OFF-ST-10001694,Office Supplies,Storage,"Smead Folders, Blue"
FUR-CH-10002589,Furniture,Chairs,"SAFCO Steel Folding Chair, Red"
FUR-BO-10000786,Furniture,Bookcases,"Sauder Stackable Bookrack, Pine"
OFF-SAN-10001128,Office Supplies,Art,"Sanford Pens, Easy-Erase"
OFF-EAT-10001303,Office Supplies,Paper,"Eaton Message Books, Premium"
OFF-ST-10003334,Office Supplies,Storage,"Smead Trays, Wire Frame"
OFF-BI-10002082,Office Supplies,Binders,GBC Twin Loop Wire Binding Elements
OFF-AR-10002364,Office Supplies,Art,"BIC Pens, Easy-Erase"
FUR-TA-10002912,Furniture,Tables,"Lesro Conference Table, Fully Assembled"
OFF-SME-10001667,Office Supplies,Labels,"Smead Shipping Labels, 5000 Label Set"
OFF-FA-10000475,Office Supplies,Fasteners,"OIC Paper Clips, Metal"
TEC-CO-10004081,Technology,Copiers,"HP Personal Copier, High-Speed"
OFF-EN-10003604,Office Supplies,Envelopes,"Jiffy Clasp Envelope, Set of 50"
FUR-FU-10000936,Furniture,Furnishings,"Eldon Photo Frame, Durable"
TEC-PH-10002799,Technology,Phones,"Apple Audio Dock, Full Size"
OFF-EN-10000714,Office Supplies,Envelopes,"Ames Mailers, Set of 50"
OFF-AR-10002671,Office Supplies,Art,"Hunt BOSTON Model 1606 High-Volume Electric Pencil Sharpener, Beige"
FUR-FU-10002246,Furniture,Furnishings,"Tenex Frame, Duo Pack"
FUR-FU-10003414,Furniture,Furnishings,"Tenex Clock, Duo Pack"
OFF-AP-10000534,Office Supplies,Appliances,"KitchenAid Toaster, Silver"
OFF-PA-10004024,Office Supplies,Paper,"Enermax Memo Slips, Recycled"
FUR-SAF-10002253,Furniture,Bookcases,"Safco Stackable Bookrack, Pine"
TEC-AC-10001254,Technology,Accessories,"Enermax Memory Card, Programmable"
OFF-AR-10000727,Office Supplies,Art,"Stanley Canvas, Easy-Erase"
FUR-CH-10001262,Furniture,Chairs,"Office Star Rocking Chair, Set of Two"
FUR-BO-10004911,Furniture,Bookcases,"Ikea Corner Shelving, Mobile"
OFF-LA-10000818,Office Supplies,Labels,"Hon Round Labels, Alphabetical"
OFF-ST-10002555,Office Supplies,Storage,"Eldon Lockers, Industrial"
OFF-PA-10000872,Office Supplies,Paper,"Xerox Parchment Paper, Multicolor"
OFF-STO-10000923,Office Supplies,Fasteners,"Stockwell Staples, Bulk Pack"
OFF-PA-10003971,Office Supplies,Paper,Xerox 1965
FUR-CH-10004163,Furniture,Chairs,"Novimex Steel Folding Chair, Adjustable"
FUR-FU-10004281,Furniture,Furnishings,"Eldon Light Bulb, Erganomic"
OFF-EN-10003607,Office Supplies,Envelopes,"Cameo Business Envelopes, Recycled"
FUR-FU-10000394,Furniture,Furnishings,"Rubbermaid Photo Frame, Durable"
OFF-SME-10002467,Office Supplies,Labels,"Smead Round Labels, Alphabetical"
OFF-ST-10000242,Office Supplies,Storage,"Fellowes Folders, Wire Frame"
OFF-AR-10001374,Office Supplies,Art,"BIC Brite Liner Highlighters, Chisel Tip"
OFF-SU-10002215,Office Supplies,Supplies,"Elite Ruler, High Speed"
OFF-PA-10003033,Office Supplies,Paper,"Enermax Parchment Paper, Recycled"
OFF-FA-10004374,Office Supplies,Fasteners,"Accos Paper Clips, Bulk Pack"
OFF-SU-10002503,Office Supplies,Supplies,Acme Preferred Stainless Steel Scissors
FUR-TA-10003568,Furniture,Tables,"Chromcraft Conference Table, Rectangular"
OFF-EN-10000781,Office Supplies,Envelopes,"#10- 4 1/8"" x 9 1/2"" Recycled Envelopes"
FUR-FU-10001617,Furniture,Furnishings,"Eldon Frame, Black"
FUR-DEF-10003315,Furniture,Furnishings,"Deflect-O Clock, Erganomic"
OFF-LA-10000121,Office Supplies,Labels,Avery 48
FUR-CH-10003062,Furniture,Chairs,"Novimex Chairmat, Red"
OFF-FA-10004233,Office Supplies,Fasteners,"Stockwell Paper Clips, Metal"
OFF-ST-10000711,Office Supplies,Storage,"Fellowes Box, Single Width"
OFF-FA-10004924,Office Supplies,Fasteners,"Stockwell Paper Clips, Assorted Sizes"
TEC-APP-10003588,Technology,Phones,"Apple Signal Booster, with Caller ID"
OFF-ELD-10000845,Office Supplies,Storage,"Eldon Lockers, Wire Frame"
TEC-PH-10003215,Technology,Phones,"Samsung Headset, Full Size"
FUR-TA-10001226,Furniture,Tables,"Hon Conference Table, Rectangular"
OFF-STA-10002719,Office Supplies,Art,"Stanley Pencil Sharpener, Easy-Erase"
TEC-MA-10004482,Technology,Machines,"Panasonic Card Printer, White"
OFF-AP-10001285,Office Supplies,Appliances,"Cuisinart Stove, Red"
OFF-ST-10002182,Office Supplies,Storage,"Iris 3-Drawer Stacking Bin, Black"
OFF-FA-10003505,Office Supplies,Fasteners,"OIC Thumb Tacks, Metal"
FUR-BO-10001201,Furniture,Bookcases,"Bush Stackable Bookrack, Mobile"
OFF-PA-10003808,Office Supplies,Paper,"SanDisk Note Cards, Premium"
OFF-HAM-10004471,Office Supplies,Appliances,"Hamilton Beach Coffee Grinder, Silver"
OFF-ST-10000619,Office Supplies,Storage,"Eldon Lockers, Wire Frame"
FUR-CH-10000414,Furniture,Chairs,"Novimex Chairmat, Black"
OFF-PA-10000373,Office Supplies,Paper,"Xerox Cards & Envelopes, 8.5 x 11"
OFF-FA-10002286,Office Supplies,Fasteners,"OIC Push Pins, Bulk Pack"
OFF-LA-10001175,Office Supplies,Labels,Avery 514
FUR-HAR-10001792,Furniture,Chairs,"Harbour Creations Bag Chairs, Red"
TEC-AC-10000927,Technology,Accessories,Anker Ultrathin Bluetooth Wireless Keyboard Aluminum Cover with Stand
OFF-PA-10001293,Office Supplies,Paper,Xerox 1946
OFF-FA-10002268,Office Supplies,Fasteners,"OIC Clamps, 12 Pack"
OFF-LA-10003283,Office Supplies,Labels,"Hon File Folder Labels, 5000 Label Set"
OFF-SU-10000294,Office Supplies,Supplies,"Elite Trimmer, Serrated"
FUR-CH-10000488,Furniture,Chairs,"SAFCO Steel Folding Chair, Black"
OFF-PA-10001281,Office Supplies,Paper,Computer Printout Paper with Letter-Trim Fine Perforations
FUR-OFF-10003104,Furniture,Chairs,"Office Star Bag Chairs, Red"
OFF-ST-10000003,Office Supplies,Storage,"Tenex Shelving, Industrial"
OFF-AR-10001386,Office Supplies,Art,"Sanford Sketch Pad, Easy-Erase"
FUR-FU-10002546,Furniture,Furnishings,"Deflect-O Light Bulb, Durable"
OFF-PA-10000551,Office Supplies,Paper,Array Memo Cubes
OFF-AR-10001228,Office Supplies,Art,"Binney & Smith Pens, Easy-Erase"
OFF-BI-10001815,Office Supplies,Binders,"Acco Index Tab, Economy"
OFF-AP-10001776,Office Supplies,Appliances,"Hamilton Beach Microwave, White"
OFF-PA-10002382,Office Supplies,Paper,"Eaton Note Cards, Premium"
OFF-BI-10004376,Office Supplies,Binders,"Ibico Index Tab, Economy"
OFF-PA-10001307,Office Supplies,Paper,"Important Message Pads, 50 4-1/4 x 5-1/2 Forms per Pad"
FUR-TA-10000637,Furniture,Tables,"Bevis Conference Table, Rectangular"
OFF-AP-10000675,Office Supplies,Appliances,"Hamilton Beach Stove, White"
OFF-EAT-10004979,Office Supplies,Paper,"Eaton Cards & Envelopes, Multicolor"
OFF-TEN-10001031,Office Supplies,Storage,"Tenex Shelving, Single Width"
OFF-EN-10000454,Office Supplies,Envelopes,"GlobeWeis Business Envelopes, Set of 50"
OFF-AR-10003466,Office Supplies,Art,"Binney & Smith Highlighters, Easy-Erase"
OFF-SU-10003537,Office Supplies,Supplies,"Stiletto Letter Opener, Easy Grip"
FUR-TA-10003837,Furniture,Tables,Anderson Hickey Conga Table Tops & Accessories
FUR-CH-10002468,Furniture,Chairs,"Hon Rocking Chair, Adjustable"
OFF-AP-10002226,Office Supplies,Appliances,"Hoover Blender, Black"
OFF-SU-10001868,Office Supplies,Supplies,"Elite Box Cutter, Steel"
FUR-TA-10002903,Furniture,Tables,"Bevis Round Bullnose 29"" High Table Top"
OFF-BIC-10004826,Office Supplies,Art,"BIC Canvas, Easy-Erase"
FUR-CH-10004755,Furniture,Chairs,"Novimex Swivel Stool, Red"
TEC-SHA-10003039,Technology,Copiers,"Sharp Fax and Copier, Digital"
FUR-CH-10003774,Furniture,Chairs,"Global Wood Trimmed Manager's Task Chair, Khaki"
TEC-CO-10004689,Technology,Copiers,"Canon Ink, Color"
FUR-BO-10000700,Furniture,Bookcases,"Sauder Floating Shelf Set, Metal"
OFF-AR-10000540,Office Supplies,Art,"Binney & Smith Markers, Water Color"
TEC-MA-10003673,Technology,Machines,Hewlett-Packard Desktjet 6988DT Refurbished Printer
TEC-CO-10001954,Technology,Copiers,"Brother Wireless Fax, Laser"
OFF-FA-10000631,Office Supplies,Fasteners,"Accos Rubber Bands, Assorted Sizes"
OFF-BIC-10000041,Office Supplies,Art,"BIC Markers, Blue"
FUR-IKE-10002147,Furniture,Bookcases,"Ikea 3-Shelf Cabinet, Traditional"
FUR-CH-10002927,Furniture,Chairs,"Office Star Swivel Stool, Black"
FUR-FU-10001008,Furniture,Furnishings,"Rubbermaid Light Bulb, Durable"
OFF-PA-10001531,Office Supplies,Paper,"Eaton Parchment Paper, 8.5 x 11"
OFF-EN-10004935,Office Supplies,Envelopes,"Cameo Clasp Envelope, with clear poly window"
FUR-FU-10004097,Furniture,Furnishings,"Advantus Door Stop, Duo Pack"
FUR-HON-10000224,Furniture,Tables,"Hon Computer Table, with Bottom Storage"
OFF-OIC-10000492,Office Supplies,Fasteners,"OIC Push Pins, 12 Pack"
OFF-SU-10002775,Office Supplies,Supplies,"Fiskars Box Cutter, Steel"
OFF-LA-10001618,Office Supplies,Labels,"Hon Legal Exhibit Labels, Adjustable"
FUR-FU-10003326,Furniture,Furnishings,"Eldon Photo Frame, Duo Pack"
OFF-BI-10001055,Office Supplies,Binders,"Wilson Jones Hole Reinforcements, Durable"
OFF-EN-10002961,Office Supplies,Envelopes,"Kraft Clasp Envelope, Security-Tint"
OFF-LA-10003278,Office Supplies,Labels,"Novimex Shipping Labels, 5000 Label Set"
OFF-PA-10003389,Office Supplies,Paper,"Enermax Message Books, Recycled"
OFF-STA-10001112,Office Supplies,Art,"Stanley Markers, Easy-Erase"
OFF-PA-10002416,Office Supplies,Paper,"Xerox Memo Slips, 8.5 x 11"
OFF-BI-10000725,Office Supplies,Binders,"Wilson Jones Binding Machine, Durable"
FUR-CH-10003232,Furniture,Chairs,"Harbour Creations Executive Leather Armchair, Adjustable"
FUR-FU-10003283,Furniture,Furnishings,"Rubbermaid Stacking Tray, Durable"
OFF-EN-10002524,Office Supplies,Envelopes,"Cameo Peel and Seal, with clear poly window"
FUR-BO-10002387,Furniture,Bookcases,"Safco Library with Doors, Metal"
OFF-FA-10003885,Office Supplies,Fasteners,"Stockwell Rubber Bands, Metal"
OFF-ACC-10003788,Office Supplies,Binders,"Acco Hole Reinforcements, Clear"
OFF-HAM-10004805,Office Supplies,Appliances,"Hamilton Beach Coffee Grinder, White"
OFF-WIL-10000164,Office Supplies,Binders,"Wilson Jones Binding Machine, Durable"
OFF-LA-10000262,Office Supplies,Labels,Avery 494
TEC-PH-10000455,Technology,Phones,GE 30522EE2
OFF-AP-10000639,Office Supplies,Appliances,"Breville Microwave, Red"
OFF-AP-10004248,Office Supplies,Appliances,"Hoover Toaster, White"
TEC-PH-10003075,Technology,Phones,"Samsung Signal Booster, Full Size"
OFF-HON-10001508,Office Supplies,Labels,"Hon Removable Labels, 5000 Label Set"
FUR-FU-10000251,Furniture,Furnishings,"Deflect-O Door Stop, Duo Pack"
TEC-CO-10003349,Technology,Copiers,"Hewlett Copy Machine, Color"
OFF-BI-10004442,Office Supplies,Binders,"Wilson Jones Binder, Durable"
TEC-NOK-10001678,Technology,Phones,"Nokia Audio Dock, Cordless"
OFF-AR-10000989,Office Supplies,Art,"Binney & Smith Canvas, Blue"
FUR-DEF-10000572,Furniture,Furnishings,"Deflect-O Photo Frame, Duo Pack"
OFF-ST-10001440,Office Supplies,Storage,"Eldon Shelving, Blue"
FUR-BO-10001918,Furniture,Bookcases,"Sauder Forest Hills Library with Doors, Woodland Oak Finish"
TEC-MA-10003698,Technology,Machines,"Okidata Phone, White"
OFF-SU-10001506,Office Supplies,Supplies,"Kleencut Letter Opener, Steel"
OFF-BI-10000719,Office Supplies,Binders,"Wilson Jones Hole Reinforcements, Clear"
OFF-SME-10002250,Office Supplies,Labels,"Smead File Folder Labels, Alphabetical"
OFF-LA-10003437,Office Supplies,Labels,"Hon Color Coded Labels, Laser Printer Compatible"
TEC-CO-10003534,Technology,Copiers,"HP Fax and Copier, Digital"
TEC-AC-10002914,Technology,Accessories,"Memorex Router, Programmable"
FUR-SAF-10004525,Furniture,Chairs,"SAFCO Swivel Stool, Red"
OFF-SU-10004236,Office Supplies,Supplies,"Stiletto Letter Opener, Steel"
OFF-AR-10001246,Office Supplies,Art,Newell 317
FUR-CH-10003750,Furniture,Chairs,"Harbour Creations Rocking Chair, Red"
FUR-FU-10000468,Furniture,Furnishings,"Advantus Frame, Durable"
FUR-BO-10000961,Furniture,Bookcases,"Bush Stackable Bookrack, Pine"
OFF-AR-10004042,Office Supplies,Art,"BOSTON Model 1800 Electric Pencil Sharpeners, Putty/Woodgrain"
OFF-PA-10003020,Office Supplies,Paper,"Xerox Message Books, Premium"
FUR-BO-10004452,Furniture,Bookcases,"Bush Classic Bookcase, Pine"
TEC-PH-10004162,Technology,Phones,"Samsung Speaker Phone, Cordless"
OFF-BI-10003653,Office Supplies,Binders,"Avery 3-Hole Punch, Durable"
OFF-ST-10004800,Office Supplies,Storage,"Eldon Folders, Industrial"
TEC-MA-10002614,Technology,Machines,"Okidata Receipt Printer, Wireless"
TEC-LOG-10003539,Technology,Accessories,"Logitech Mouse, Erganomic"
OFF-AP-10000934,Office Supplies,Appliances,"Hamilton Beach Stove, Black"
OFF-PA-10004994,Office Supplies,Paper,"Green Bar Parchment Paper, Premium"
TEC-PH-10003157,Technology,Phones,"Nokia Speaker Phone, VoIP"
OFF-ST-10001758,Office Supplies,Storage,"Rogers Lockers, Blue"
OFF-WIL-10002233,Office Supplies,Binders,"Wilson Jones Index Tab, Durable"
FUR-CH-10002758,Furniture,Chairs,"Hon Deluxe Fabric Upholstered Stacking Chairs, Squared Back"
FUR-BO-10001498,Furniture,Bookcases,"Dania Classic Bookcase, Pine"
OFF-EN-10004526,Office Supplies,Envelopes,"GlobeWeis Mailers, Recycled"
TEC-STA-10003330,Technology,Machines,"StarTech Printer, Red"
OFF-PA-10000070,Office Supplies,Paper,"Eaton Computer Printout Paper, Recycled"
OFF-EN-10003939,Office Supplies,Envelopes,"Kraft Interoffice Envelope, Set of 50"
OFF-EN-10003175,Office Supplies,Envelopes,"Ames Manila Envelope, Security-Tint"
TEC-OKI-10004199,Technology,Machines,"Okidata Receipt Printer, White"
FUR-BO-10001699,Furniture,Bookcases,"Ikea 3-Shelf Cabinet, Mobile"
TEC-AC-10002942,Technology,Accessories,WD My Passport Ultra 1TB Portable External Hard Drive
OFF-AP-10000584,Office Supplies,Appliances,"Breville Refrigerator, Silver"
FUR-FU-10002703,Furniture,Furnishings,"Tenex Traditional Chairmats for Hard Floors, Average Lip, 36"" x 48"""
TEC-PH-10000526,Technology,Phones,Vtech CS6719
OFF-ST-10003089,Office Supplies,Storage,"Tenex Lockers, Industrial"
TEC-BEL-10003875,Technology,Accessories,"Belkin Memory Card, Programmable"
OFF-PA-10002893,Office Supplies,Paper,"Wirebound Service Call Books, 5 1/2"" x 4"""
FUR-FU-10002837,Furniture,Furnishings,"Advantus Frame, Duo Pack"
OFF-ST-10003204,Office Supplies,Storage,"Tenex Trays, Industrial"
OFF-EN-10003049,Office Supplies,Envelopes,"GlobeWeis Clasp Envelope, Security-Tint"
TEC-CO-10002427,Technology,Copiers,"Canon Copy Machine, Laser"
OFF-BI-10003068,Office Supplies,Binders,"Ibico Binding Machine, Durable"
OFF-FA-10003685,Office Supplies,Fasteners,"Stockwell Rubber Bands, Bulk Pack"
TEC-PH-10004263,Technology,Phones,"Cisco Signal Booster, with Caller ID"
OFF-SU-10004317,Office Supplies,Supplies,"Kleencut Box Cutter, Easy Grip"
OFF-FA-10001304,Office Supplies,Fasteners,"Stockwell Push Pins, Assorted Sizes"
OFF-ST-10000107,Office Supplies,Storage,"Eldon File Cart, Industrial"
TEC-AC-10001608,Technology,Accessories,"Memorex Flash Drive, USB"
OFF-AP-10002057,Office Supplies,Appliances,"Breville Coffee Grinder, Black"
OFF-SU-10004480,Office Supplies,Supplies,"Fiskars Box Cutter, Serrated"
FUR-TEN-10000002,Furniture,Furnishings,"Tenex Stacking Tray, Black"
OFF-AP-10003972,Office Supplies,Appliances,"Hoover Coffee Grinder, Silver"
OFF-PA-10000994,Office Supplies,Paper,Xerox 1915
TEC-CO-10000172,Technology,Copiers,"Hewlett Ink, Digital"
OFF-STA-10004108,Office Supplies,Art,"Stanley Canvas, Easy-Erase"
FUR-FU-10004579,Furniture,Furnishings,"Deflect-O Door Stop, Duo Pack"
TEC-SAM-10003891,Technology,Phones,"Samsung Headset, with Caller ID"
TEC-PH-10004434,Technology,Phones,Cisco IP Phone 7961G VoIP phone - Dark gray
OFF-AR-10004139,Office Supplies,Art,"Stanley Sketch Pad, Easy-Erase"
FUR-HAR-10004593,Furniture,Chairs,"Harbour Creations Executive Leather Armchair, Black"
FUR-CH-10002653,Furniture,Chairs,"Office Star Rocking Chair, Adjustable"
OFF-NOV-10002952,Office Supplies,Labels,"Novimex Round Labels, Laser Printer Compatible"
FUR-FU-10001129,Furniture,Furnishings,"Deflect-O Stacking Tray, Black"
FUR-CH-10000836,Furniture,Chairs,"SAFCO Swivel Stool, Adjustable"
OFF-PA-10001661,Office Supplies,Paper,"SanDisk Computer Printout Paper, 8.5 x 11"
OFF-EN-10000788,Office Supplies,Envelopes,"Jiffy Manila Envelope, Security-Tint"
OFF-AP-10001776,Office Supplies,Appliances,"Hoover Refrigerator, Red"
FUR-TA-10004801,Furniture,Tables,"Hon Conference Table, Rectangular"
OFF-SU-10004911,Office Supplies,Supplies,"Acme Shears, High Speed"
OFF-SU-10000707,Office Supplies,Supplies,"Stiletto Shears, Serrated"
OFF-ST-10003331,Office Supplies,Storage,"Rogers File Cart, Single Width"
TEC-CO-10004985,Technology,Copiers,"Hewlett Copy Machine, Color"
TEC-AC-10002335,Technology,Accessories,"Belkin Memory Card, USB"
OFF-HON-10004698,Office Supplies,Labels,"Hon File Folder Labels, Laser Printer Compatible"
FUR-CH-10001037,Furniture,Chairs,"SAFCO Chairmat, Adjustable"
TEC-MOT-10004111,Technology,Phones,"Motorola Office Telephone, with Caller ID"
OFF-FA-10003318,Office Supplies,Fasteners,"Stockwell Clamps, Bulk Pack"
OFF-SME-10003047,Office Supplies,Labels,"Smead Color Coded Labels, Laser Printer Compatible"
FUR-CH-10000265,Furniture,Chairs,"Office Star Chairmat, Adjustable"
FUR-BO-10001356,Furniture,Bookcases,"Ikea Library with Doors, Mobile"
OFF-AR-10004218,Office Supplies,Art,"BIC Pens, Fluorescent"
TEC-ENE-10002254,Technology,Accessories,"Enermax Keyboard, Programmable"
OFF-LA-10002486,Office Supplies,Labels,"Harbour Creations Legal Exhibit Labels, Adjustable"
OFF-EN-10004053,Office Supplies,Envelopes,"GlobeWeis Manila Envelope, with clear poly window"
TEC-PH-10003182,Technology,Phones,"Cisco Office Telephone, with Caller ID"
FUR-TA-10003855,Furniture,Tables,"Lesro Round Table, with Bottom Storage"
OFF-AP-10004785,Office Supplies,Appliances,"Holmes Replacement Filter for HEPA Air Cleaner, Medium Room"
FUR-CH-10001044,Furniture,Chairs,"Harbour Creations Steel Folding Chair, Adjustable"
OFF-PA-10000961,Office Supplies,Paper,"Green Bar Parchment Paper, Premium"
TEC-BRO-10000381,Technology,Copiers,"Brother Fax and Copier, Laser"
OFF-PA-10001972,Office Supplies,Paper,"Eaton Message Books, Premium"
OFF-BI-10004042,Office Supplies,Binders,"Cardinal Binding Machine, Recycled"
OFF-ST-10003331,Office Supplies,Storage,"Smead Box, Single Width"
OFF-AP-10001303,Office Supplies,Appliances,"Holmes Cool Mist Humidifier for the Whole House with 8-Gallon Output per Day, Extended Life Filter"
OFF-FA-10001401,Office Supplies,Fasteners,"OIC Staples, 12 Pack"
FUR-TA-10004544,Furniture,Tables,"Chromcraft Coffee Table, Fully Assembled"
TEC-AC-10002086,Technology,Accessories,"SanDisk Keyboard, Erganomic"
OFF-FA-10001309,Office Supplies,Fasteners,"Stockwell Thumb Tacks, 12 Pack"
FUR-CHR-10001784,Furniture,Tables,"Chromcraft Coffee Table, with Bottom Storage"
FUR-HAR-10002632,Furniture,Chairs,"Harbour Creations Chairmat, Adjustable"
TEC-STA-10003065,Technology,Machines,"StarTech Receipt Printer, Durable"
TEC-AC-10004508,Technology,Accessories,"SanDisk Numeric Keypad, Bluetooth"
OFF-AVE-10000418,Office Supplies,Labels,"Avery Color Coded Labels, 5000 Label Set"
OFF-ST-10003306,Office Supplies,Storage,Letter Size Cart
TEC-PH-10001760,Technology,Phones,Bose SoundLink Bluetooth Speaker
OFF-PA-10001835,Office Supplies,Paper,"SanDisk Computer Printout Paper, 8.5 x 11"
FUR-TA-10004584,Furniture,Tables,"Hon Training Table, Rectangular"
TEC-LOG-10003995,Technology,Accessories,"Logitech Numeric Keypad, Erganomic"
OFF-AME-10002949,Office Supplies,Envelopes,"Ames Clasp Envelope, with clear poly window"
OFF-EAT-10000652,Office Supplies,Paper,"Eaton Computer Printout Paper, 8.5 x 11"
TEC-MA-10004684,Technology,Machines,"StarTech Phone, White"
FUR-CH-10003982,Furniture,Chairs,"Harbour Creations Swivel Stool, Adjustable"
OFF-BI-10000827,Office Supplies,Binders,"Acco Binder, Recycled"
OFF-LA-10001067,Office Supplies,Labels,"Smead Legal Exhibit Labels, Laser Printer Compatible"
TEC-AC-10001767,Technology,Accessories,SanDisk Ultra 64 GB MicroSDHC Class 10 Memory Card
OFF-SAN-10003152,Office Supplies,Paper,"SanDisk Memo Slips, Multicolor"
OFF-BOS-10002340,Office Supplies,Art,"Boston Markers, Blue"
TEC-AC-10003463,Technology,Accessories,"Enermax Numeric Keypad, USB"
OFF-EN-10003529,Office Supplies,Envelopes,"Ames Peel and Seal, Recycled"
OFF-IBI-10003191,Office Supplies,Binders,"Ibico 3-Hole Punch, Durable"
FUR-FU-10002396,Furniture,Furnishings,"DAX Copper Panel Document Frame, 5 x 7 Size"
OFF-EN-10000359,Office Supplies,Envelopes,"Ames Clasp Envelope, Recycled"
OFF-EN-10002985,Office Supplies,Envelopes,"Cameo Peel and Seal, Recycled"
OFF-AR-10001678,Office Supplies,Art,"Binney & Smith Sketch Pad, Easy-Erase"
TEC-CO-10003007,Technology,Copiers,"Hewlett Fax and Copier, Color"
OFF-PA-10003270,Office Supplies,Paper,Xerox 1954
OFF-PA-10004405,Office Supplies,Paper,Rediform Voice Mail Log Books
TEC-AC-10002749,Technology,Accessories,"Enermax Mouse, USB"
FUR-HON-10004137,Furniture,Chairs,"Hon Rocking Chair, Set of Two"
FUR-SAF-10004664,Furniture,Chairs,"SAFCO Steel Folding Chair, Set of Two"
FUR-CH-10004685,Furniture,Chairs,"Harbour Creations Swivel Stool, Set of Two"
OFF-SAN-10004420,Office Supplies,Art,"Sanford Sketch Pad, Water Color"
OFF-BI-10002126,Office Supplies,Binders,"Wilson Jones Index Tab, Clear"
OFF-AP-10002223,Office Supplies,Appliances,"Cuisinart Coffee Grinder, Red"
FUR-TEN-10000986,Furniture,Furnishings,"Tenex Frame, Duo Pack"
FUR-BO-10001287,Furniture,Bookcases,"Dania Floating Shelf Set, Metal"
OFF-SAN-10003041,Office Supplies,Art,"Sanford Markers, Water Color"
OFF-AR-10001759,Office Supplies,Art,"Sanford Sketch Pad, Fluorescent"
FUR-FU-10004909,Furniture,Furnishings,Contemporary Wood/Metal Frame
OFF-EN-10003018,Office Supplies,Envelopes,"GlobeWeis Clasp Envelope, Set of 50"
OFF-AR-10003023,Office Supplies,Art,"Stanley Highlighters, Water Color"
FUR-TA-10001285,Furniture,Tables,"Chromcraft Conference Table, Fully Assembled"
OFF-ELD-10001318,Office Supplies,Storage,"Eldon Lockers, Industrial"
OFF-BI-10001248,Office Supplies,Binders,"Avery Binder, Economy"
OFF-SU-10004902,Office Supplies,Supplies,"Fiskars Ruler, Easy Grip"
OFF-ST-10001393,Office Supplies,Storage,"Fellowes Trays, Blue"
FUR-HON-10003137,Furniture,Chairs,"Hon Steel Folding Chair, Set of Two"
OFF-BI-10004486,Office Supplies,Binders,"Wilson Jones 3-Hole Punch, Durable"
OFF-PA-10004573,Office Supplies,Paper,"Enermax Memo Slips, Premium"
FUR-FU-10004464,Furniture,Furnishings,"Deflect-O Clock, Durable"
FUR-CH-10001616,Furniture,Chairs,"Harbour Creations Bag Chairs, Red"
TEC-CO-10003410,Technology,Copiers,"Brother Ink, High-Speed"
OFF-BI-10001598,Office Supplies,Binders,"Avery Hole Reinforcements, Recycled"
OFF-BI-10002047,Office Supplies,Binders,"Acco Index Tab, Durable"
FUR-CH-10004801,Furniture,Chairs,"Office Star Bag Chairs, Set of Two"
FUR-BO-10002277,Furniture,Bookcases,"Bush Floating Shelf Set, Mobile"
OFF-PA-10001595,Office Supplies,Paper,"Enermax Memo Slips, 8.5 x 11"
OFF-AR-10001626,Office Supplies,Art,"BIC Pens, Blue"
TEC-MA-10002306,Technology,Machines,"Epson Phone, White"
OFF-AP-10004527,Office Supplies,Appliances,"Hamilton Beach Toaster, White"
TEC-AC-10003034,Technology,Accessories,"Belkin Keyboard, Erganomic"
OFF-FA-10001684,Office Supplies,Fasteners,"Accos Staples, Bulk Pack"
TEC-AC-10000450,Technology,Accessories,"Enermax Keyboard, USB"
OFF-PA-10002120,Office Supplies,Paper,Xerox 1889
OFF-LA-10002465,Office Supplies,Labels,"Hon Shipping Labels, 5000 Label Set"
FUR-BO-10004423,Furniture,Bookcases,"Ikea Corner Shelving, Pine"
OFF-ST-10001713,Office Supplies,Storage,"Gould Plastics 9-Pocket Panel Bin, 18-3/8w x 5-1/4d x 20-1/2h, Black"
OFF-BI-10004361,Office Supplies,Binders,"Avery 3-Hole Punch, Recycled"
FUR-LES-10003082,Furniture,Tables,"Lesro Coffee Table, Rectangular"
FUR-ADV-10002601,Furniture,Furnishings,"Advantus Photo Frame, Erganomic"
TEC-CO-10001087,Technology,Copiers,"Hewlett Ink, Laser"
TEC-AC-10001406,Technology,Accessories,"Enermax Memory Card, Programmable"
OFF-AR-10000799,Office Supplies,Art,"Sanford Highlighters, Easy-Erase"
OFF-IBI-10000099,Office Supplies,Binders,"Ibico Binder, Clear"
TEC-AC-10002025,Technology,Accessories,"Memorex Flash Drive, Bluetooth"
OFF-BI-10001670,Office Supplies,Binders,Vinyl Sectional Post Binders
TEC-MA-10003632,Technology,Machines,"Epson Calculator, Wireless"
FUR-OFF-10001125,Furniture,Chairs,"Office Star Rocking Chair, Adjustable"
FUR-DAN-10001462,Furniture,Bookcases,"Dania Stackable Bookrack, Pine"
TEC-MA-10000559,Technology,Machines,"Epson Card Printer, Red"
OFF-FA-10001521,Office Supplies,Fasteners,"Stockwell Thumb Tacks, Assorted Sizes"
TEC-AC-10004114,Technology,Accessories,KeyTronic 6101 Series - Keyboard - Black
FUR-TA-10001968,Furniture,Tables,"Bevis Computer Table, with Bottom Storage"
TEC-PH-10003092,Technology,Phones,Motorola L804
OFF-BI-10000171,Office Supplies,Binders,"Wilson Jones Index Tab, Recycled"
TEC-CO-10002244,Technology,Copiers,"Sharp Ink, Laser"
TEC-AC-10000474,Technology,Accessories,"Logitech Flash Drive, USB"
OFF-SAN-10003393,Office Supplies,Paper,"SanDisk Cards & Envelopes, Recycled"
OFF-GLO-10004610,Office Supplies,Envelopes,"GlobeWeis Peel and Seal, with clear poly window"
TEC-AC-10002558,Technology,Accessories,Imation Swivel Flash Drive USB flash drive - 8 GB
OFF-KLE-10004673,Office Supplies,Supplies,"Kleencut Box Cutter, Serrated"
FUR-BO-10002346,Furniture,Bookcases,"Dania Stackable Bookrack, Mobile"
OFF-SU-10004643,Office Supplies,Supplies,"Elite Trimmer, Easy Grip"
FUR-TA-10003663,Furniture,Tables,"Bevis Computer Table, Adjustable Height"
FUR-OFF-10000344,Furniture,Chairs,"Office Star Bag Chairs, Adjustable"
TEC-PH-10001580,Technology,Phones,Logitech Mobile Speakerphone P710e - speaker phone
OFF-KLE-10000050,Office Supplies,Supplies,"Kleencut Trimmer, High Speed"
OFF-LA-10000345,Office Supplies,Labels,"Avery File Folder Labels, Laser Printer Compatible"
OFF-STI-10000856,Office Supplies,Supplies,"Stiletto Shears, Easy Grip"
OFF-ELD-10002297,Office Supplies,Storage,"Eldon Lockers, Blue"
TEC-MA-10004198,Technology,Machines,"Panasonic Card Printer, White"
OFF-LA-10002354,Office Supplies,Labels,"Novimex Color Coded Labels, 5000 Label Set"
FUR-FU-10002407,Furniture,Furnishings,"Deflect-O Light Bulb, Duo Pack"
FUR-FU-10004923,Furniture,Furnishings,"Advantus Stacking Tray, Durable"
OFF-FA-10000074,Office Supplies,Fasteners,"Stockwell Push Pins, Bulk Pack"
FUR-TA-10004342,Furniture,Tables,"Chromcraft Round Table, with Bottom Storage"
FUR-CH-10000326,Furniture,Chairs,"SAFCO Rocking Chair, Red"
TEC-MA-10003084,Technology,Machines,"Okidata Receipt Printer, Red"
TEC-AC-10004520,Technology,Accessories,"Memorex Flash Drive, Bluetooth"
OFF-AP-10003497,Office Supplies,Appliances,"Breville Coffee Grinder, Black"
OFF-SU-10003473,Office Supplies,Supplies,"Elite Trimmer, Steel"
OFF-KIT-10000717,Office Supplies,Appliances,"KitchenAid Toaster, White"
OFF-BI-10004970,Office Supplies,Binders,"ACCOHIDE 3-Ring Binder, Blue, 1"""
FUR-FU-10002928,Furniture,Furnishings,"Rubbermaid Clock, Durable"
FUR-NOV-10004563,Furniture,Chairs,"Novimex Bag Chairs, Black"
TEC-PH-10003511,Technology,Phones,"Samsung Speaker Phone, Full Size"
OFF-SU-10000885,Office Supplies,Supplies,"Elite Box Cutter, Steel"
OFF-SME-10000675,Office Supplies,Labels,"Smead Round Labels, 5000 Label Set"
OFF-HON-10003010,Office Supplies,Labels,"Hon Round Labels, 5000 Label Set"
OFF-PA-10001301,Office Supplies,Paper,"SanDisk Computer Printout Paper, Multicolor"
OFF-AR-10004362,Office Supplies,Art,"Sanford Canvas, Water Color"
FUR-BO-10002574,Furniture,Bookcases,"Bush Corner Shelving, Traditional"
TEC-AC-10001013,Technology,Accessories,"SanDisk Mouse, USB"
OFF-PA-10002618,Office Supplies,Paper,"Eaton Memo Slips, Multicolor"
OFF-LA-10000220,Office Supplies,Labels,"Hon Removable Labels, Laser Printer Compatible"
TEC-CO-10001342,Technology,Copiers,"HP Wireless Fax, Digital"
OFF-FA-10003789,Office Supplies,Fasteners,"Accos Push Pins, Metal"
TEC-AC-10003711,Technology,Accessories,"Memorex Mouse, Erganomic"
TEC-SAM-10002496,Technology,Phones,"Samsung Speaker Phone, VoIP"
OFF-EN-10004590,Office Supplies,Envelopes,"Ames Peel and Seal, with clear poly window"
TEC-OKI-10001385,Technology,Machines,"Okidata Inkjet, White"
FUR-CH-10004920,Furniture,Chairs,"Office Star Chairmat, Red"
OFF-PA-10004475,Office Supplies,Paper,"Xerox Computer Printout Paper, 8.5 x 11"
FUR-FU-10000409,Furniture,Furnishings,"GE 4 Foot Flourescent Tube, 40 Watt"
OFF-ST-10002905,Office Supplies,Storage,"Rogers Box, Single Width"
OFF-AR-10003674,Office Supplies,Art,"BIC Pencil Sharpener, Water Color"
TEC-CO-10002796,Technology,Copiers,"Canon Wireless Fax, Color"
TEC-MA-10003330,Technology,Machines,"Panasonic Receipt Printer, Wireless"
TEC-MA-10004049,Technology,Machines,"Epson Printer, White"
OFF-SAN-10001862,Office Supplies,Art,"Sanford Highlighters, Easy-Erase"
OFF-LA-10003663,Office Supplies,Labels,Avery 498
FUR-FU-10000483,Furniture,Furnishings,"Tenex Clock, Durable"
TEC-PH-10002683,Technology,Phones,"Apple Smart Phone, Cordless"
TEC-MA-10000429,Technology,Machines,"Konica Card Printer, Red"
OFF-AVE-10003740,Office Supplies,Binders,"Avery Binding Machine, Clear"
OFF-BI-10002708,Office Supplies,Binders,"Acco Binder, Clear"
OFF-LA-10001158,Office Supplies,Labels,"Avery Address/Shipping Labels for Typewriters, 4"" x 2"""
TEC-AC-10000244,Technology,Accessories,"Memorex Router, USB"
OFF-FEL-10002399,Office Supplies,Storage,"Fellowes Box, Blue"
OFF-PA-10003956,Office Supplies,Paper,"SanDisk Parchment Paper, Recycled"
TEC-CO-10000387,Technology,Copiers,"Hewlett Fax Machine, Color"
OFF-EN-10001976,Office Supplies,Envelopes,"Jiffy Interoffice Envelope, Security-Tint"
OFF-AP-10002229,Office Supplies,Appliances,"KitchenAid Coffee Grinder, Red"
TEC-PH-10003171,Technology,Phones,Plantronics Encore H101 Dual Earpieces Headset
OFF-BRE-10004436,Office Supplies,Appliances,"Breville Stove, Black"
TEC-HP -10004590,Technology,Copiers,"HP Fax Machine, Color"
OFF-SU-10001983,Office Supplies,Supplies,"Stiletto Box Cutter, Steel"
OFF-ST-10003692,Office Supplies,Storage,Recycled Steel Personal File for Hanging File Folders
OFF-PA-10004054,Office Supplies,Paper,"Green Bar Computer Printout Paper, Recycled"
OFF-AP-10001962,Office Supplies,Appliances,Black & Decker Filter for Double Action Dustbuster Cordless Vac BLDV7210
OFF-EN-10001749,Office Supplies,Envelopes,Jiffy Padded Mailers with Self-Seal Closure
OFF-AVE-10004708,Office Supplies,Binders,"Avery Binder, Recycled"
OFF-LA-10001538,Office Supplies,Labels,"Hon File Folder Labels, 5000 Label Set"
OFF-GRE-10003316,Office Supplies,Paper,"Green Bar Parchment Paper, Recycled"
OFF-ST-10001426,Office Supplies,Storage,"Eldon Folders, Single Width"
TEC-MEM-10002005,Technology,Accessories,"Memorex Router, Erganomic"
TEC-PH-10001587,Technology,Phones,"Apple Headset, Cordless"
OFF-FA-10004447,Office Supplies,Fasteners,"Advantus Rubber Bands, Metal"
OFF-CAR-10002942,Office Supplies,Binders,"Cardinal 3-Hole Punch, Recycled"
OFF-AR-10002517,Office Supplies,Art,"BIC Highlighters, Blue"
OFF-EN-10004100,Office Supplies,Envelopes,"Kraft Mailers, Security-Tint"
OFF-AR-10000614,Office Supplies,Art,Barrel Sharpener
OFF-SU-10001074,Office Supplies,Supplies,"Fiskars Letter Opener, Easy Grip"
FUR-FU-10000206,Furniture,Furnishings,"GE General Purpose, Extra Long Life, Showcase & Floodlight Incandescent Bulbs"
OFF-ST-10002562,Office Supplies,Storage,Staples
OFF-SU-10004290,Office Supplies,Supplies,"Acme Design Line 8"" Stainless Steel Bent Scissors w/Champagne Handles, 3-1/8"" Cut"
OFF-LA-10000970,Office Supplies,Labels,"Harbour Creations Removable Labels, 5000 Label Set"
TEC-AC-10002322,Technology,Accessories,"Memorex Memory Card, Bluetooth"
OFF-SU-10004784,Office Supplies,Supplies,"Elite Trimmer, Steel"
OFF-ACC-10002220,Office Supplies,Binders,"Acco Binding Machine, Economy"
OFF-SME-10001278,Office Supplies,Labels,"Smead Shipping Labels, Alphabetical"
TEC-PH-10004810,Technology,Phones,"Samsung Speaker Phone, Full Size"
TEC-PH-10004223,Technology,Phones,"Cisco Speaker Phone, Full Size"
OFF-ST-10003295,Office Supplies,Storage,"Tenex Lockers, Blue"
OFF-AR-10002255,Office Supplies,Art,Newell 346
TEC-PH-10004071,Technology,Phones,PayAnywhere Card Reader
OFF-FEL-10003785,Office Supplies,Storage,"Fellowes Shelving, Industrial"
FUR-IKE-10003251,Furniture,Bookcases,"Ikea Floating Shelf Set, Mobile"
TEC-AC-10004556,Technology,Accessories,"Enermax Memory Card, Programmable"
OFF-FA-10004298,Office Supplies,Fasteners,"Stockwell Staples, Bulk Pack"
OFF-BI-10003984,Office Supplies,Binders,Lock-Up Easel 'Spel-Binder'
OFF-AR-10004272,Office Supplies,Art,Newell 308
OFF-EN-10002624,Office Supplies,Envelopes,"Jiffy Clasp Envelope, Set of 50"
FUR-CH-10002335,Furniture,Chairs,"Hon Bag Chairs, Set of Two"
OFF-AP-10003610,Office Supplies,Appliances,"Hamilton Beach Coffee Grinder, Silver"
OFF-SAN-10003687,Office Supplies,Art,"Sanford Sketch Pad, Easy-Erase"
FUR-OFF-10003688,Furniture,Chairs,"Office Star Rocking Chair, Black"
TEC-CO-10003784,Technology,Copiers,"HP Fax Machine, Laser"
OFF-BI-10000138,Office Supplies,Binders,Acco Translucent Poly Ring Binders
OFF-SU-10003474,Office Supplies,Supplies,"Elite Box Cutter, Easy Grip"
TEC-PH-10000896,Technology,Phones,"Cisco Signal Booster, VoIP"
TEC-MA-10001142,Technology,Machines,"Epson Card Printer, Wireless"
TEC-BRO-10001293,Technology,Copiers,"Brother Personal Copier, Laser"
OFF-AP-10004913,Office Supplies,Appliances,"KitchenAid Refrigerator, Black"
OFF-AP-10004958,Office Supplies,Appliances,"KitchenAid Stove, Black"
FUR-LES-10000874,Furniture,Tables,"Lesro Computer Table, Fully Assembled"
OFF-SU-10003236,Office Supplies,Supplies,"Fiskars Scissors, High Speed"
FUR-BO-10004824,Furniture,Bookcases,"Safco Stackable Bookrack, Traditional"
FUR-BO-10000623,Furniture,Bookcases,"Safco Library with Doors, Metal"
TEC-PH-10002185,Technology,Phones,QVS USB Car Charger 2-Port 2.1Amp for iPod/iPhone/iPad/iPad 2/iPad 3
FUR-BO-10004254,Furniture,Bookcases,"Ikea Classic Bookcase, Traditional"
OFF-BI-10003934,Office Supplies,Binders,"Acco Binding Machine, Clear"
TEC-PH-10000376,Technology,Phones,Square Credit Card Reader
OFF-AP-10003477,Office Supplies,Appliances,"Hamilton Beach Blender, Silver"
OFF-AME-10003089,Office Supplies,Envelopes,"Ames Clasp Envelope, Security-Tint"
TEC-ENE-10003801,Technology,Accessories,"Enermax Flash Drive, USB"
TEC-MA-10004323,Technology,Machines,"Konica Calculator, Durable"
TEC-CO-10003570,Technology,Copiers,"Sharp Wireless Fax, High-Speed"
OFF-SME-10003752,Office Supplies,Storage,"Smead File Cart, Single Width"
OFF-SU-10002214,Office Supplies,Supplies,"Kleencut Letter Opener, Easy Grip"
TEC-MA-10000124,Technology,Machines,"Konica Card Printer, White"
OFF-ELI-10004597,Office Supplies,Supplies,"Elite Box Cutter, Steel"
OFF-EN-10003103,Office Supplies,Envelopes,"GlobeWeis Manila Envelope, with clear poly window"
FUR-CH-10004331,Furniture,Chairs,"SAFCO Rocking Chair, Red"
OFF-AR-10000733,Office Supplies,Art,"Binney & Smith Canvas, Fluorescent"
OFF-WIL-10000986,Office Supplies,Binders,"Wilson Jones Binder Covers, Economy"
OFF-GRE-10000328,Office Supplies,Paper,"Green Bar Parchment Paper, Premium"
OFF-PA-10000705,Office Supplies,Paper,"Eaton Note Cards, Multicolor"
FUR-TA-10004711,Furniture,Tables,"Lesro Conference Table, Adjustable Height"
OFF-BI-10001533,Office Supplies,Binders,"Wilson Jones Binding Machine, Recycled"
OFF-SU-10001409,Office Supplies,Supplies,"Stiletto Scissors, Serrated"
OFF-AP-10002531,Office Supplies,Appliances,"Hoover Blender, White"
FUR-BO-10001946,Furniture,Bookcases,"Sauder 3-Shelf Cabinet, Metal"
OFF-LA-10004677,Office Supplies,Labels,Self-Adhesive Address Labels for Typewriters with Dispenser Box
FUR-TA-10002972,Furniture,Tables,"Barricks Computer Table, Fully Assembled"
FUR-FU-10001967,Furniture,Furnishings,Telescoping Adjustable Floor Lamp
FUR-FU-10000820,Furniture,Furnishings,Tensor Brushed Steel Torchiere Floor Lamp
TEC-CO-10003678,Technology,Copiers,"HP Personal Copier, Color"
TEC-AC-10001226,Technology,Accessories,"Enermax Mouse, Programmable"
FUR-FU-10001215,Furniture,Furnishings,"Howard Miller 11-1/2"" Diameter Brentwood Wall Clock"
OFF-LA-10001607,Office Supplies,Labels,"Novimex Shipping Labels, Alphabetical"
FUR-FU-10004137,Furniture,Furnishings,"Tenex Light Bulb, Erganomic"
TEC-AC-10002760,Technology,Accessories,"Memorex Memory Card, Erganomic"
OFF-LA-10001873,Office Supplies,Labels,"Harbour Creations Color Coded Labels, Adjustable"
OFF-ST-10002554,Office Supplies,Storage,Tennsco Industrial Shelving
OFF-AP-10004882,Office Supplies,Appliances,"Hamilton Beach Microwave, Black"
OFF-ST-10000520,Office Supplies,Storage,"Eldon Folders, Blue"
OFF-ADV-10001437,Office Supplies,Fasteners,"Advantus Paper Clips, Bulk Pack"
OFF-EN-10000927,Office Supplies,Envelopes,"Ames Business Envelopes, Set of 50"
TEC-CO-10004099,Technology,Copiers,"Sharp Fax Machine, Digital"
OFF-TEN-10000827,Office Supplies,Storage,"Tenex File Cart, Industrial"
OFF-AP-10001920,Office Supplies,Appliances,"KitchenAid Microwave, Silver"
OFF-FA-10001330,Office Supplies,Fasteners,"OIC Rubber Bands, Bulk Pack"
OFF-AR-10004109,Office Supplies,Art,"Boston Sketch Pad, Fluorescent"
OFF-BOS-10000557,Office Supplies,Art,"Boston Pens, Easy-Erase"
OFF-EN-10003904,Office Supplies,Envelopes,"Jiffy Business Envelopes, Recycled"
TEC-CO-10003342,Technology,Copiers,"Canon Wireless Fax, High-Speed"
OFF-FA-10001054,Office Supplies,Fasteners,"Advantus Thumb Tacks, Metal"
OFF-NOV-10000512,Office Supplies,Labels,"Novimex Color Coded Labels, Adjustable"
TEC-PH-10000160,Technology,Phones,"Motorola Smart Phone, with Caller ID"
OFF-LA-10000615,Office Supplies,Labels,"Hon Removable Labels, Adjustable"
OFF-BI-10001049,Office Supplies,Binders,"Ibico Index Tab, Clear"
FUR-BO-10002250,Furniture,Bookcases,"Dania Floating Shelf Set, Mobile"
FUR-FU-10001847,Furniture,Furnishings,Eldon Image Series Black Desk Accessories
FUR-BO-10003668,Furniture,Bookcases,"Sauder Floating Shelf Set, Pine"
FUR-BO-10002592,Furniture,Bookcases,"Safco Stackable Bookrack, Traditional"
TEC-AC-10000158,Technology,Accessories,Sony 64GB Class 10 Micro SDHC R40 Memory Card
OFF-PA-10004640,Office Supplies,Paper,"Eaton Message Books, Multicolor"
OFF-BOS-10003478,Office Supplies,Art,"Boston Markers, Fluorescent"
OFF-STA-10004484,Office Supplies,Art,"Stanley Pens, Water Color"
FUR-TA-10000486,Furniture,Tables,"Barricks Wood Table, Adjustable Height"
TEC-MA-10000765,Technology,Machines,"Okidata Phone, Wireless"
OFF-EN-10000623,Office Supplies,Envelopes,"Ames Manila Envelope, with clear poly window"
FUR-FU-10004053,Furniture,Furnishings,DAX Two-Tone Silver Metal Document Frame
FUR-FU-10004427,Furniture,Furnishings,"Advantus Stacking Tray, Erganomic"
TEC-PH-10001845,Technology,Phones,"Apple Speaker Phone, VoIP"
OFF-BI-10000765,Office Supplies,Binders,"Avery Hole Reinforcements, Durable"
TEC-EPS-10002212,Technology,Machines,"Epson Receipt Printer, White"
OFF-BI-10002517,Office Supplies,Binders,"Ibico Binder, Recycled"
TEC-AC-10004469,Technology,Accessories,Microsoft Sculpt Comfort Mouse
OFF-FA-10003727,Office Supplies,Fasteners,"OIC Rubber Bands, Assorted Sizes"
TEC-CO-10002812,Technology,Copiers,"Canon Ink, Color"
TEC-AC-10001990,Technology,Accessories,Kensington Orbit Wireless Mobile Trackball for PC and Mac
TEC-PH-10004235,Technology,Phones,"Nokia Signal Booster, VoIP"
OFF-FA-10004649,Office Supplies,Fasteners,"Advantus Clamps, 12 Pack"
OFF-SU-10003665,Office Supplies,Supplies,"Stiletto Letter Opener, Steel"
OFF-BI-10000289,Office Supplies,Binders,"Wilson Jones Binder Covers, Recycled"
FUR-FU-10000776,Furniture,Furnishings,"Deflect-O Door Stop, Erganomic"
OFF-PA-10004100,Office Supplies,Paper,Xerox 216
OFF-FA-10002569,Office Supplies,Fasteners,"Stockwell Staples, Metal"
OFF-SME-10004926,Office Supplies,Labels,"Smead File Folder Labels, Laser Printer Compatible"
OFF-GLO-10004160,Office Supplies,Envelopes,"GlobeWeis Business Envelopes, with clear poly window"
OFF-EN-10001137,Office Supplies,Envelopes,"#10 Gummed Flap White Envelopes, 100/Box"
OFF-CAM-10003933,Office Supplies,Envelopes,"Cameo Business Envelopes, Recycled"
FUR-BUS-10001187,Furniture,Bookcases,"Bush Classic Bookcase, Metal"
TEC-MOT-10001342,Technology,Phones,"Motorola Signal Booster, VoIP"
OFF-EN-10001940,Office Supplies,Envelopes,"Cameo Peel and Seal, Security-Tint"
OFF-SU-10002388,Office Supplies,Supplies,"Elite Shears, Easy Grip"
FUR-BO-10000624,Furniture,Bookcases,"Safco Classic Bookcase, Metal"
OFF-AR-10004749,Office Supplies,Art,"BIC Canvas, Blue"
FUR-TA-10004832,Furniture,Tables,"Hon Conference Table, with Bottom Storage"
OFF-ACM-10003278,Office Supplies,Supplies,"Acme Trimmer, Easy Grip"
TEC-PH-10002715,Technology,Phones,"Cisco Audio Dock, VoIP"
OFF-FIS-10001399,Office Supplies,Supplies,"Fiskars Ruler, Serrated"
FUR-FU-10000516,Furniture,Furnishings,"Advantus Clock, Duo Pack"
FUR-TEN-10004549,Furniture,Furnishings,"Tenex Light Bulb, Durable"
OFF-EN-10001789,Office Supplies,Envelopes,"Kraft Peel and Seal, Set of 50"
OFF-AR-10001773,Office Supplies,Art,"Sanford Markers, Water Color"
TEC-CAN-10001571,Technology,Copiers,"Canon Personal Copier, Laser"
OFF-EN-10000315,Office Supplies,Envelopes,"Kraft Manila Envelope, Recycled"
FUR-FU-10002557,Furniture,Furnishings,"Rubbermaid Stacking Tray, Erganomic"
OFF-AR-10004884,Office Supplies,Art,"Sanford Pens, Fluorescent"
OFF-AR-10001026,Office Supplies,Art,"Sanford Uni-Blazer View Highlighters, Chisel Tip, Yellow"
TEC-AC-10000682,Technology,Accessories,Kensington K72356US Mouse-in-a-Box USB Desktop Mouse
TEC-BEL-10003311,Technology,Accessories,"Belkin Keyboard, USB"
FUR-TA-10002497,Furniture,Tables,"Chromcraft Computer Table, Adjustable Height"
OFF-BI-10004185,Office Supplies,Binders,"Cardinal Binder, Durable"
TEC-OKI-10001454,Technology,Machines,"Okidata Calculator, Durable"
OFF-PA-10003543,Office Supplies,Paper,Xerox 1985
TEC-CO-10003474,Technology,Copiers,"Brother Personal Copier, Digital"
TEC-PH-10000297,Technology,Phones,"Apple Office Telephone, with Caller ID"
OFF-PA-10002586,Office Supplies,Paper,Xerox 1970
FUR-TA-10003748,Furniture,Tables,Bevis 36 x 72 Conference Tables
FUR-TA-10001496,Furniture,Tables,"Barricks Computer Table, Fully Assembled"
FUR-FU-10003096,Furniture,Furnishings,"Master Giant Foot Doorstop, Safety Yellow"
OFF-PA-10003729,Office Supplies,Paper,Xerox 1998
OFF-ST-10002650,Office Supplies,Storage,"Fellowes Lockers, Wire Frame"
TEC-AC-10004666,Technology,Accessories,Maxell iVDR EX 500GB Cartridge
OFF-LA-10004648,Office Supplies,Labels,"Avery Color Coded Labels, 5000 Label Set"
FUR-FU-10001933,Furniture,Furnishings,"Rubbermaid Stacking Tray, Erganomic"
OFF-FA-10000429,Office Supplies,Fasteners,"Stockwell Push Pins, Bulk Pack"
TEC-MA-10001598,Technology,Machines,"Panasonic Card Printer, Wireless"
TEC-AC-10002719,Technology,Accessories,"Enermax Router, Programmable"
FUR-FU-10002508,Furniture,Furnishings,Document Clip Frames
FUR-ELD-10003828,Furniture,Furnishings,"Eldon Light Bulb, Erganomic"
FUR-CH-10003540,Furniture,Chairs,"Office Star Bag Chairs, Set of Two"
OFF-EN-10004571,Office Supplies,Envelopes,"Ames Peel and Seal, with clear poly window"
OFF-BI-10000972,Office Supplies,Binders,"Acco 3-Hole Punch, Economy"
OFF-PA-10000116,Office Supplies,Paper,"Xerox Parchment Paper, Premium"
FUR-FU-10003339,Furniture,Furnishings,"Tenex Clock, Black"
TEC-MA-10002525,Technology,Machines,"StarTech Phone, Durable"
FUR-FU-10001940,Furniture,Furnishings,Staples
TEC-CO-10000344,Technology,Copiers,"Hewlett Copy Machine, Color"
TEC-CO-10000562,Technology,Copiers,"HP Wireless Fax, Digital"
OFF-AR-10001953,Office Supplies,Art,Boston 1645 Deluxe Heavier-Duty Electric Pencil Sharpener
TEC-PH-10004450,Technology,Phones,"Cisco Office Telephone, Full Size"
TEC-CO-10000660,Technology,Copiers,"Brother Fax and Copier, Laser"
OFF-EN-10003859,Office Supplies,Envelopes,"Jiffy Interoffice Envelope, with clear poly window"
OFF-SU-10000926,Office Supplies,Supplies,"Acme Trimmer, Easy Grip"
OFF-SAN-10001295,Office Supplies,Art,"Sanford Pencil Sharpener, Water Color"
OFF-AR-10004269,Office Supplies,Art,Newell 31
TEC-AC-10000873,Technology,Accessories,"Belkin Mouse, USB"
OFF-AR-10003685,Office Supplies,Art,"Stanley Canvas, Water Color"
FUR-FU-10003736,Furniture,Furnishings,"Rubbermaid Frame, Duo Pack"
TEC-MA-10003185,Technology,Machines,"Epson Phone, Red"
FUR-BO-10001619,Furniture,Bookcases,O'Sullivan Cherrywood Estates Traditional Bookcase
OFF-LA-10000305,Office Supplies,Labels,Avery 495
OFF-BI-10004251,Office Supplies,Binders,"Wilson Jones Index Tab, Recycled"
OFF-BI-10000734,Office Supplies,Binders,"Avery Binding Machine, Recycled"
FUR-CH-10003941,Furniture,Chairs,"Novimex Executive Leather Armchair, Adjustable"
OFF-OIC-10000189,Office Supplies,Fasteners,"OIC Clamps, Metal"
FUR-BO-10000203,Furniture,Bookcases,"Sauder Library with Doors, Metal"
TEC-PH-10001321,Technology,Phones,"Cisco Speaker Phone, Full Size"
TEC-CO-10004904,Technology,Copiers,"Sharp Fax Machine, Digital"
TEC-PAN-10000131,Technology,Machines,"Panasonic Receipt Printer, Red"
OFF-PA-10003320,Office Supplies,Paper,"Green Bar Parchment Paper, Recycled"
FUR-CH-10001559,Furniture,Chairs,"SAFCO Executive Leather Armchair, Black"
OFF-SU-10000164,Office Supplies,Supplies,"Kleencut Box Cutter, High Speed"
OFF-AP-10002287,Office Supplies,Appliances,"Eureka Sanitaire  Multi-Pro Heavy-Duty Upright, Disposable Bags"
FUR-CH-10000920,Furniture,Chairs,"Novimex Executive Leather Armchair, Adjustable"
OFF-BI-10004181,Office Supplies,Binders,"Avery 3-Hole Punch, Clear"
FUR-BO-10000889,Furniture,Bookcases,"Safco 3-Shelf Cabinet, Mobile"
OFF-PA-10003875,Office Supplies,Paper,"Enermax Memo Slips, Multicolor"
OFF-EN-10000539,Office Supplies,Envelopes,"Ames Clasp Envelope, with clear poly window"
OFF-FIS-10003463,Office Supplies,Supplies,"Fiskars Letter Opener, Easy Grip"
TEC-AC-10002842,Technology,Accessories,"Belkin Memory Card, Bluetooth"
FUR-CH-10003558,Furniture,Chairs,"Hon Swivel Stool, Black"
FUR-CH-10004795,Furniture,Chairs,"SAFCO Swivel Stool, Red"
FUR-CH-10002830,Furniture,Chairs,"Office Star Rocking Chair, Red"
OFF-LA-10002323,Office Supplies,Labels,"Harbour Creations Shipping Labels, 5000 Label Set"
TEC-MA-10003146,Technology,Machines,"Okidata Inkjet, Durable"
FUR-FU-10001200,Furniture,Furnishings,"Tenex Photo Frame, Erganomic"
FUR-FU-10003325,Furniture,Furnishings,"Tenex Door Stop, Duo Pack"
OFF-FA-10004563,Office Supplies,Fasteners,"Stockwell Clamps, Assorted Sizes"
OFF-STO-10003342,Office Supplies,Fasteners,"Stockwell Rubber Bands, Assorted Sizes"
OFF-EN-10002090,Office Supplies,Envelopes,"Kraft Peel and Seal, with clear poly window"
TEC-MA-10001261,Technology,Machines,"Konica Printer, Wireless"
FUR-LES-10002026,Furniture,Tables,"Lesro Conference Table, Rectangular"
OFF-BI-10001324,Office Supplies,Binders,"Acco 3-Hole Punch, Economy"
TEC-AC-10001600,Technology,Accessories,"Belkin Numeric Keypad, Bluetooth"
FUR-ADV-10001855,Furniture,Furnishings,"Advantus Stacking Tray, Durable"
OFF-SU-10004077,Office Supplies,Supplies,"Acme Letter Opener, Easy Grip"
OFF-ST-10004123,Office Supplies,Storage,Safco Industrial Wire Shelving System
TEC-OKI-10003770,Technology,Machines,"Okidata Receipt Printer, Durable"
OFF-AR-10001770,Office Supplies,Art,"Binney & Smith Markers, Water Color"
FUR-BO-10000002,Furniture,Bookcases,"Bush Classic Bookcase, Mobile"
FUR-TA-10003926,Furniture,Tables,"Lesro Conference Table, Adjustable Height"
OFF-PA-10002193,Office Supplies,Paper,"Xerox Memo Slips, 8.5 x 11"
FUR-FU-10003540,Furniture,Furnishings,"Deflect-O Light Bulb, Erganomic"
TEC-PH-10003491,Technology,Phones,"Samsung Office Telephone, Full Size"
OFF-SME-10000018,Office Supplies,Labels,"Smead Round Labels, Laser Printer Compatible"
TEC-AC-10004633,Technology,Accessories,"Verbatim 25 GB 6x Blu-ray Single Layer Recordable Disc, 3/Pack"
TEC-EPS-10001323,Technology,Machines,"Epson Calculator, Wireless"
OFF-ACM-10001112,Office Supplies,Supplies,"Acme Shears, Steel"
OFF-AP-10001847,Office Supplies,Appliances,"Breville Toaster, Red"
TEC-AC-10001974,Technology,Accessories,"Logitech Memory Card, Bluetooth"
OFF-AP-10001559,Office Supplies,Appliances,"KitchenAid Blender, Black"
TEC-MA-10001360,Technology,Machines,"Okidata Receipt Printer, White"
OFF-AR-10001427,Office Supplies,Art,Newell 330
FUR-BO-10004199,Furniture,Bookcases,"Ikea 3-Shelf Cabinet, Pine"
FUR-OFF-10001224,Furniture,Chairs,"Office Star Swivel Stool, Red"
FUR-FU-10002930,Furniture,Furnishings,"Eldon Door Stop, Duo Pack"
TEC-PH-10003691,Technology,Phones,BlackBerry Q10
FUR-FU-10001718,Furniture,Furnishings,"Eldon Door Stop, Duo Pack"
TEC-AC-10002170,Technology,Accessories,"Logitech Flash Drive, Programmable"
OFF-BI-10001199,Office Supplies,Binders,"Acco Index Tab, Durable"
TEC-CO-10002998,Technology,Copiers,"Sharp Ink, Laser"
FUR-TA-10001229,Furniture,Tables,"Chromcraft Computer Table, Rectangular"
TEC-CO-10003448,Technology,Copiers,"Canon Personal Copier, Laser"
OFF-BI-10002432,Office Supplies,Binders,"Ibico Binder, Recycled"
OFF-BOS-10001348,Office Supplies,Art,"Boston Pencil Sharpener, Water Color"
TEC-AC-10001258,Technology,Accessories,"Belkin Router, Erganomic"
FUR-BO-10001714,Furniture,Bookcases,"Dania Floating Shelf Set, Mobile"
OFF-BI-10003588,Office Supplies,Binders,"Ibico Binder, Economy"
FUR-CH-10004448,Furniture,Chairs,"Hon Chairmat, Set of Two"
OFF-JIF-10003677,Office Supplies,Envelopes,"Jiffy Peel and Seal, Set of 50"
OFF-BI-10004105,Office Supplies,Binders,"Acco 3-Hole Punch, Recycled"
TEC-MA-10000122,Technology,Machines,"Okidata Calculator, Red"
OFF-ST-10003455,Office Supplies,Storage,"Fellowes Lockers, Blue"
OFF-KRA-10000534,Office Supplies,Envelopes,"Kraft Interoffice Envelope, Security-Tint"
TEC-MA-10003936,Technology,Machines,"Epson Printer, White"
OFF-GRE-10000492,Office Supplies,Paper,"Green Bar Memo Slips, Recycled"
FUR-BO-10000269,Furniture,Bookcases,"Dania Stackable Bookrack, Pine"
OFF-FIS-10004882,Office Supplies,Supplies,"Fiskars Shears, Easy Grip"
FUR-HON-10002599,Furniture,Chairs,"Hon Chairmat, Adjustable"
OFF-PA-10002043,Office Supplies,Paper,"SanDisk Cards & Envelopes, 8.5 x 11"
OFF-AVE-10000894,Office Supplies,Labels,"Avery Color Coded Labels, Adjustable"
OFF-ST-10002371,Office Supplies,Storage,"Rogers File Cart, Industrial"
OFF-AP-10003236,Office Supplies,Appliances,"Hoover Blender, Black"
OFF-PA-10004294,Office Supplies,Paper,"Xerox Computer Printout Paper, 8.5 x 11"
OFF-PA-10000241,Office Supplies,Paper,"IBM Multi-Purpose Copy Paper, 8 1/2 x 11"", Case"
OFF-SU-10003511,Office Supplies,Supplies,"Kleencut Ruler, High Speed"
FUR-CH-10001663,Furniture,Chairs,"SAFCO Chairmat, Set of Two"
OFF-BI-10000517,Office Supplies,Binders,"Acco Binder, Durable"
OFF-PA-10001142,Office Supplies,Paper,"Green Bar Note Cards, Multicolor"
OFF-ST-10002164,Office Supplies,Storage,"Rogers Lockers, Industrial"
TEC-PH-10002200,Technology,Phones,Samsung Galaxy Note 2
OFF-ST-10002632,Office Supplies,Storage,"Smead Shelving, Industrial"
FUR-CH-10004827,Furniture,Chairs,"SAFCO Chairmat, Black"
FUR-TEN-10003923,Furniture,Furnishings,"Tenex Door Stop, Duo Pack"
OFF-FA-10000470,Office Supplies,Fasteners,"Stockwell Paper Clips, Assorted Sizes"
TEC-AC-10001075,Technology,Accessories,"Belkin Keyboard, USB"
OFF-LA-10004576,Office Supplies,Labels,"Harbour Creations File Folder Labels, Laser Printer Compatible"
OFF-BI-10000439,Office Supplies,Binders,"Acco Hole Reinforcements, Economy"
OFF-EN-10003780,Office Supplies,Envelopes,"Jiffy Peel and Seal, Recycled"
FUR-CH-10002275,Furniture,Chairs,"Novimex Executive Leather Armchair, Adjustable"
TEC-BRO-10004802,Technology,Copiers,"Brother Fax Machine, High-Speed"
OFF-AP-10003794,Office Supplies,Appliances,"Cuisinart Refrigerator, Red"
OFF-AP-10001169,Office Supplies,Appliances,"Cuisinart Microwave, White"
OFF-AP-10002252,Office Supplies,Appliances,"Cuisinart Stove, Black"
FUR-CH-10004011,Furniture,Chairs,"SAFCO Executive Leather Armchair, Black"
OFF-EN-10003547,Office Supplies,Envelopes,"Jiffy Interoffice Envelope, Set of 50"
OFF-EN-10003520,Office Supplies,Envelopes,"Cameo Clasp Envelope, Set of 50"
OFF-ST-10000290,Office Supplies,Storage,"Rogers Folders, Single Width"
OFF-SU-10004231,Office Supplies,Supplies,Acme Tagit Stainless Steel Antibacterial Scissors
OFF-ST-10002902,Office Supplies,Storage,"Fellowes Lockers, Wire Frame"
FUR-TA-10000245,Furniture,Tables,"Chromcraft Computer Table, Adjustable Height"
OFF-LA-10002625,Office Supplies,Labels,"Harbour Creations Round Labels, Adjustable"
OFF-ELD-10004625,Office Supplies,Storage,"Eldon Trays, Blue"
FUR-FU-10004013,Furniture,Furnishings,"Deflect-O Clock, Durable"
OFF-ST-10004060,Office Supplies,Storage,"Fellowes Lockers, Blue"
OFF-PA-10001509,Office Supplies,Paper,"Recycled Desk Saver Line ""While You Were Out"" Book, 5 1/2"" X 4"""
OFF-STO-10001310,Office Supplies,Fasteners,"Stockwell Rubber Bands, Bulk Pack"
FUR-HON-10004932,Furniture,Tables,"Hon Conference Table, with Bottom Storage"
OFF-ST-10002774,Office Supplies,Storage,"Rogers Lockers, Industrial"
OFF-LA-10001028,Office Supplies,Labels,"Hon Removable Labels, Adjustable"
OFF-AP-10000828,Office Supplies,Appliances,Avanti 4.4 Cu. Ft. Refrigerator
OFF-AP-10002882,Office Supplies,Appliances,"KitchenAid Coffee Grinder, Silver"
FUR-CH-10000595,Furniture,Chairs,Safco Contoured Stacking Chairs
OFF-SME-10002740,Office Supplies,Storage,"Smead Lockers, Single Width"
TEC-PH-10004358,Technology,Phones,"Samsung Office Telephone, Cordless"
TEC-PH-10004575,Technology,Phones,"Motorola Smart Phone, Cordless"
OFF-AR-10002677,Office Supplies,Art,"BIC Pens, Water Color"
TEC-AC-10003577,Technology,Accessories,"Memorex Router, USB"
OFF-FA-10000563,Office Supplies,Fasteners,"Accos Push Pins, Assorted Sizes"
OFF-LA-10000356,Office Supplies,Labels,"Novimex Round Labels, 5000 Label Set"
TEC-AC-10000929,Technology,Accessories,"Belkin Mouse, Bluetooth"
OFF-BOS-10001711,Office Supplies,Art,"Boston Sketch Pad, Easy-Erase"
TEC-AC-10002567,Technology,Accessories,Logitech G602 Wireless Gaming Mouse
FUR-CH-10004725,Furniture,Chairs,"Office Star Bag Chairs, Set of Two"
OFF-SU-10001225,Office Supplies,Supplies,Staples
TEC-CO-10003228,Technology,Copiers,"Hewlett Copy Machine, Laser"
OFF-AP-10003568,Office Supplies,Appliances,"Hoover Stove, Black"
FUR-TEN-10003879,Furniture,Furnishings,"Tenex Light Bulb, Black"
TEC-MA-10001811,Technology,Machines,"Okidata Card Printer, Durable"
OFF-PA-10004444,Office Supplies,Paper,"SanDisk Note Cards, Premium"
TEC-CO-10000956,Technology,Copiers,"Sharp Copy Machine, Laser"
OFF-AR-10000444,Office Supplies,Art,"BIC Highlighters, Blue"
OFF-BI-10001267,Office Supplies,Binders,"Universal Recycled Hanging Pressboard Report Binders, Letter Size"
OFF-FA-10000197,Office Supplies,Fasteners,"Stockwell Rubber Bands, Assorted Sizes"
TEC-AC-10002018,Technology,Accessories,AmazonBasics 3-Button USB Wired Mouse
FUR-CH-10002547,Furniture,Chairs,"Office Star Steel Folding Chair, Red"
OFF-CAR-10003703,Office Supplies,Binders,"Cardinal Binder, Durable"
TEC-HEW-10003531,Technology,Copiers,"Hewlett Copy Machine, High-Speed"
TEC-MA-10001009,Technology,Machines,"Panasonic Inkjet, Red"
OFF-STA-10003027,Office Supplies,Art,"Stanley Highlighters, Easy-Erase"
FUR-CH-10003760,Furniture,Chairs,"Office Star Bag Chairs, Set of Two"
OFF-ACC-10003713,Office Supplies,Fasteners,"Accos Clamps, Assorted Sizes"
FUR-CH-10003697,Furniture,Chairs,"Novimex Chairmat, Adjustable"
OFF-STA-10001895,Office Supplies,Art,"Stanley Pens, Easy-Erase"
OFF-FA-10001815,Office Supplies,Fasteners,"Advantus Push Pins, Bulk Pack"
OFF-BRE-10001378,Office Supplies,Appliances,"Breville Toaster, White"
OFF-BI-10002414,Office Supplies,Binders,GBC ProClick Spines for 32-Hole Punch
OFF-LA-10004430,Office Supplies,Labels,"Avery Shipping Labels, Laser Printer Compatible"
OFF-EN-10003559,Office Supplies,Envelopes,"Jiffy Clasp Envelope, with clear poly window"
OFF-BI-10002225,Office Supplies,Binders,"Square Ring Data Binders, Rigid 75 Pt. Covers, 11"" x 14-7/8"""
TEC-AC-10000763,Technology,Accessories,"SanDisk Memory Card, USB"
OFF-BI-10000814,Office Supplies,Binders,"Wilson Jones Binder, Recycled"
OFF-PA-10001795,Office Supplies,Paper,"Green Bar Message Books, Premium"
FUR-TA-10004634,Furniture,Tables,"Bevis Training Table, Adjustable Height"
TEC-AC-10001022,Technology,Accessories,"SanDisk Flash Drive, USB"
TEC-MA-10002629,Technology,Machines,"Konica Inkjet, Wireless"
OFF-LA-10003930,Office Supplies,Labels,"Dot Matrix Printer Tape Reel Labels, White, 5000/Box"
OFF-BI-10004328,Office Supplies,Binders,"Wilson Jones Binding Machine, Economy"
FUR-CH-10003761,Furniture,Chairs,Global Italian Leather Office Chair
TEC-MA-10003079,Technology,Machines,"Panasonic Card Printer, Wireless"
TEC-MA-10003101,Technology,Machines,"Panasonic Receipt Printer, Wireless"
TEC-EPS-10000053,Technology,Machines,"Epson Receipt Printer, Red"
OFF-BI-10003503,Office Supplies,Binders,"Cardinal Index Tab, Economy"
FUR-CH-10002378,Furniture,Chairs,"Harbour Creations Swivel Stool, Black"
OFF-BI-10004305,Office Supplies,Binders,"Cardinal Hole Reinforcements, Durable"
TEC-PH-10002774,Technology,Phones,"Nokia Smart Phone, with Caller ID"
OFF-ST-10000154,Office Supplies,Storage,"Smead Box, Single Width"
OFF-FA-10000571,Office Supplies,Fasteners,"Accos Rubber Bands, Assorted Sizes"
FUR-CH-10002780,Furniture,Chairs,Office Star - Task Chair with Contemporary Loop Arms
OFF-SU-10003130,Office Supplies,Supplies,"Acme Trimmer, Serrated"
TEC-MA-10001569,Technology,Machines,"Okidata Phone, Red"
FUR-BO-10002309,Furniture,Bookcases,"Dania 3-Shelf Cabinet, Traditional"
OFF-AP-10001402,Office Supplies,Appliances,"KitchenAid Coffee Grinder, White"
TEC-PH-10002742,Technology,Phones,"Motorola Audio Dock, Cordless"
OFF-BI-10004388,Office Supplies,Binders,"Acco Hole Reinforcements, Clear"
TEC-AC-10004743,Technology,Accessories,"Logitech Router, USB"
OFF-ST-10000650,Office Supplies,Storage,"Rogers Box, Industrial"
TEC-AC-10002001,Technology,Accessories,Logitech Wireless Gaming Headset G930
OFF-EN-10003431,Office Supplies,Envelopes,"Cameo Interoffice Envelope, Security-Tint"
FUR-TEN-10003900,Furniture,Furnishings,"Tenex Stacking Tray, Durable"
FUR-BO-10003291,Furniture,Bookcases,"Dania Corner Shelving, Metal"
OFF-BI-10000121,Office Supplies,Binders,"Cardinal Index Tab, Clear"
OFF-AR-10000491,Office Supplies,Art,"Binney & Smith Pens, Water Color"
FUR-CH-10002477,Furniture,Chairs,"Harbour Creations Executive Leather Armchair, Red"
TEC-AC-10003265,Technology,Accessories,"Belkin Router, Bluetooth"
FUR-TA-10002095,Furniture,Tables,"Lesro Training Table, Fully Assembled"
FUR-BO-10002213,Furniture,Bookcases,DMI Eclipse Executive Suite Bookcases
TEC-LOG-10003651,Technology,Accessories,"Logitech Router, Programmable"
OFF-AR-10001919,Office Supplies,Art,"OIC #2 Pencils, Medium Soft"
OFF-BI-10002949,Office Supplies,Binders,Prestige Round Ring Binders
OFF-PA-10000935,Office Supplies,Paper,"SanDisk Computer Printout Paper, Multicolor"
FUR-BO-10004695,Furniture,Bookcases,O'Sullivan 2-Door Barrister Bookcase in Odessa Pine
FUR-SAF-10000881,Furniture,Bookcases,"Safco 3-Shelf Cabinet, Metal"
TEC-PH-10004006,Technology,Phones,Panasonic KX - TS880B Telephone
OFF-ST-10001832,Office Supplies,Storage,"Eldon Box, Blue"
OFF-LA-10002651,Office Supplies,Labels,"Novimex Round Labels, Adjustable"
FUR-FU-10004689,Furniture,Furnishings,"Advantus Light Bulb, Duo Pack"
FUR-TA-10003591,Furniture,Tables,"Bevis Wood Table, Rectangular"
OFF-BI-10001787,Office Supplies,Binders,Wilson Jones Four-Pocket Poly Binders
OFF-SU-10001132,Office Supplies,Supplies,"Fiskars Trimmer, Serrated"
TEC-CO-10001371,Technology,Copiers,"Sharp Fax and Copier, Laser"
TEC-AC-10001142,Technology,Accessories,First Data FD10 PIN Pad
FUR-FU-10001126,Furniture,Furnishings,"Rubbermaid Clock, Erganomic"
OFF-WIL-10003933,Office Supplies,Binders,"Wilson Jones Binder Covers, Durable"
OFF-FA-10004637,Office Supplies,Fasteners,"Accos Thumb Tacks, Metal"
TEC-AC-10002842,Technology,Accessories,WD My Passport Ultra 2TB Portable External Hard Drive
FUR-FU-10000576,Furniture,Furnishings,Luxo Professional Fluorescent Magnifier Lamp with Clamp-Mount Base
OFF-PA-10001639,Office Supplies,Paper,"Enermax Memo Slips, 8.5 x 11"
OFF-PA-10001466,Office Supplies,Paper,"Eaton Computer Printout Paper, 8.5 x 11"
TEC-HP -10004801,Technology,Copiers,"HP Personal Copier, High-Speed"
TEC-CAN-10000030,Technology,Copiers,"Canon Fax Machine, Laser"
TEC-PH-10000303,Technology,Phones,"Samsung Smart Phone, VoIP"
OFF-ST-10001010,Office Supplies,Storage,"Fellowes Lockers, Industrial"
FUR-OFF-10001798,Furniture,Chairs,"Office Star Steel Folding Chair, Red"
TEC-MA-10004428,Technology,Machines,"Panasonic Card Printer, Durable"
OFF-ST-10000777,Office Supplies,Storage,"Companion Letter/Legal File, Black"
OFF-AP-10002008,Office Supplies,Appliances,"Hamilton Beach Microwave, Silver"
TEC-CO-10001391,Technology,Copiers,"Sharp Ink, Color"
TEC-PAN-10001674,Technology,Machines,"Panasonic Receipt Printer, White"
OFF-ELI-10000711,Office Supplies,Supplies,"Elite Scissors, Serrated"
OFF-PA-10000383,Office Supplies,Paper,"Green Bar Note Cards, Premium"
OFF-AP-10000935,Office Supplies,Appliances,"Cuisinart Toaster, White"
OFF-AR-10001662,Office Supplies,Art,Rogers Handheld Barrel Pencil Sharpener
OFF-AR-10003179,Office Supplies,Art,Dixon Ticonderoga Core-Lock Colored Pencils
OFF-OIC-10004622,Office Supplies,Fasteners,"OIC Thumb Tacks, Bulk Pack"
FUR-BEV-10002193,Furniture,Tables,"Bevis Round Table, Adjustable Height"
OFF-FA-10004265,Office Supplies,Fasteners,"Stockwell Paper Clips, Assorted Sizes"
TEC-BEL-10002678,Technology,Accessories,"Belkin Memory Card, Erganomic"
OFF-ENE-10003274,Office Supplies,Paper,"Enermax Memo Slips, 8.5 x 11"
OFF-OIC-10004253,Office Supplies,Fasteners,"OIC Rubber Bands, Bulk Pack"
OFF-ST-10003528,Office Supplies,Storage,"Fellowes Folders, Wire Frame"
OFF-AP-10001593,Office Supplies,Appliances,"Cuisinart Microwave, Red"
TEC-AC-10002345,Technology,Accessories,HP Standard 104 key PS/2 Keyboard
OFF-SU-10002831,Office Supplies,Supplies,"Acme Scissors, High Speed"
TEC-AC-10003451,Technology,Accessories,"Logitech Flash Drive, Erganomic"
OFF-FA-10000644,Office Supplies,Fasteners,"Accos Push Pins, Metal"
FUR-NOV-10003754,Furniture,Chairs,"Novimex Rocking Chair, Set of Two"
OFF-PA-10004160,Office Supplies,Paper,"SanDisk Note Cards, Premium"
FUR-BO-10003894,Furniture,Bookcases,"Safco Value Mate Steel Bookcase, Baked Enamel Finish on Steel, Black"
TEC-CO-10000222,Technology,Copiers,"Sharp Fax and Copier, Color"
FUR-BO-10000279,Furniture,Bookcases,"Dania Classic Bookcase, Pine"
OFF-BI-10001754,Office Supplies,Binders,"Ibico Binder Covers, Recycled"
TEC-EPS-10002920,Technology,Machines,"Epson Printer, Red"
OFF-SU-10001891,Office Supplies,Supplies,"Stiletto Box Cutter, Easy Grip"
FUR-CH-10002793,Furniture,Chairs,"Office Star Bag Chairs, Adjustable"
OFF-BI-10003184,Office Supplies,Binders,"Avery Index Tab, Clear"
OFF-ST-10002608,Office Supplies,Storage,"Eldon Box, Industrial"
TEC-MA-10002827,Technology,Machines,"StarTech Printer, Red"
OFF-BI-10002429,Office Supplies,Binders,"Premier Elliptical Ring Binder, Black"
OFF-SU-10004799,Office Supplies,Supplies,"Elite Ruler, Steel"
TEC-CO-10001580,Technology,Copiers,"HP Ink, Digital"
TEC-PH-10002570,Technology,Phones,"Samsung Headset, Full Size"
OFF-BI-10003355,Office Supplies,Binders,Cardinal Holdit Business Card Pockets
TEC-SAN-10002684,Technology,Accessories,"SanDisk Flash Drive, USB"
FUR-DEF-10004936,Furniture,Furnishings,"Deflect-O Light Bulb, Durable"
TEC-SHA-10001231,Technology,Copiers,"Sharp Wireless Fax, Color"
OFF-EN-10002348,Office Supplies,Envelopes,"Cameo Peel and Seal, Set of 50"
OFF-FA-10000053,Office Supplies,Fasteners,Revere Boxed Rubber Bands by Revere
FUR-FU-10000221,Furniture,Furnishings,"Master Caster Door Stop, Brown"
FUR-FU-10000361,Furniture,Furnishings,"Eldon Stacking Tray, Duo Pack"
FUR-TA-10004892,Furniture,Tables,"Chromcraft Wood Table, with Bottom Storage"
OFF-FA-10001561,Office Supplies,Fasteners,Stockwell Push Pins
TEC-CO-10000405,Technology,Copiers,"Canon Fax Machine, Digital"
OFF-SU-10001133,Office Supplies,Supplies,"Acme Box Cutter, Steel"
TEC-AC-10003640,Technology,Accessories,"SanDisk Mouse, Programmable"
OFF-LA-10002762,Office Supplies,Labels,Avery 485
TEC-MA-10004552,Technology,Machines,Star Micronics TSP100 TSP143LAN Receipt Printer
OFF-EN-10003770,Office Supplies,Envelopes,"Kraft Manila Envelope, with clear poly window"
OFF-AME-10004651,Office Supplies,Envelopes,"Ames Mailers, Recycled"
FUR-DAN-10002314,Furniture,Bookcases,"Dania Stackable Bookrack, Traditional"
OFF-AP-10004168,Office Supplies,Appliances,"Cuisinart Stove, White"
FUR-CH-10003733,Furniture,Chairs,"Hon Steel Folding Chair, Set of Two"
OFF-AR-10000246,Office Supplies,Art,Newell 318
OFF-AP-10002867,Office Supplies,Appliances,Fellowes Command Center 5-outlet power strip
OFF-PA-10003893,Office Supplies,Paper,Xerox 1962
OFF-AR-10001725,Office Supplies,Art,Boston Home & Office Model 2000 Electric Pencil Sharpeners
TEC-AC-10002167,Technology,Accessories,Imation 8gb Micro Traveldrive Usb 2.0 Flash Drive
FUR-BO-10001133,Furniture,Bookcases,"Ikea Classic Bookcase, Mobile"
FUR-FU-10004820,Furniture,Furnishings,"Advantus Photo Frame, Erganomic"
TEC-PAN-10000092,Technology,Machines,"Panasonic Inkjet, Red"
OFF-XER-10000482,Office Supplies,Paper,"Xerox Note Cards, Multicolor"
TEC-AC-10004306,Technology,Accessories,"Belkin Keyboard, Bluetooth"
OFF-BI-10002764,Office Supplies,Binders,Recycled Pressboard Report Cover with Reinforced Top Hinge
TEC-PH-10002660,Technology,Phones,Nortel Networks T7316 E Nt8 B27
TEC-PAN-10002884,Technology,Machines,"Panasonic Inkjet, Wireless"
OFF-AP-10004972,Office Supplies,Appliances,"Breville Coffee Grinder, Red"
FUR-FU-10002918,Furniture,Furnishings,Eldon ClusterMat Chair Mat with Cordless Antistatic Protection
OFF-FA-10002835,Office Supplies,Fasteners,"OIC Staples, Assorted Sizes"
OFF-SU-10003019,Office Supplies,Supplies,"Acme Letter Opener, Serrated"
OFF-FA-10000713,Office Supplies,Fasteners,"Stockwell Clamps, 12 Pack"
OFF-EN-10004564,Office Supplies,Envelopes,"Jiffy Mailers, Set of 50"
OFF-BI-10004040,Office Supplies,Binders,Wilson Jones Impact Binders
OFF-ACM-10003510,Office Supplies,Supplies,"Acme Scissors, High Speed"
FUR-FU-10003725,Furniture,Furnishings,"Advantus Light Bulb, Erganomic"
TEC-AC-10004992,Technology,Accessories,Kingston Digital DataTraveler 64GB USB 2.0
FUR-FU-10003826,Furniture,Furnishings,"Eldon Door Stop, Duo Pack"
TEC-AC-10001745,Technology,Accessories,"Memorex Flash Drive, Programmable"
OFF-ST-10002530,Office Supplies,Storage,"Rogers Lockers, Single Width"
TEC-PH-10002564,Technology,Phones,OtterBox Defender Series Case - Samsung Galaxy S4
OFF-ST-10002598,Office Supplies,Storage,"Tenex Shelving, Industrial"
FUR-FU-10000668,Furniture,Furnishings,"Tenex Frame, Durable"
OFF-AR-10000404,Office Supplies,Art,"Stanley Pencil Sharpener, Easy-Erase"
OFF-KIT-10002357,Office Supplies,Appliances,"KitchenAid Blender, White"
OFF-ST-10002424,Office Supplies,Storage,"Smead Trays, Industrial"
TEC-CO-10001678,Technology,Copiers,"Brother Fax Machine, Digital"
OFF-AP-10003956,Office Supplies,Appliances,"Hoover Toaster, Red"
OFF-AR-10001495,Office Supplies,Art,"BIC Sketch Pad, Blue"
FUR-CH-10002304,Furniture,Chairs,"Global Stack Chair without Arms, Black"
OFF-EN-10002313,Office Supplies,Envelopes,"GlobeWeis Mailers, Recycled"
OFF-PA-10000756,Office Supplies,Paper,"Enermax Computer Printout Paper, Premium"
OFF-SU-10003897,Office Supplies,Supplies,"Stiletto Ruler, High Speed"
TEC-PH-10002699,Technology,Phones,"Cisco Signal Booster, Full Size"
OFF-NOV-10001568,Office Supplies,Labels,"Novimex Shipping Labels, 5000 Label Set"
TEC-CO-10001531,Technology,Copiers,"Hewlett Fax and Copier, Color"
TEC-CO-10002696,Technology,Copiers,"Hewlett Personal Copier, Color"
OFF-PA-10000213,Office Supplies,Paper,Xerox 198
TEC-AC-10002550,Technology,Accessories,Maxell 4.7GB DVD-RW 3/Pack
FUR-TA-10003254,Furniture,Tables,"Bevis Round Table, Adjustable Height"
OFF-SAN-10003660,Office Supplies,Paper,"SanDisk Computer Printout Paper, Multicolor"
TEC-PH-10004281,Technology,Phones,"Samsung Audio Dock, Cordless"
OFF-PA-10001639,Office Supplies,Paper,Xerox 203
OFF-FA-10002047,Office Supplies,Fasteners,"Stockwell Push Pins, Bulk Pack"
OFF-SU-10003567,Office Supplies,Supplies,Stiletto Hand Letter Openers
FUR-ADV-10000571,Furniture,Furnishings,"Advantus Frame, Erganomic"
TEC-PH-10004271,Technology,Phones,"Cisco Speaker Phone, VoIP"
OFF-AR-10000176,Office Supplies,Art,"Sanford Highlighters, Water Color"
OFF-ST-10001346,Office Supplies,Storage,"Smead File Cart, Industrial"
OFF-AP-10003622,Office Supplies,Appliances,"Hamilton Beach Microwave, Silver"
FUR-NOV-10004925,Furniture,Chairs,"Novimex Executive Leather Armchair, Black"
OFF-PA-10002303,Office Supplies,Paper,"Eaton Parchment Paper, Multicolor"
OFF-AR-10001720,Office Supplies,Art,"Stanley Canvas, Blue"
TEC-AC-10004659,Technology,Accessories,Imation Secure+ Hardware Encrypted USB 2.0 Flash Drive; 16GB
TEC-MA-10001098,Technology,Machines,"StarTech Printer, Durable"
OFF-EN-10002226,Office Supplies,Envelopes,"Jiffy Clasp Envelope, Recycled"
OFF-FA-10004248,Office Supplies,Fasteners,Advantus T-Pin Paper Clips
OFF-SME-10004110,Office Supplies,Labels,"Smead Color Coded Labels, Alphabetical"
OFF-LA-10002806,Office Supplies,Labels,"Novimex Shipping Labels, 5000 Label Set"
OFF-ST-10002159,Office Supplies,Storage,"Fellowes Lockers, Wire Frame"
FUR-FU-10002874,Furniture,Furnishings,Ultra Commercial Grade Dual Valve Door Closer
OFF-AP-10002764,Office Supplies,Appliances,"Hoover Microwave, Black"
FUR-TA-10002351,Furniture,Tables,"Hon Training Table, Adjustable Height"
TEC-PH-10003752,Technology,Phones,"Nokia Office Telephone, VoIP"
TEC-AC-10000397,Technology,Accessories,"Perixx PERIBOARD-512B, Ergonomic Split Keyboard"
OFF-JIF-10000843,Office Supplies,Envelopes,"Jiffy Manila Envelope, Set of 50"
TEC-MA-10001127,Technology,Machines,"Epson Inkjet, Wireless"
OFF-AR-10000390,Office Supplies,Art,Newell Chalk Holder
OFF-FA-10000089,Office Supplies,Fasteners,"OIC Rubber Bands, Assorted Sizes"
OFF-ST-10002743,Office Supplies,Storage,SAFCO Boltless Steel Shelving
TEC-SAM-10004384,Technology,Phones,"Samsung Office Telephone, VoIP"
OFF-AR-10001850,Office Supplies,Art,"BIC Highlighters, Fluorescent"
TEC-KON-10001519,Technology,Machines,"Konica Calculator, White"
FUR-FU-10000366,Furniture,Furnishings,"Deflect-O Door Stop, Durable"
OFF-ACM-10003978,Office Supplies,Supplies,"Acme Trimmer, High Speed"
TEC-AC-10001639,Technology,Accessories,"Belkin Flash Drive, Erganomic"
OFF-JIF-10004822,Office Supplies,Envelopes,"Jiffy Mailers, Security-Tint"
OFF-PA-10001569,Office Supplies,Paper,Xerox 232
OFF-PA-10001166,Office Supplies,Paper,Xerox 1932
TEC-CO-10001468,Technology,Copiers,"Brother Fax Machine, Digital"
OFF-SU-10003098,Office Supplies,Supplies,"Kleencut Scissors, Easy Grip"
OFF-SU-10004575,Office Supplies,Supplies,"Fiskars Letter Opener, Steel"
OFF-AP-10003287,Office Supplies,Appliances,Tripp Lite TLP810NET Broadband Surge for Modem/Fax
TEC-PH-10004772,Technology,Phones,"Motorola Signal Booster, VoIP"
OFF-BI-10002594,Office Supplies,Binders,"Cardinal Binder Covers, Recycled"
TEC-CO-10000270,Technology,Copiers,"Hewlett Fax Machine, High-Speed"
OFF-EN-10004560,Office Supplies,Envelopes,"Ames Mailers, Security-Tint"
OFF-AP-10001565,Office Supplies,Appliances,"Cuisinart Coffee Grinder, Black"
FUR-CH-10002250,Furniture,Chairs,"Office Star Executive Leather Armchair, Black"
OFF-STI-10000305,Office Supplies,Supplies,"Stiletto Shears, High Speed"
OFF-BI-10004193,Office Supplies,Binders,"Avery Index Tab, Clear"
OFF-GRE-10001814,Office Supplies,Paper,"Green Bar Computer Printout Paper, 8.5 x 11"
FUR-FU-10002549,Furniture,Furnishings,"Deflect-O Clock, Duo Pack"
OFF-LA-10004398,Office Supplies,Labels,"Hon Color Coded Labels, Alphabetical"
TEC-AC-10001402,Technology,Accessories,"Memorex Numeric Keypad, Bluetooth"
OFF-AR-10002335,Office Supplies,Art,"Sanford Canvas, Fluorescent"
OFF-HAR-10004896,Office Supplies,Labels,"Harbour Creations Color Coded Labels, Laser Printer Compatible"
TEC-AC-10002815,Technology,Accessories,"SanDisk Keyboard, Erganomic"
OFF-EN-10001621,Office Supplies,Envelopes,"GlobeWeis Business Envelopes, Security-Tint"
TEC-CO-10004042,Technology,Copiers,"Brother Wireless Fax, Laser"
OFF-PA-10002479,Office Supplies,Paper,"Enermax Cards & Envelopes, 8.5 x 11"
TEC-MA-10003557,Technology,Machines,"Panasonic Inkjet, Durable"
OFF-AR-10003806,Office Supplies,Art,"Stanley Sketch Pad, Water Color"
OFF-AR-10000399,Office Supplies,Art,"Binney & Smith Highlighters, Fluorescent"
FUR-FU-10000242,Furniture,Furnishings,"Deflect-O Frame, Durable"
OFF-ST-10003414,Office Supplies,Storage,"Tenex Shelving, Industrial"
OFF-SU-10001351,Office Supplies,Supplies,"Stiletto Letter Opener, Steel"
OFF-BI-10000232,Office Supplies,Binders,"Ibico 3-Hole Punch, Durable"
FUR-SAF-10001870,Furniture,Chairs,"SAFCO Chairmat, Set of Two"
OFF-PA-10001722,Office Supplies,Paper,"SanDisk Message Books, Premium"
OFF-BRE-10001197,Office Supplies,Appliances,"Breville Refrigerator, Black"
OFF-SU-10000573,Office Supplies,Supplies,"Acme Ruler, High Speed"
OFF-NOV-10002258,Office Supplies,Labels,"Novimex Legal Exhibit Labels, Alphabetical"
OFF-AR-10002257,Office Supplies,Art,"Eldon Spacemaker Box, Quick-Snap Lid, Clear"
FUR-FU-10000482,Furniture,Furnishings,"Eldon Photo Frame, Duo Pack"
OFF-ELD-10001477,Office Supplies,Storage,"Eldon Lockers, Single Width"
OFF-ST-10001173,Office Supplies,Storage,"Eldon Folders, Industrial"
OFF-PA-10000354,Office Supplies,Paper,"Xerox Computer Printout Paper, Multicolor"
TEC-HEW-10003260,Technology,Copiers,"Hewlett Fax and Copier, Digital"
OFF-FA-10001030,Office Supplies,Fasteners,"Stockwell Paper Clips, Assorted Sizes"
TEC-AC-10001874,Technology,Accessories,Logitech Wireless Anywhere Mouse MX for PC and Mac
OFF-BI-10001765,Office Supplies,Binders,Wilson Jones Heavy-Duty Casebound Ring Binders with Metal Hinges
OFF-SU-10004230,Office Supplies,Supplies,"Kleencut Scissors, Serrated"
OFF-AR-10004594,Office Supplies,Art,"Sanford Canvas, Water Color"
FUR-SAF-10003160,Furniture,Chairs,"SAFCO Rocking Chair, Adjustable"
OFF-PA-10000591,Office Supplies,Paper,"Green Bar Cards & Envelopes, Multicolor"
TEC-BEL-10004950,Technology,Accessories,"Belkin Numeric Keypad, Erganomic"
OFF-AP-10004453,Office Supplies,Appliances,"Hoover Toaster, White"
OFF-FA-10003542,Office Supplies,Fasteners,"Stockwell Staples, Bulk Pack"
FUR-TA-10004957,Furniture,Tables,"Bevis Wood Table, Fully Assembled"
FUR-BO-10004407,Furniture,Bookcases,"Ikea Floating Shelf Set, Metal"
OFF-LA-10004877,Office Supplies,Labels,"Hon Legal Exhibit Labels, 5000 Label Set"
OFF-KLE-10002869,Office Supplies,Supplies,"Kleencut Letter Opener, High Speed"
FUR-OFF-10002542,Furniture,Chairs,"Office Star Executive Leather Armchair, Adjustable"
TEC-AC-10004568,Technology,Accessories,Maxell LTO Ultrium - 800 GB
FUR-CH-10002212,Furniture,Chairs,"Hon Chairmat, Black"
OFF-GLO-10001233,Office Supplies,Envelopes,"GlobeWeis Clasp Envelope, Set of 50"
TEC-AC-10000499,Technology,Accessories,"Memorex Memory Card, USB"
OFF-FEL-10000070,Office Supplies,Storage,"Fellowes Box, Industrial"
OFF-ST-10003578,Office Supplies,Storage,"Smead Box, Blue"
OFF-LA-10000624,Office Supplies,Labels,"Hon File Folder Labels, 5000 Label Set"
FUR-FU-10003981,Furniture,Furnishings,Eldon Wave Desk Accessories
TEC-PH-10002352,Technology,Phones,Avaya IP Phone 1140E VoIP phone
TEC-ENE-10004236,Technology,Accessories,"Enermax Flash Drive, Bluetooth"
FUR-NOV-10000222,Furniture,Chairs,"Novimex Steel Folding Chair, Adjustable"
FUR-FU-10004622,Furniture,Furnishings,Eldon Advantage Foldable Chair Mats for Low Pile Carpets
TEC-MA-10000418,Technology,Machines,Cubify CubeX 3D Printer Double Head Print
OFF-FA-10001152,Office Supplies,Fasteners,"Stockwell Clamps, Metal"
TEC-SAN-10001738,Technology,Accessories,"SanDisk Mouse, Programmable"
OFF-AP-10003032,Office Supplies,Appliances,"Hoover Stove, Red"
TEC-MA-10002242,Technology,Machines,"StarTech Calculator, Durable"
OFF-FA-10001577,Office Supplies,Fasteners,"Stockwell Staples, Bulk Pack"
TEC-PH-10001614,Technology,Phones,"Motorola Audio Dock, VoIP"
TEC-PH-10000358,Technology,Phones,"Samsung Headset, with Caller ID"
OFF-PA-10001691,Office Supplies,Paper,"Green Bar Note Cards, Premium"
FUR-SAF-10000593,Furniture,Chairs,"SAFCO Chairmat, Adjustable"
TEC-PH-10003549,Technology,Phones,"Samsung Headset, with Caller ID"
FUR-LES-10003538,Furniture,Tables,"Lesro Coffee Table, Fully Assembled"
TEC-HEW-10000365,Technology,Copiers,"Hewlett Copy Machine, Laser"
TEC-CO-10000452,Technology,Copiers,"HP Copy Machine, Laser"
OFF-ST-10003282,Office Supplies,Storage,"Fellowes Folders, Single Width"
OFF-AME-10001641,Office Supplies,Envelopes,"Ames Interoffice Envelope, Recycled"
OFF-AR-10000812,Office Supplies,Art,"Binney & Smith Pens, Fluorescent"
FUR-CH-10002574,Furniture,Chairs,"Office Star Chairmat, Black"
OFF-LA-10000692,Office Supplies,Labels,"Avery Legal Exhibit Labels, Adjustable"
OFF-SU-10000076,Office Supplies,Supplies,"Acme Trimmer, Easy Grip"
OFF-AR-10001599,Office Supplies,Art,"Binney & Smith Canvas, Blue"
TEC-AC-10003506,Technology,Accessories,"Enermax Router, Erganomic"
FUR-FU-10002007,Furniture,Furnishings,"Rubbermaid Stacking Tray, Black"
OFF-HON-10001132,Office Supplies,Labels,"Hon Round Labels, Adjustable"
TEC-CO-10003522,Technology,Copiers,"Sharp Personal Copier, High-Speed"
FUR-TA-10000591,Furniture,Tables,"Chromcraft Training Table, with Bottom Storage"
TEC-PAN-10002454,Technology,Machines,"Panasonic Phone, Red"
OFF-SU-10004771,Office Supplies,Supplies,"Elite Ruler, Easy Grip"
OFF-AR-10002802,Office Supplies,Art,"Binney & Smith Pencil Sharpener, Water Color"
FUR-FU-10002069,Furniture,Furnishings,"Advantus Door Stop, Durable"
OFF-FA-10000520,Office Supplies,Fasteners,"Stockwell Paper Clips, Bulk Pack"
FUR-CH-10004751,Furniture,Chairs,"Hon Steel Folding Chair, Black"
OFF-BI-10001833,Office Supplies,Binders,"Ibico Hole Reinforcements, Recycled"
FUR-CH-10000479,Furniture,Chairs,"Harbour Creations Executive Leather Armchair, Adjustable"
TEC-PH-10002932,Technology,Phones,"Samsung Speaker Phone, VoIP"
TEC-AC-10001274,Technology,Accessories,"Belkin Memory Card, Bluetooth"
FUR-CH-10003948,Furniture,Chairs,"Harbour Creations Swivel Stool, Set of Two"
FUR-FU-10002829,Furniture,Furnishings,"Deflect-O Photo Frame, Black"
TEC-AC-10002049,Technology,Accessories,Plantronics Savi W720 Multi-Device Wireless Headset System
OFF-SU-10000130,Office Supplies,Supplies,"Fiskars Ruler, High Speed"
FUR-CH-10002439,Furniture,Chairs,"Iceberg Nesting Folding Chair, 19w x 6d x 43h"
OFF-ACM-10004669,Office Supplies,Supplies,"Acme Shears, Easy Grip"
FUR-CH-10004441,Furniture,Chairs,"SAFCO Bag Chairs, Black"
FUR-CH-10003485,Furniture,Chairs,"Hon Swivel Stool, Set of Two"
FUR-BO-10004648,Furniture,Bookcases,"Sauder Library with Doors, Pine"
TEC-PH-10002815,Technology,Phones,"Samsung Smart Phone, VoIP"
OFF-FA-10004359,Office Supplies,Fasteners,"OIC Paper Clips, Assorted Sizes"
OFF-ST-10003221,Office Supplies,Storage,Staples
TEC-MA-10002149,Technology,Machines,"Panasonic Receipt Printer, Durable"
FUR-CH-10002044,Furniture,Chairs,"Office Star - Contemporary Task Swivel chair with 2-way adjustable arms, Plum"
OFF-ST-10002510,Office Supplies,Storage,"Tenex Lockers, Wire Frame"
FUR-BO-10003112,Furniture,Bookcases,"Sauder Floating Shelf Set, Traditional"
FUR-BO-10000936,Furniture,Bookcases,"Bush Floating Shelf Set, Traditional"
OFF-AR-10002240,Office Supplies,Art,Panasonic KP-150 Electric Pencil Sharpener
OFF-EN-10000776,Office Supplies,Envelopes,"Jiffy Peel and Seal, Set of 50"
FUR-BO-10003647,Furniture,Bookcases,"Ikea Classic Bookcase, Pine"
FUR-FU-10003806,Furniture,Furnishings,"Tenex Chairmat w/ Average Lip, 45"" x 53"""
OFF-LA-10002486,Office Supplies,Labels,"Novimex File Folder Labels, 5000 Label Set"
OFF-LA-10004700,Office Supplies,Labels,"Avery Color Coded Labels, Alphabetical"
FUR-SAU-10002331,Furniture,Bookcases,"Sauder Library with Doors, Traditional"
OFF-AP-10001458,Office Supplies,Appliances,"KitchenAid Blender, Black"
OFF-AVE-10001367,Office Supplies,Labels,"Avery Legal Exhibit Labels, Alphabetical"
OFF-EN-10000274,Office Supplies,Envelopes,"Kraft Business Envelopes, Recycled"
OFF-BI-10003985,Office Supplies,Binders,"Cardinal Index Tab, Economy"
OFF-FA-10002453,Office Supplies,Fasteners,"Stockwell Thumb Tacks, Bulk Pack"
OFF-BI-10004632,Office Supplies,Binders,Ibico Hi-Tech Manual Binding System
FUR-FU-10003717,Furniture,Furnishings,"Deflect-O Light Bulb, Black"
OFF-HON-10004825,Office Supplies,Labels,"Hon File Folder Labels, Adjustable"
OFF-EN-10004144,Office Supplies,Envelopes,"Cameo Clasp Envelope, Security-Tint"
TEC-SHA-10000244,Technology,Copiers,"Sharp Fax Machine, Laser"
OFF-ST-10002119,Office Supplies,Storage,"Rogers Shelving, Industrial"
OFF-AR-10003031,Office Supplies,Art,"Stanley Highlighters, Easy-Erase"
FUR-BO-10000402,Furniture,Bookcases,"Sauder Stackable Bookrack, Traditional"
OFF-AP-10000904,Office Supplies,Appliances,"Cuisinart Coffee Grinder, Silver"
OFF-FA-10003744,Office Supplies,Fasteners,"Stockwell Thumb Tacks, Assorted Sizes"
OFF-ST-10002292,Office Supplies,Storage,"Sauder Facets Collection Locker/File Cabinet, Sky Alder Finish"
OFF-AP-10002497,Office Supplies,Appliances,"Hamilton Beach Coffee Grinder, White"
FUR-FU-10004903,Furniture,Furnishings,"Eldon Light Bulb, Black"
TEC-PH-10004200,Technology,Phones,"Motorola Audio Dock, Full Size"
TEC-MA-10002521,Technology,Machines,"Okidata Card Printer, Wireless"
FUR-TA-10002789,Furniture,Tables,"Hon Coffee Table, with Bottom Storage"
FUR-CH-10004774,Furniture,Chairs,"Novimex Executive Leather Armchair, Red"
TEC-AC-10003734,Technology,Accessories,"Memorex Numeric Keypad, Erganomic"
TEC-PH-10001918,Technology,Phones,Nortel Business Series Terminal T7208 Digital phone
OFF-AR-10004012,Office Supplies,Art,"Sanford Highlighters, Blue"
OFF-PA-10000677,Office Supplies,Paper,"Green Bar Memo Slips, Premium"
TEC-AC-10000887,Technology,Accessories,"Enermax Flash Drive, Bluetooth"
OFF-KIT-10000624,Office Supplies,Appliances,"KitchenAid Blender, Black"
OFF-OIC-10000855,Office Supplies,Fasteners,"OIC Thumb Tacks, Metal"
OFF-FEL-10002867,Office Supplies,Storage,"Fellowes Lockers, Single Width"
OFF-BI-10000172,Office Supplies,Binders,"Ibico Index Tab, Clear"
FUR-TA-10001932,Furniture,Tables,"Chromcraft 48"" x 96"" Racetrack Double Pedestal Table"
OFF-BI-10001107,Office Supplies,Binders,"GBC White Gloss Covers, Plain Front"
FUR-CH-10001831,Furniture,Chairs,"Novimex Rocking Chair, Set of Two"
OFF-KIT-10000099,Office Supplies,Appliances,"KitchenAid Refrigerator, Silver"
TEC-HP -10003618,Technology,Copiers,"HP Fax Machine, Digital"
OFF-STA-10001747,Office Supplies,Art,"Stanley Pencil Sharpener, Water Color"
OFF-BI-10001324,Office Supplies,Binders,"Ibico Hole Reinforcements, Clear"
OFF-SME-10001800,Office Supplies,Labels,"Smead Shipping Labels, Laser Printer Compatible"
OFF-SAN-10004232,Office Supplies,Art,"Sanford Markers, Fluorescent"
OFF-ST-10000624,Office Supplies,Storage,"Eldon File Cart, Single Width"
FUR-FU-10001471,Furniture,Furnishings,"Eldon Door Stop, Durable"
FUR-FU-10001706,Furniture,Furnishings,Longer-Life Soft White Bulbs
OFF-LA-10004947,Office Supplies,Labels,"Hon Shipping Labels, 5000 Label Set"
TEC-MA-10002780,Technology,Machines,"Okidata Inkjet, Wireless"
TEC-MEM-10000582,Technology,Accessories,"Memorex Flash Drive, Bluetooth"
OFF-FA-10004946,Office Supplies,Fasteners,"Advantus Staples, Metal"
OFF-BI-10004510,Office Supplies,Binders,"Avery 3-Hole Punch, Durable"
OFF-PA-10000304,Office Supplies,Paper,Xerox 1995
OFF-AP-10004994,Office Supplies,Appliances,"Hamilton Beach Refrigerator, Red"
OFF-LA-10003338,Office Supplies,Labels,"Novimex Legal Exhibit Labels, Alphabetical"
TEC-PH-10002922,Technology,Phones,ShoreTel ShorePhone IP 230 VoIP phone
FUR-CH-10004606,Furniture,Chairs,"Hon Rocking Chair, Red"
TEC-CO-10001317,Technology,Copiers,"Sharp Fax Machine, Digital"
TEC-CO-10002658,Technology,Copiers,"Hewlett Ink, Laser"
TEC-CO-10003113,Technology,Copiers,"Hewlett Fax Machine, Color"
OFF-EN-10002778,Office Supplies,Envelopes,"Ames Clasp Envelope, Set of 50"
TEC-PH-10001360,Technology,Phones,"Apple Smart Phone, Full Size"
OFF-PA-10004337,Office Supplies,Paper,"Eaton Computer Printout Paper, Premium"
FUR-TA-10001192,Furniture,Tables,"Hon Training Table, Fully Assembled"
TEC-MA-10003773,Technology,Machines,"Panasonic Card Printer, Wireless"
OFF-CAR-10004408,Office Supplies,Binders,"Cardinal 3-Hole Punch, Economy"
OFF-AR-10002419,Office Supplies,Art,"Sanford Markers, Fluorescent"
OFF-SU-10003428,Office Supplies,Supplies,"Kleencut Box Cutter, High Speed"
FUR-TEN-10003349,Furniture,Furnishings,"Tenex Photo Frame, Durable"
OFF-FA-10003893,Office Supplies,Fasteners,"OIC Paper Clips, 12 Pack"
FUR-FU-10002937,Furniture,Furnishings,"GE 48"" Fluorescent Tube, Cool White Energy Saver, 34 Watts, 30/Box"
OFF-KLE-10003227,Office Supplies,Supplies,"Kleencut Ruler, Steel"
FUR-CH-10001039,Furniture,Chairs,"Harbour Creations Rocking Chair, Adjustable"
OFF-ST-10004459,Office Supplies,Storage,Tennsco Single-Tier Lockers
OFF-ST-10001372,Office Supplies,Storage,"Eldon Box, Blue"
OFF-BI-10000494,Office Supplies,Binders,Acco Economy Flexible Poly Round Ring Binder
TEC-PH-10000490,Technology,Phones,"Motorola Audio Dock, Full Size"
OFF-LA-10001194,Office Supplies,Labels,"Novimex Removable Labels, Adjustable"
FUR-ADV-10001283,Furniture,Furnishings,"Advantus Frame, Black"
FUR-FU-10001477,Furniture,Furnishings,"Deflect-O Frame, Erganomic"
OFF-LA-10003699,Office Supplies,Labels,"Smead File Folder Labels, Adjustable"
FUR-TA-10001095,Furniture,Tables,Chromcraft Round Conference Tables
FUR-BO-10004924,Furniture,Bookcases,"Sauder Library with Doors, Traditional"
TEC-CO-10001628,Technology,Copiers,"Sharp Personal Copier, Digital"
OFF-AR-10001752,Office Supplies,Art,"Binney & Smith Pens, Blue"
OFF-PA-10000824,Office Supplies,Paper,"Enermax Computer Printout Paper, Multicolor"
OFF-PA-10004020,Office Supplies,Paper,"SanDisk Message Books, 8.5 x 11"
OFF-BI-10004581,Office Supplies,Binders,"Cardinal Binding Machine, Economy"
OFF-AP-10000540,Office Supplies,Appliances,"Hamilton Beach Refrigerator, Red"
TEC-MA-10004820,Technology,Machines,"Okidata Card Printer, Wireless"
FUR-FU-10003095,Furniture,Furnishings,"Linden 12"" Wall Clock With Oak Frame"
FUR-FU-10000305,Furniture,Furnishings,"Tenex V2T-RE Standard Weight Series Chair Mat, 45"" x 53"", Lip 25"" x 12"""
TEC-AC-10003415,Technology,Accessories,"SanDisk Router, Erganomic"
TEC-PH-10001585,Technology,Phones,"Nokia Signal Booster, Cordless"
OFF-GRE-10003213,Office Supplies,Paper,"Green Bar Memo Slips, Premium"
FUR-TA-10004468,Furniture,Tables,"Lesro Training Table, Fully Assembled"
TEC-AC-10001246,Technology,Accessories,"Enermax Numeric Keypad, Erganomic"
OFF-AP-10000600,Office Supplies,Appliances,"KitchenAid Coffee Grinder, Silver"
OFF-ST-10003012,Office Supplies,Storage,"Tenex Folders, Industrial"
OFF-ST-10000836,Office Supplies,Storage,"Tenex Trays, Blue"
OFF-LA-10002821,Office Supplies,Labels,"Harbour Creations Color Coded Labels, 5000 Label Set"
OFF-FA-10000474,Office Supplies,Fasteners,"OIC Staples, 12 Pack"
FUR-BO-10004360,Furniture,Bookcases,Rush Hierlooms Collection Rich Wood Bookcases
FUR-TA-10003782,Furniture,Tables,"Lesro Training Table, Rectangular"
OFF-BI-10003650,Office Supplies,Binders,GBC DocuBind 300 Electric Binding Machine
FUR-TA-10001100,Furniture,Tables,"Lesro Training Table, Adjustable Height"
OFF-BI-10002432,Office Supplies,Binders,Wilson Jones Standard D-Ring Binders
OFF-FA-10002632,Office Supplies,Fasteners,"Accos Staples, Metal"
OFF-PA-10004746,Office Supplies,Paper,"SanDisk Memo Slips, 8.5 x 11"
OFF-ST-10001567,Office Supplies,Storage,"Smead File Cart, Single Width"
FUR-TA-10004817,Furniture,Tables,"Lesro Coffee Table, with Bottom Storage"
OFF-SU-10000925,Office Supplies,Supplies,"Acme Shears, Easy Grip"
OFF-PA-10003407,Office Supplies,Paper,"Enermax Memo Slips, Recycled"
OFF-BI-10000778,Office Supplies,Binders,GBC VeloBinder Electric Binding Machine
OFF-LA-10000157,Office Supplies,Labels,"Novimex Shipping Labels, Laser Printer Compatible"
OFF-PA-10000249,Office Supplies,Paper,Staples
OFF-AP-10004499,Office Supplies,Appliances,"Cuisinart Stove, Red"
FUR-BO-10004947,Furniture,Bookcases,"Safco Stackable Bookrack, Pine"
FUR-BO-10004709,Furniture,Bookcases,"Bush Classic Bookcase, Pine"
FUR-SAU-10004221,Furniture,Bookcases,"Sauder Corner Shelving, Mobile"
OFF-AR-10001315,Office Supplies,Art,Newell 310
TEC-PH-10003945,Technology,Phones,"Nokia Audio Dock, VoIP"
OFF-ST-10001066,Office Supplies,Storage,"Tenex Box, Single Width"
OFF-PA-10002488,Office Supplies,Paper,"Xerox Message Books, Multicolor"
FUR-HAR-10004129,Furniture,Chairs,"Harbour Creations Swivel Stool, Set of Two"
OFF-ST-10001707,Office Supplies,Storage,"Smead Shelving, Single Width"
TEC-PH-10004682,Technology,Phones,"Cisco Headset, VoIP"
OFF-BI-10004967,Office Supplies,Binders,Round Ring Binders
OFF-LA-10002827,Office Supplies,Labels,"Harbour Creations Round Labels, Adjustable"
TEC-PH-10004626,Technology,Phones,"Cisco Smart Phone, with Caller ID"
FUR-CH-10004592,Furniture,Chairs,"Hon Rocking Chair, Set of Two"
OFF-ST-10001173,Office Supplies,Storage,"Eldon Trays, Industrial"
FUR-CH-10004572,Furniture,Chairs,"Harbour Creations Bag Chairs, Red"
OFF-EN-10002312,Office Supplies,Envelopes,#10 Self-Seal White Envelopes
OFF-FA-10002619,Office Supplies,Fasteners,"Stockwell Rubber Bands, Metal"
OFF-LA-10000151,Office Supplies,Labels,"Novimex Round Labels, Laser Printer Compatible"
OFF-BI-10001645,Office Supplies,Binders,"Ibico Binding Machine, Recycled"
OFF-AP-10000891,Office Supplies,Appliances,Kensington 7 Outlet MasterPiece HOMEOFFICE Power Control Center
TEC-ENE-10001355,Technology,Accessories,"Enermax Numeric Keypad, USB"
FUR-ELD-10003802,Furniture,Furnishings,"Eldon Door Stop, Duo Pack"
FUR-DEF-10000346,Furniture,Furnishings,"Deflect-O Frame, Duo Pack"
OFF-LA-10000116,Office Supplies,Labels,"Harbour Creations File Folder Labels, Adjustable"
TEC-CIS-10001767,Technology,Phones,"Cisco Office Telephone, Cordless"
OFF-AR-10002710,Office Supplies,Art,"Sanford Pens, Easy-Erase"
OFF-FEL-10002837,Office Supplies,Storage,"Fellowes Folders, Single Width"
FUR-CH-10004886,Furniture,Chairs,Bevis Steel Folding Chairs
OFF-PA-10003296,Office Supplies,Paper,"Xerox Message Books, Recycled"
FUR-FU-10003094,Furniture,Furnishings,"Eldon Clock, Erganomic"
TEC-PH-10000193,Technology,Phones,Jensen SMPS-640 - speaker phone
OFF-AP-10003971,Office Supplies,Appliances,"Hoover Toaster, Red"
OFF-AP-10002321,Office Supplies,Appliances,"Hoover Microwave, Silver"
TEC-MA-10002871,Technology,Machines,"Panasonic Receipt Printer, Red"
FUR-FU-10004018,Furniture,Furnishings,Tensor Computer Mounted Lamp
FUR-BO-10001721,Furniture,Bookcases,"Bush Corner Shelving, Mobile"
OFF-PA-10002369,Office Supplies,Paper,"Eaton Parchment Paper, Multicolor"
OFF-ST-10002583,Office Supplies,Storage,Fellowes Neat Ideas Storage Cubes
OFF-AP-10001335,Office Supplies,Appliances,"Hoover Toaster, Black"
FUR-BO-10004218,Furniture,Bookcases,"Bush Heritage Pine Collection 5-Shelf Bookcase, Albany Pine Finish, *Special Order"
OFF-PA-10001445,Office Supplies,Paper,"Eaton Cards & Envelopes, Multicolor"
FUR-CH-10004675,Furniture,Chairs,"Lifetime Advantage Folding Chairs, 4/Carton"
OFF-ENE-10004132,Office Supplies,Paper,"Enermax Computer Printout Paper, 8.5 x 11"
TEC-AC-10002217,Technology,Accessories,Imation Clip USB flash drive - 8 GB
FUR-DEF-10003676,Furniture,Furnishings,"Deflect-O Stacking Tray, Erganomic"
OFF-PA-10003001,Office Supplies,Paper,Xerox 1986
OFF-PA-10000477,Office Supplies,Paper,Xerox 22
FUR-BO-10002133,Furniture,Bookcases,"Bush Corner Shelving, Mobile"
TEC-CO-10001042,Technology,Copiers,"Sharp Fax and Copier, High-Speed"
TEC-MA-10004323,Technology,Machines,"Panasonic Phone, White"
TEC-CO-10003217,Technology,Copiers,"Canon Wireless Fax, Laser"
FUR-NOV-10002939,Furniture,Chairs,"Novimex Swivel Stool, Black"
TEC-AC-10003832,Technology,Accessories,Logitech P710e Mobile Speakerphone
OFF-AP-10003945,Office Supplies,Appliances,"Hamilton Beach Stove, Red"
FUR-TA-10001359,Furniture,Tables,"Chromcraft Training Table, with Bottom Storage"
TEC-PH-10002645,Technology,Phones,"Motorola Signal Booster, with Caller ID"
OFF-EN-10002465,Office Supplies,Envelopes,"Cameo Business Envelopes, Set of 50"
OFF-AP-10001018,Office Supplies,Appliances,"Hoover Toaster, Silver"
OFF-PA-10000453,Office Supplies,Paper,"Xerox Cards & Envelopes, 8.5 x 11"
FUR-BO-10001392,Furniture,Bookcases,"Sauder Classic Bookcase, Traditional"
OFF-PA-10002360,Office Supplies,Paper,"SanDisk Computer Printout Paper, 8.5 x 11"
OFF-AP-10000528,Office Supplies,Appliances,"Breville Blender, Black"
OFF-PA-10002372,Office Supplies,Paper,"SanDisk Computer Printout Paper, Recycled"
OFF-AR-10002800,Office Supplies,Art,"Binney & Smith Pencil Sharpener, Water Color"
OFF-BI-10003188,Office Supplies,Binders,"Wilson Jones Binder Covers, Economy"
FUR-TA-10003451,Furniture,Tables,"Hon Coffee Table, Adjustable Height"
TEC-MA-10002316,Technology,Machines,"Konica Printer, Durable"
TEC-PH-10002104,Technology,Phones,"Cisco Speaker Phone, Cordless"
OFF-BI-10001089,Office Supplies,Binders,"Acco Binding Machine, Clear"
FUR-FU-10003273,Furniture,Furnishings,"Tenex Frame, Duo Pack"
OFF-LA-10003591,Office Supplies,Labels,"Smead Removable Labels, Laser Printer Compatible"
OFF-BI-10003951,Office Supplies,Binders,"Ibico 3-Hole Punch, Economy"
OFF-WIL-10003774,Office Supplies,Binders,"Wilson Jones Index Tab, Economy"
OFF-EN-10004677,Office Supplies,Envelopes,"Jiffy Manila Envelope, Set of 50"
FUR-TA-10003576,Furniture,Tables,"Hon Coffee Table, Adjustable Height"
OFF-FA-10003050,Office Supplies,Fasteners,"Stockwell Paper Clips, Metal"
OFF-ACC-10002343,Office Supplies,Binders,"Acco 3-Hole Punch, Durable"
FUR-LES-10000488,Furniture,Tables,"Lesro Coffee Table, Adjustable Height"
OFF-EN-10001375,Office Supplies,Envelopes,"GlobeWeis Mailers, with clear poly window"
TEC-CO-10004558,Technology,Copiers,"HP Ink, High-Speed"
OFF-AR-10001044,Office Supplies,Art,"BOSTON Ranger #55 Pencil Sharpener, Black"
OFF-XER-10004042,Office Supplies,Paper,"Xerox Parchment Paper, Premium"
OFF-AP-10004749,Office Supplies,Appliances,"Cuisinart Coffee Grinder, Red"
OFF-PA-10003381,Office Supplies,Paper,"Eaton Cards & Envelopes, Multicolor"
FUR-TA-10002827,Furniture,Tables,"Hon Computer Table, Fully Assembled"
FUR-CH-10000213,Furniture,Chairs,"Hon Swivel Stool, Red"
OFF-BRE-10000493,Office Supplies,Appliances,"Breville Coffee Grinder, Red"
TEC-MA-10003356,Technology,Machines,Panasonic KX MC6040 Color Laser Multifunction Printer
OFF-BIC-10001211,Office Supplies,Art,"BIC Highlighters, Water Color"
OFF-AR-10003113,Office Supplies,Art,"Binney & Smith Pens, Blue"
OFF-AR-10000242,Office Supplies,Art,"BIC Pencil Sharpener, Blue"
FUR-CH-10001832,Furniture,Chairs,"Novimex Rocking Chair, Red"
OFF-BI-10002557,Office Supplies,Binders,Presstex Flexible Ring Binders
OFF-BI-10002354,Office Supplies,Binders,"Acco Binder, Clear"
FUR-BO-10002300,Furniture,Bookcases,"Dania Classic Bookcase, Traditional"
OFF-PA-10002986,Office Supplies,Paper,Xerox 1898
TEC-PH-10002138,Technology,Phones,"Apple Audio Dock, Cordless"
FUR-HON-10004987,Furniture,Tables,"Hon Training Table, Adjustable Height"
OFF-KRA-10002126,Office Supplies,Envelopes,"Kraft Business Envelopes, Recycled"
OFF-PA-10004470,Office Supplies,Paper,"Adams Write n' Stick Phone Message Book, 11"" X 5 1/4"", 200 Messages"
TEC-CO-10004152,Technology,Copiers,"HP Ink, Laser"
OFF-OIC-10000121,Office Supplies,Fasteners,"OIC Paper Clips, 12 Pack"
OFF-AR-10000185,Office Supplies,Art,"Stanley Pens, Water Color"
TEC-CO-10003353,Technology,Copiers,"HP Personal Copier, High-Speed"
OFF-BI-10001407,Office Supplies,Binders,"Acco Binder Covers, Recycled"
TEC-MA-10000232,Technology,Machines,"Konica Card Printer, Durable"
OFF-FA-10003816,Office Supplies,Fasteners,"Stockwell Staples, Metal"
FUR-BO-10004707,Furniture,Bookcases,"Ikea Library with Doors, Traditional"
OFF-BI-10002353,Office Supplies,Binders,GBC VeloBind Cover Sets
OFF-ST-10000884,Office Supplies,Storage,"Smead Folders, Blue"
OFF-AR-10004215,Office Supplies,Art,"Binney & Smith Canvas, Fluorescent"
OFF-EN-10003000,Office Supplies,Envelopes,"Cameo Mailers, Recycled"
OFF-AP-10002753,Office Supplies,Appliances,"Cuisinart Toaster, Red"
TEC-AC-10003614,Technology,Accessories,"Verbatim 25 GB 6x Blu-ray Single Layer Recordable Disc, 10/Pack"
OFF-HON-10004800,Office Supplies,Labels,"Hon Shipping Labels, Alphabetical"
TEC-CIS-10002986,Technology,Phones,"Cisco Speaker Phone, Cordless"
OFF-LA-10003851,Office Supplies,Labels,"Smead Removable Labels, 5000 Label Set"
OFF-FA-10004027,Office Supplies,Fasteners,"OIC Staples, Bulk Pack"
TEC-PAN-10002690,Technology,Machines,"Panasonic Card Printer, Wireless"
FUR-FU-10001934,Furniture,Furnishings,Magnifier Swing Arm Lamp
OFF-LA-10003217,Office Supplies,Labels,"Smead File Folder Labels, Laser Printer Compatible"
OFF-AR-10003077,Office Supplies,Art,"Boston Markers, Fluorescent"
OFF-AR-10000799,Office Supplies,Art,Col-Erase Pencils with Erasers
OFF-FA-10003546,Office Supplies,Fasteners,"Stockwell Thumb Tacks, Metal"
OFF-EN-10002540,Office Supplies,Envelopes,"GlobeWeis Clasp Envelope, with clear poly window"
OFF-LA-10000240,Office Supplies,Labels,Self-Adhesive Address Labels for Typewriters by Universal
OFF-CUI-10002506,Office Supplies,Appliances,"Cuisinart Blender, White"
OFF-ST-10004017,Office Supplies,Storage,"Eldon Lockers, Single Width"
OFF-EN-10000940,Office Supplies,Envelopes,"Ames Interoffice Envelope, Recycled"
FUR-BO-10001362,Furniture,Bookcases,"Ikea Classic Bookcase, Metal"
OFF-FA-10004269,Office Supplies,Fasteners,"Accos Staples, Assorted Sizes"
OFF-EN-10004793,Office Supplies,Envelopes,"Ames Interoffice Envelope, Security-Tint"
FUR-TA-10000855,Furniture,Tables,"Chromcraft Training Table, Rectangular"
OFF-AP-10000108,Office Supplies,Appliances,"Breville Refrigerator, Black"
TEC-NOK-10000784,Technology,Phones,"Nokia Speaker Phone, Cordless"
TEC-PH-10004614,Technology,Phones,AT&T 841000 Phone
TEC-PH-10003442,Technology,Phones,Samsung Replacement EH64AVFWE Premium Headset
OFF-AR-10000058,Office Supplies,Art,"Stanley Canvas, Water Color"
OFF-PA-10002245,Office Supplies,Paper,Xerox 1895
OFF-ST-10004060,Office Supplies,Storage,"Eldon Lockers, Single Width"
TEC-SAN-10004215,Technology,Accessories,"SanDisk Keyboard, Bluetooth"
FUR-BUS-10001243,Furniture,Bookcases,"Bush Classic Bookcase, Pine"
OFF-AR-10000706,Office Supplies,Art,"Sanford Highlighters, Fluorescent"
OFF-LA-10002324,Office Supplies,Labels,"Smead Removable Labels, Adjustable"
TEC-AC-10002263,Technology,Accessories,"SanDisk Memory Card, Bluetooth"
TEC-PAN-10004279,Technology,Machines,"Panasonic Phone, Durable"
TEC-BRO-10003401,Technology,Copiers,"Brother Fax and Copier, High-Speed"
OFF-AR-10001533,Office Supplies,Art,"Sanford Sketch Pad, Easy-Erase"
TEC-PH-10004048,Technology,Phones,"Apple Audio Dock, Full Size"
TEC-MA-10002790,Technology,Machines,NeatDesk Desktop Scanner & Digital Filing System
OFF-SU-10001125,Office Supplies,Supplies,"Stiletto Letter Opener, High Speed"
OFF-EN-10000251,Office Supplies,Envelopes,"Jiffy Clasp Envelope, Security-Tint"
OFF-AR-10004757,Office Supplies,Art,Crayola Colored Pencils
OFF-SU-10000180,Office Supplies,Supplies,"Acme Shears, Serrated"
OFF-ADV-10003196,Office Supplies,Fasteners,"Advantus Staples, Assorted Sizes"
TEC-SHA-10001309,Technology,Copiers,"Sharp Fax Machine, Digital"
TEC-CO-10002587,Technology,Copiers,"Sharp Fax and Copier, Laser"
OFF-SU-10001087,Office Supplies,Supplies,"Kleencut Box Cutter, Serrated"
OFF-PA-10000048,Office Supplies,Paper,Xerox 20
FUR-FU-10002890,Furniture,Furnishings,"Rubbermaid Frame, Durable"
OFF-LA-10004411,Office Supplies,Labels,"Avery File Folder Labels, 5000 Label Set"
FUR-TA-10000136,Furniture,Tables,"Chromcraft Conference Table, Adjustable Height"
TEC-PH-10002251,Technology,Phones,"Motorola Speaker Phone, Cordless"
TEC-AC-10001666,Technology,Accessories,"Memorex Numeric Keypad, Erganomic"
FUR-BO-10003287,Furniture,Bookcases,"Dania Corner Shelving, Traditional"
OFF-ST-10004841,Office Supplies,Storage,"Eldon Box, Blue"
OFF-AP-10000004,Office Supplies,Appliances,"Cuisinart Stove, Silver"
FUR-FU-10003910,Furniture,Furnishings,"Rubbermaid Stacking Tray, Durable"
OFF-ST-10003547,Office Supplies,Storage,"Smead Shelving, Blue"
FUR-BO-10003499,Furniture,Bookcases,"Ikea Library with Doors, Pine"
TEC-STA-10001487,Technology,Machines,"StarTech Calculator, White"
OFF-ADV-10004241,Office Supplies,Fasteners,"Advantus Thumb Tacks, 12 Pack"
OFF-BI-10004795,Office Supplies,Binders,"Avery Binding Machine, Clear"
TEC-CO-10003516,Technology,Copiers,"Sharp Ink, High-Speed"
OFF-BI-10004722,Office Supplies,Binders,"Avery Index Tab, Clear"
OFF-BI-10001759,Office Supplies,Binders,"Acco Pressboard Covers with Storage Hooks, 14 7/8"" x 11"", Dark Blue"
OFF-PA-10000915,Office Supplies,Paper,"Eaton Note Cards, 8.5 x 11"
OFF-FA-10001135,Office Supplies,Fasteners,"Brites Rubber Bands, 1 1/2 oz. Box"
TEC-CO-10003354,Technology,Copiers,"Brother Fax Machine, Laser"
OFF-AR-10002939,Office Supplies,Art,"Stanley Highlighters, Water Color"
OFF-LA-10001184,Office Supplies,Labels,"Novimex Legal Exhibit Labels, 5000 Label Set"
FUR-CH-10003844,Furniture,Chairs,"Office Star Rocking Chair, Black"
FUR-TA-10003899,Furniture,Tables,"Barricks Round Table, with Bottom Storage"
TEC-PH-10004908,Technology,Phones,Panasonic KX TS3282W Corded phone
FUR-CH-10003312,Furniture,Chairs,Hon 2090 “Pillow Soft” Series Mid Back Swivel/Tilt Chairs
OFF-ST-10004382,Office Supplies,Storage,"Tenex Folders, Industrial"
OFF-FA-10003819,Office Supplies,Fasteners,"Advantus Paper Clips, Assorted Sizes"
TEC-AC-10000530,Technology,Accessories,"Logitech Memory Card, Bluetooth"
OFF-ST-10001374,Office Supplies,Storage,"Rogers Trays, Wire Frame"
OFF-PA-10001004,Office Supplies,Paper,"Eaton Parchment Paper, 8.5 x 11"
TEC-AC-10003709,Technology,Accessories,Maxell 4.7GB DVD-R 5/Pack
OFF-ST-10004897,Office Supplies,Storage,"Tenex Folders, Blue"
FUR-FU-10004338,Furniture,Furnishings,"Tenex Light Bulb, Black"
TEC-PH-10002789,Technology,Phones,LG Exalt
FUR-BO-10000610,Furniture,Bookcases,"Ikea Stackable Bookrack, Mobile"
TEC-CIS-10002544,Technology,Phones,"Cisco Headset, Full Size"
FUR-FU-10004095,Furniture,Furnishings,"Eldon Frame, Durable"
OFF-ELI-10001176,Office Supplies,Supplies,"Elite Box Cutter, Easy Grip"
FUR-CH-10004860,Furniture,Chairs,Global Low Back Tilter Chair
TEC-AC-10000358,Technology,Accessories,Imation Secure Drive + Hardware Encrypted USB flash drive - 16 GB
FUR-IKE-10002268,Furniture,Bookcases,"Ikea Floating Shelf Set, Metal"
OFF-SU-10002161,Office Supplies,Supplies,"Elite Ruler, Steel"
OFF-PA-10002725,Office Supplies,Paper,"Eaton Cards & Envelopes, Premium"
TEC-NOK-10001219,Technology,Phones,"Nokia Signal Booster, Cordless"
FUR-CH-10000994,Furniture,Chairs,"Harbour Creations Rocking Chair, Black"
OFF-STO-10004971,Office Supplies,Fasteners,"Stockwell Paper Clips, Assorted Sizes"
FUR-BO-10002889,Furniture,Bookcases,"Dania Stackable Bookrack, Pine"
TEC-PH-10001448,Technology,Phones,Anker Astro 15000mAh USB Portable Charger
TEC-AC-10000290,Technology,Accessories,Sabrent 4-Port USB 2.0 Hub
OFF-BIN-10004729,Office Supplies,Art,"Binney & Smith Sketch Pad, Water Color"
OFF-ST-10000123,Office Supplies,Storage,"Fellowes Folders, Wire Frame"
OFF-AR-10004148,Office Supplies,Art,"Sanford Pens, Easy-Erase"
FUR-BAR-10004434,Furniture,Tables,"Barricks Wood Table, Rectangular"
OFF-ST-10003907,Office Supplies,Storage,"Rogers Shelving, Wire Frame"
OFF-AP-10004350,Office Supplies,Appliances,"KitchenAid Refrigerator, Red"
TEC-PH-10004251,Technology,Phones,"Nokia Audio Dock, Full Size"
FUR-CH-10000089,Furniture,Chairs,"Hon Rocking Chair, Black"
OFF-BI-10001717,Office Supplies,Binders,"Avery Hole Reinforcements, Durable"
OFF-EN-10003332,Office Supplies,Envelopes,"Jiffy Interoffice Envelope, Recycled"
OFF-AR-10004918,Office Supplies,Art,"Binney & Smith Pens, Fluorescent"
FUR-FU-10001085,Furniture,Furnishings,"3M Polarizing Light Filter Sleeves"
OFF-FA-10003745,Office Supplies,Fasteners,"Accos Rubber Bands, Metal"
OFF-PA-10001763,Office Supplies,Paper,Xerox 1896
FUR-BAR-10001039,Furniture,Tables,"Barricks Coffee Table, Fully Assembled"
OFF-SU-10003509,Office Supplies,Supplies,"Stiletto Ruler, Easy Grip"
OFF-PA-10003511,Office Supplies,Paper,"Green Bar Memo Slips, 8.5 x 11"
OFF-STO-10004496,Office Supplies,Fasteners,"Stockwell Push Pins, Bulk Pack"
OFF-LA-10001185,Office Supplies,Labels,"Harbour Creations Round Labels, 5000 Label Set"
OFF-PA-10004923,Office Supplies,Paper,"Xerox Memo Slips, Multicolor"
OFF-FA-10003797,Office Supplies,Fasteners,"Advantus Push Pins, 12 Pack"
FUR-BO-10003563,Furniture,Bookcases,"Bush 3-Shelf Cabinet, Mobile"
TEC-MA-10001991,Technology,Machines,"Konica Calculator, White"
FUR-FU-10001057,Furniture,Furnishings,Tensor Track Tree Floor Lamp
OFF-PA-10002645,Office Supplies,Paper,"Green Bar Computer Printout Paper, Recycled"
FUR-FU-10002045,Furniture,Furnishings,"Executive Impressions 14"""
OFF-ST-10003164,Office Supplies,Storage,"Fellowes Box, Wire Frame"
TEC-CO-10004138,Technology,Copiers,"Sharp Wireless Fax, Digital"
OFF-BI-10004826,Office Supplies,Binders,JM Magazine Binder
OFF-AR-10001897,Office Supplies,Art,Model L Table or Wall-Mount Pencil Sharpener
TEC-AC-10003610,Technology,Accessories,Logitech Illuminated - Keyboard
TEC-CO-10002673,Technology,Copiers,"Brother Fax and Copier, Laser"
TEC-AC-10000269,Technology,Accessories,"Memorex Numeric Keypad, USB"
TEC-CO-10002035,Technology,Copiers,"Canon Wireless Fax, High-Speed"
TEC-MA-10004172,Technology,Machines,"Konica Printer, Red"
FUR-FU-10001252,Furniture,Furnishings,"Eldon Frame, Duo Pack"
OFF-AP-10002608,Office Supplies,Appliances,"Breville Toaster, Black"
OFF-BI-10004369,Office Supplies,Binders,"Ibico Hole Reinforcements, Recycled"
OFF-SU-10000171,Office Supplies,Supplies,"Elite Trimmer, Easy Grip"
OFF-EN-10002522,Office Supplies,Envelopes,"Ames Mailers, Security-Tint"
OFF-AR-10000817,Office Supplies,Art,Manco Dry-Lighter Erasable Highlighter
FUR-RUB-10001717,Furniture,Furnishings,"Rubbermaid Photo Frame, Durable"
FUR-BO-10002308,Furniture,Bookcases,"Safco Floating Shelf Set, Metal"
OFF-BI-10002520,Office Supplies,Binders,"Cardinal Hole Reinforcements, Recycled"
OFF-AP-10002697,Office Supplies,Appliances,"Breville Coffee Grinder, Red"
OFF-BI-10004483,Office Supplies,Binders,"Ibico Index Tab, Clear"
OFF-AP-10002735,Office Supplies,Appliances,"Cuisinart Toaster, Black"
OFF-PA-10001019,Office Supplies,Paper,Xerox 1884
FUR-FU-10002362,Furniture,Furnishings,"Advantus Door Stop, Black"
OFF-PA-10004475,Office Supplies,Paper,Xerox 1940
OFF-AR-10003249,Office Supplies,Art,"Sanford Canvas, Easy-Erase"
TEC-PH-10001937,Technology,Phones,"Nokia Audio Dock, Full Size"
OFF-FEL-10004665,Office Supplies,Storage,"Fellowes Lockers, Blue"
OFF-ST-10002659,Office Supplies,Storage,"Smead Shelving, Wire Frame"
OFF-ST-10004835,Office Supplies,Storage,"Fellowes File Cart, Wire Frame"
FUR-FU-10003374,Furniture,Furnishings,Electrix Fluorescent Magnifier Lamps & Weighted Base
TEC-OKI-10003050,Technology,Machines,"Okidata Card Printer, White"
FUR-TA-10004306,Furniture,Tables,"Barricks Round Table, Fully Assembled"
OFF-AP-10001242,Office Supplies,Appliances,APC 7 Outlet Network SurgeArrest Surge Protector
TEC-MA-10001856,Technology,Machines,Okidata C610n Printer
OFF-JIF-10004450,Office Supplies,Envelopes,"Jiffy Mailers, Recycled"
FUR-BUS-10002989,Furniture,Bookcases,"Bush Classic Bookcase, Traditional"
OFF-CUI-10001032,Office Supplies,Appliances,"Cuisinart Stove, Red"
OFF-SU-10001909,Office Supplies,Supplies,"Fiskars Scissors, Steel"
FUR-FU-10000306,Furniture,Furnishings,"Rubbermaid Clock, Duo Pack"
OFF-AR-10003829,Office Supplies,Art,"Stanley Markers, Fluorescent"
OFF-LA-10003537,Office Supplies,Labels,Avery 515
TEC-CO-10001869,Technology,Copiers,"Brother Fax and Copier, High-Speed"
FUR-CH-10004626,Furniture,Chairs,Office Star Flex Back Scooter Chair with Aluminum Finish Frame
TEC-AC-10004414,Technology,Accessories,"Enermax Router, Bluetooth"
OFF-AR-10001696,Office Supplies,Art,"Binney & Smith Pens, Water Color"
FUR-BO-10001324,Furniture,Bookcases,"Sauder Floating Shelf Set, Pine"
FUR-FU-10002305,Furniture,Furnishings,"Advantus Door Stop, Black"
OFF-AR-10003890,Office Supplies,Art,"Binney & Smith Pens, Blue"
OFF-ST-10004381,Office Supplies,Storage,"Smead Lockers, Industrial"
FUR-FU-10001935,Furniture,Furnishings,"Eldon Light Bulb, Black"
OFF-PA-10003395,Office Supplies,Paper,Xerox 1941
OFF-ST-10003716,Office Supplies,Storage,Tennsco Double-Tier Lockers
FUR-FU-10004462,Furniture,Furnishings,"Advantus Stacking Tray, Black"
TEC-MA-10001411,Technology,Machines,"Epson Calculator, Wireless"
OFF-AP-10003850,Office Supplies,Appliances,"Hoover Blender, White"
OFF-ST-10003123,Office Supplies,Storage,Fellowes Bases and Tops For Staxonsteel/High-Stak Systems
OFF-AR-10001612,Office Supplies,Art,"Boston Pens, Easy-Erase"
OFF-BI-10001326,Office Supplies,Binders,"Cardinal Binder, Recycled"
OFF-FA-10000459,Office Supplies,Fasteners,"OIC Paper Clips, 12 Pack"
FUR-TA-10002530,Furniture,Tables,"Iceberg OfficeWorks 42"" Round Tables"
FUR-BO-10004620,Furniture,Bookcases,"Safco Stackable Bookrack, Mobile"
FUR-FU-10003849,Furniture,Furnishings,"DAX Metal Frame, Desktop, Stepped-Edge"
OFF-SU-10000480,Office Supplies,Supplies,"Elite Box Cutter, Serrated"
OFF-BI-10003472,Office Supplies,Binders,"Cardinal Index Tab, Clear"
TEC-CO-10001795,Technology,Copiers,"Sharp Personal Copier, High-Speed"
OFF-PA-10000143,Office Supplies,Paper,Astroparche Fine Business Paper
TEC-PH-10000956,Technology,Phones,"Motorola Speaker Phone, with Caller ID"
TEC-AC-10004518,Technology,Accessories,Memorex Mini Travel Drive 32 GB USB 2.0 Flash Drive
FUR-FU-10003798,Furniture,Furnishings,"Ultra Door Kickplate, 8""H x 34""W"
OFF-AP-10000003,Office Supplies,Appliances,"KitchenAid Refrigerator, White"
FUR-FU-10004904,Furniture,Furnishings,"Eldon ""L"" Workstation Diamond Chairmat"
OFF-AP-10000200,Office Supplies,Appliances,"KitchenAid Refrigerator, Red"
TEC-EPS-10001473,Technology,Machines,"Epson Calculator, Durable"
TEC-CO-10001162,Technology,Copiers,"HP Fax and Copier, Color"
FUR-FU-10001861,Furniture,Furnishings,"Floodlight Indoor Halogen Bulbs, 1 Bulb per Pack, 60 Watts"
FUR-FU-10000287,Furniture,Furnishings,"Eldon Stacking Tray, Black"
OFF-HOO-10000638,Office Supplies,Appliances,"Hoover Toaster, Black"
OFF-SU-10000646,Office Supplies,Supplies,Premier Automatic Letter Opener
OFF-BIN-10002236,Office Supplies,Art,"Binney & Smith Pencil Sharpener, Water Color"
FUR-FU-10004015,Furniture,Furnishings,"Tenex Clock, Durable"
OFF-PA-10001776,Office Supplies,Paper,"Wirebound Message Books, Four 2 3/4"" x 5"" Forms per Page, 600 Sets per Book"
OFF-ST-10002574,Office Supplies,Storage,"SAFCO Commercial Wire Shelving, Black"
OFF-PA-10003016,Office Supplies,Paper,"Adams ""While You Were Out"" Message Pads"
TEC-CO-10002981,Technology,Copiers,"HP Wireless Fax, High-Speed"
TEC-CO-10001742,Technology,Copiers,"Sharp Copy Machine, Color"
FUR-CH-10004899,Furniture,Chairs,"SAFCO Rocking Chair, Adjustable"
OFF-ELI-10001057,Office Supplies,Supplies,"Elite Trimmer, Serrated"
OFF-PA-10003302,Office Supplies,Paper,Xerox 1906
TEC-AC-10003408,Technology,Accessories,"Enermax Keyboard, Programmable"
OFF-IBI-10002486,Office Supplies,Binders,"Ibico Index Tab, Clear"
OFF-EN-10003731,Office Supplies,Envelopes,"GlobeWeis Mailers, Set of 50"
TEC-AC-10003027,Technology,Accessories,Imation 8GB Mini TravelDrive USB 2.0 Flash Drive
TEC-PH-10004700,Technology,Phones,PowerGen Dual USB Car Charger
OFF-ST-10003952,Office Supplies,Storage,"Rogers Trays, Single Width"
OFF-SU-10000432,Office Supplies,Supplies,Acco Side-Punched Conventional Columnar Pads
OFF-FA-10001871,Office Supplies,Fasteners,"Stockwell Rubber Bands, Bulk Pack"
TEC-AC-10001949,Technology,Accessories,"Enermax Router, Bluetooth"
TEC-APP-10004049,Technology,Phones,"Apple Speaker Phone, Cordless"
OFF-EN-10000483,Office Supplies,Envelopes,"White Envelopes, White Envelopes with Clear Poly Window"
OFF-ROG-10001549,Office Supplies,Storage,"Rogers Shelving, Blue"
OFF-AP-10001634,Office Supplies,Appliances,Hoover Commercial Lightweight Upright Vacuum
FUR-FU-10002304,Furniture,Furnishings,"Tenex Photo Frame, Duo Pack"
OFF-BI-10000267,Office Supplies,Binders,"Ibico Hole Reinforcements, Clear"
OFF-PA-10004569,Office Supplies,Paper,"Wirebound Message Books, Two 4 1/4"" x 5"" Forms per Page"
TEC-AC-10002530,Technology,Accessories,"Memorex Numeric Keypad, USB"
TEC-PH-10002119,Technology,Phones,"Samsung Headset, Full Size"
OFF-SU-10004373,Office Supplies,Supplies,"Kleencut Scissors, Steel"
TEC-AC-10002295,Technology,Accessories,"Logitech Flash Drive, Bluetooth"
OFF-ENE-10002104,Office Supplies,Paper,"Enermax Note Cards, Premium"
OFF-AP-10002534,Office Supplies,Appliances,"3.6 Cubic Foot Counter Height Office Refrigerator"
TEC-CO-10003370,Technology,Copiers,"HP Ink, Color"
FUR-BO-10003433,Furniture,Bookcases,Sauder Cornerstone Collection Library
OFF-SU-10003936,Office Supplies,Supplies,Acme Serrated Blade Letter Opener
TEC-CO-10000620,Technology,Copiers,"Brother Wireless Fax, Digital"
OFF-AR-10001609,Office Supplies,Art,"Stanley Highlighters, Water Color"
FUR-CH-10004218,Furniture,Chairs,"Global Fabric Manager's Chair, Dark Gray"
FUR-FU-10001255,Furniture,Furnishings,"Advantus Light Bulb, Durable"
FUR-FU-10001977,Furniture,Furnishings,"Deflect-O Frame, Erganomic"
TEC-CO-10004897,Technology,Copiers,"Sharp Fax Machine, High-Speed"
OFF-XER-10003329,Office Supplies,Paper,"Xerox Computer Printout Paper, Multicolor"
FUR-BO-10000967,Furniture,Bookcases,"Ikea Library with Doors, Pine"
OFF-ELD-10000819,Office Supplies,Storage,"Eldon Trays, Industrial"
OFF-ST-10003409,Office Supplies,Storage,"Tenex File Cart, Single Width"
OFF-ELD-10001882,Office Supplies,Storage,"Eldon Box, Blue"
OFF-AR-10003536,Office Supplies,Art,"Stanley Pencil Sharpener, Water Color"
OFF-ST-10000876,Office Supplies,Storage,Eldon Simplefile Box Office
FUR-BUS-10001876,Furniture,Bookcases,"Bush 3-Shelf Cabinet, Pine"
TEC-CO-10002380,Technology,Copiers,"Canon Fax and Copier, High-Speed"
FUR-TA-10000750,Furniture,Tables,"Hon Round Table, Fully Assembled"
OFF-ST-10003306,Office Supplies,Storage,"Eldon File Cart, Single Width"
OFF-BI-10000136,Office Supplies,Binders,Avery Non-Stick Heavy Duty View Round Locking Ring Binders
OFF-PA-10000007,Office Supplies,Paper,"Telephone Message Books with Fax/Mobile Section, 4 1/4"" x 6"""
FUR-BO-10002781,Furniture,Bookcases,"Sauder Floating Shelf Set, Traditional"
TEC-AC-10003081,Technology,Accessories,"Memorex Mouse, USB"
TEC-AC-10000692,Technology,Accessories,"Logitech Keyboard, Erganomic"
OFF-ELD-10004324,Office Supplies,Storage,"Eldon File Cart, Blue"
OFF-OIC-10002161,Office Supplies,Fasteners,"OIC Push Pins, Assorted Sizes"
OFF-AR-10004027,Office Supplies,Art,"Binney & Smith inkTank Erasable Desk Highlighter, Chisel Tip, Yellow, 12/Box"
OFF-ST-10002714,Office Supplies,Storage,"Tenex Shelving, Blue"
TEC-PH-10000369,Technology,Phones,HTC One Mini
OFF-FA-10004739,Office Supplies,Fasteners,"Accos Rubber Bands, Bulk Pack"
TEC-AC-10003105,Technology,Accessories,"Memorex Numeric Keypad, Bluetooth"
OFF-STI-10000144,Office Supplies,Supplies,"Stiletto Box Cutter, Steel"
OFF-AP-10000261,Office Supplies,Appliances,"Cuisinart Toaster, Silver"
TEC-AC-10001606,Technology,Accessories,Logitech Wireless Performance Mouse MX for PC and Mac
FUR-BO-10001596,Furniture,Bookcases,"Dania Library with Doors, Mobile"
OFF-SU-10003671,Office Supplies,Supplies,"Fiskars Scissors, High Speed"
OFF-PA-10001125,Office Supplies,Paper,Xerox 1988
OFF-IBI-10001951,Office Supplies,Binders,"Ibico Hole Reinforcements, Clear"
OFF-HON-10000278,Office Supplies,Labels,"Hon Shipping Labels, Laser Printer Compatible"
OFF-PA-10003654,Office Supplies,Paper,"SanDisk Memo Slips, Recycled"
OFF-AR-10000896,Office Supplies,Art,Newell 329
TEC-PH-10000160,Technology,Phones,"Motorola Signal Booster, Cordless"
TEC-CO-10001895,Technology,Copiers,"Sharp Wireless Fax, Color"
OFF-AP-10001916,Office Supplies,Appliances,"Breville Blender, Black"
TEC-CO-10004701,Technology,Copiers,"Sharp Copy Machine, High-Speed"
OFF-TEN-10002817,Office Supplies,Storage,"Tenex Folders, Blue"
OFF-AR-10004492,Office Supplies,Art,"BIC Canvas, Blue"
OFF-AP-10003800,Office Supplies,Appliances,"Hoover Microwave, Silver"
FUR-FU-10000065,Furniture,Furnishings,"Rubbermaid Frame, Black"
OFF-EN-10004820,Office Supplies,Envelopes,"Cameo Manila Envelope, Security-Tint"
OFF-SU-10000427,Office Supplies,Supplies,"Fiskars Trimmer, Steel"
OFF-FA-10000087,Office Supplies,Fasteners,"Accos Clamps, Assorted Sizes"
FUR-TEN-10000325,Furniture,Furnishings,"Tenex Light Bulb, Erganomic"
FUR-TA-10004757,Furniture,Tables,"Barricks Training Table, with Bottom Storage"
TEC-AC-10001030,Technology,Accessories,"Memorex Flash Drive, Erganomic"
FUR-CH-10003097,Furniture,Chairs,"Hon Rocking Chair, Black"
FUR-CH-10003199,Furniture,Chairs,Office Star - Contemporary Task Swivel Chair
FUR-TA-10003627,Furniture,Tables,"Bevis Conference Table, with Bottom Storage"
FUR-BO-10002235,Furniture,Bookcases,"Bush 3-Shelf Cabinet, Pine"
OFF-LA-10003487,Office Supplies,Labels,"Smead Shipping Labels, Adjustable"
OFF-SU-10003040,Office Supplies,Supplies,"Stiletto Box Cutter, Serrated"
OFF-AR-10003770,Office Supplies,Art,Newell 340
OFF-GRE-10001059,Office Supplies,Paper,"Green Bar Note Cards, 8.5 x 11"
FUR-CH-10002438,Furniture,Chairs,"SAFCO Executive Leather Armchair, Red"
FUR-HAR-10002697,Furniture,Chairs,"Harbour Creations Executive Leather Armchair, Adjustable"
FUR-FU-10004497,Furniture,Furnishings,"Tenex Door Stop, Erganomic"
OFF-BOS-10004950,Office Supplies,Art,"Boston Pens, Fluorescent"
TEC-MA-10003170,Technology,Machines,"Konica Calculator, Wireless"
OFF-EN-10000142,Office Supplies,Envelopes,"Ames Business Envelopes, Security-Tint"
OFF-SU-10001165,Office Supplies,Supplies,Acme Elite Stainless Steel Scissors
FUR-CH-10004547,Furniture,Chairs,"Office Star Bag Chairs, Black"
OFF-SU-10000706,Office Supplies,Supplies,"Fiskars Ruler, Steel"
TEC-PH-10004505,Technology,Phones,"Nokia Smart Phone, Full Size"
FUR-IKE-10003771,Furniture,Bookcases,"Ikea Corner Shelving, Traditional"
OFF-ST-10003956,Office Supplies,Storage,"Rogers Trays, Single Width"
FUR-HON-10001504,Furniture,Chairs,"Hon Rocking Chair, Black"
OFF-LA-10001924,Office Supplies,Labels,"Hon Round Labels, Adjustable"
OFF-AR-10001134,Office Supplies,Art,"Boston Pens, Easy-Erase"
OFF-EN-10003668,Office Supplies,Envelopes,"Ames Business Envelopes, Recycled"
OFF-AP-10000381,Office Supplies,Appliances,"Hoover Refrigerator, Red"
FUR-FU-10001161,Furniture,Furnishings,"Deflect-O Photo Frame, Duo Pack"
OFF-STO-10000041,Office Supplies,Fasteners,"Stockwell Staples, 12 Pack"
FUR-SAF-10002314,Furniture,Chairs,"SAFCO Swivel Stool, Black"
OFF-LA-10001215,Office Supplies,Labels,"Harbour Creations File Folder Labels, Laser Printer Compatible"
TEC-HP -10001574,Technology,Copiers,"HP Fax Machine, Laser"
OFF-LA-10002015,Office Supplies,Labels,"Hon Round Labels, Alphabetical"
FUR-TA-10001205,Furniture,Tables,"Chromcraft Wood Table, Rectangular"
OFF-GRE-10004054,Office Supplies,Paper,"Green Bar Memo Slips, Multicolor"
FUR-FU-10000944,Furniture,Furnishings,"Advantus Light Bulb, Black"
OFF-BI-10001843,Office Supplies,Binders,"Wilson Jones Index Tab, Durable"
OFF-PA-10004888,Office Supplies,Paper,Xerox 217
FUR-FU-10001756,Furniture,Furnishings,"Eldon Expressions Desk Accessory, Wood Photo Frame, Mahogany"
OFF-SU-10000198,Office Supplies,Supplies,"Fiskars Scissors, Steel"
FUR-BUS-10004882,Furniture,Bookcases,"Bush Floating Shelf Set, Metal"
FUR-TA-10004531,Furniture,Tables,"Chromcraft Coffee Table, Rectangular"
OFF-STA-10001636,Office Supplies,Art,"Stanley Markers, Water Color"
OFF-LA-10000203,Office Supplies,Labels,"Hon Round Labels, Laser Printer Compatible"
OFF-FA-10003818,Office Supplies,Fasteners,"Stockwell Staples, 12 Pack"
OFF-AP-10004293,Office Supplies,Appliances,"KitchenAid Refrigerator, Silver"
FUR-CH-10004580,Furniture,Chairs,"Office Star Bag Chairs, Adjustable"
FUR-BO-10002032,Furniture,Bookcases,"Ikea Stackable Bookrack, Pine"
OFF-SU-10003951,Office Supplies,Supplies,"Elite Shears, Easy Grip"
OFF-JIF-10002836,Office Supplies,Envelopes,"Jiffy Interoffice Envelope, Set of 50"
OFF-AP-10000330,Office Supplies,Appliances,"Hamilton Beach Stove, Red"
OFF-EN-10002046,Office Supplies,Envelopes,"Kraft Manila Envelope, Set of 50"
OFF-PA-10000827,Office Supplies,Paper,"Enermax Message Books, 8.5 x 11"
OFF-ADV-10003125,Office Supplies,Fasteners,"Advantus Paper Clips, Assorted Sizes"
TEC-MA-10001302,Technology,Machines,"Panasonic Calculator, Durable"
TEC-PH-10000693,Technology,Phones,"Apple Speaker Phone, with Caller ID"
OFF-SU-10002649,Office Supplies,Supplies,"Elite Shears, Serrated"
OFF-ST-10004185,Office Supplies,Storage,"Fellowes Trays, Single Width"
FUR-BO-10003734,Furniture,Bookcases,"Dania Classic Bookcase, Metal"
OFF-AP-10004227,Office Supplies,Appliances,"Hamilton Beach Refrigerator, White"
TEC-HEW-10002302,Technology,Copiers,"Hewlett Copy Machine, Color"
FUR-BO-10004135,Furniture,Bookcases,"Ikea Stackable Bookrack, Traditional"
OFF-FA-10000447,Office Supplies,Fasteners,"Accos Paper Clips, Assorted Sizes"
OFF-EN-10001755,Office Supplies,Envelopes,"Ames Interoffice Envelope, Set of 50"
OFF-SME-10004256,Office Supplies,Labels,"Smead Removable Labels, Adjustable"
OFF-BI-10001028,Office Supplies,Binders,"Ibico 3-Hole Punch, Clear"
TEC-MA-10004452,Technology,Machines,"Epson Receipt Printer, Durable"
TEC-AC-10001765,Technology,Accessories,"Enermax Memory Card, Bluetooth"
TEC-AC-10000151,Technology,Accessories,"SanDisk Flash Drive, Erganomic"
TEC-MA-10002927,Technology,Machines,Canon imageCLASS MF7460 Monochrome Digital Laser Multifunction Copier
OFF-ST-10004015,Office Supplies,Storage,"Smead Trays, Blue"
FUR-BO-10001608,Furniture,Bookcases,"Hon Metal Bookcases, Black"
TEC-PH-10002365,Technology,Phones,Belkin Grip Candy Sheer Case / Cover for iPhone 5 and 5S
OFF-PA-10001869,Office Supplies,Paper,"Green Bar Computer Printout Paper, 8.5 x 11"
TEC-PAN-10000377,Technology,Machines,"Panasonic Inkjet, Durable"
FUR-TA-10004504,Furniture,Tables,"Lesro Computer Table, with Bottom Storage"
TEC-CO-10001560,Technology,Copiers,"Hewlett Ink, Color"
OFF-EN-10001532,Office Supplies,Envelopes,Brown Kraft Recycled Envelopes
OFF-AR-10000054,Office Supplies,Art,"Sanford Pencil Sharpener, Water Color"
OFF-AR-10000503,Office Supplies,Art,"Stanley Pens, Blue"
OFF-BI-10000051,Office Supplies,Binders,"Ibico Binding Machine, Economy"
OFF-AP-10000487,Office Supplies,Appliances,"Hoover Stove, Silver"
TEC-MA-10001940,Technology,Machines,"Okidata Card Printer, Wireless"
OFF-AR-10004748,Office Supplies,Art,"Boston Pencil Sharpener, Easy-Erase"
OFF-HAM-10003368,Office Supplies,Appliances,"Hamilton Beach Blender, Black"
OFF-ST-10001837,Office Supplies,Storage,"SAFCO Mobile Desk Side File, Wire Frame"
OFF-PA-10002941,Office Supplies,Paper,"Green Bar Computer Printout Paper, Premium"
OFF-SU-10002599,Office Supplies,Supplies,"Stiletto Letter Opener, Easy Grip"
FUR-CH-10001190,Furniture,Chairs,Global Deluxe High-Back Office Chair in Storm
TEC-AC-10000766,Technology,Accessories,"SanDisk Mouse, Bluetooth"
OFF-ST-10002214,Office Supplies,Storage,X-Rack File for Hanging Folders
OFF-BIN-10000901,Office Supplies,Art,"Binney & Smith Pens, Water Color"
OFF-SU-10000906,Office Supplies,Supplies,"Fiskars Shears, High Speed"
OFF-AR-10003281,Office Supplies,Art,"Stanley Highlighters, Blue"
OFF-ACC-10003806,Office Supplies,Fasteners,"Accos Clamps, Metal"
OFF-AP-10002082,Office Supplies,Appliances,Holmes HEPA Air Purifier
TEC-PH-10003012,Technology,Phones,Nortel Meridian M3904 Professional Digital phone
FUR-BO-10001372,Furniture,Bookcases,"Safco Classic Bookcase, Pine"
OFF-AR-10001061,Office Supplies,Art,"Stanley Sketch Pad, Water Color"
OFF-BIC-10003473,Office Supplies,Art,"BIC Markers, Fluorescent"
OFF-BI-10003982,Office Supplies,Binders,Wilson Jones Century Plastic Molded Ring Binders
TEC-AC-10004171,Technology,Accessories,Razer Kraken 7.1 Surround Sound Over Ear USB Gaming Headset
TEC-AC-10002204,Technology,Accessories,"Belkin Flash Drive, Erganomic"
TEC-BRO-10003380,Technology,Copiers,"Brother Copy Machine, Color"
FUR-CH-10004491,Furniture,Chairs,"SAFCO Swivel Stool, Adjustable"
OFF-IBI-10003422,Office Supplies,Binders,"Ibico Binder, Durable"
TEC-SAM-10000613,Technology,Phones,"Samsung Speaker Phone, with Caller ID"
FUR-CH-10003514,Furniture,Chairs,"Harbour Creations Rocking Chair, Set of Two"
FUR-TA-10003518,Furniture,Tables,"Chromcraft Training Table, Fully Assembled"
TEC-PH-10001413,Technology,Phones,"Motorola Audio Dock, with Caller ID"
OFF-LA-10001484,Office Supplies,Labels,"Harbour Creations Legal Exhibit Labels, Adjustable"
FUR-BO-10004340,Furniture,Bookcases,"Safco Classic Bookcase, Mobile"
TEC-AC-10003334,Technology,Accessories,"Logitech Numeric Keypad, Programmable"
TEC-PH-10004871,Technology,Phones,"Motorola Headset, Cordless"
OFF-AR-10003582,Office Supplies,Art,"BIC Pencil Sharpener, Water Color"
OFF-NOV-10001753,Office Supplies,Labels,"Novimex Round Labels, Alphabetical"
FUR-CH-10000863,Furniture,Chairs,Novimex Swivel Fabric Task Chair
FUR-BO-10000311,Furniture,Bookcases,"Safco Floating Shelf Set, Metal"
FUR-FU-10003142,Furniture,Furnishings,"Master Big Foot Doorstop, Beige"
OFF-AVE-10003465,Office Supplies,Binders,"Avery Binder, Economy"
OFF-FA-10001530,Office Supplies,Fasteners,"Accos Paper Clips, Assorted Sizes"
OFF-AP-10000344,Office Supplies,Appliances,"Hoover Toaster, Silver"
OFF-FA-10002759,Office Supplies,Fasteners,"Stockwell Clamps, Bulk Pack"
OFF-EN-10003413,Office Supplies,Envelopes,"Jiffy Interoffice Envelope, with clear poly window"
OFF-FEL-10001796,Office Supplies,Storage,"Fellowes Trays, Single Width"
TEC-MOT-10003050,Technology,Phones,"Motorola Smart Phone, Cordless"
OFF-OIC-10002625,Office Supplies,Fasteners,"OIC Thumb Tacks, 12 Pack"
OFF-EN-10002015,Office Supplies,Envelopes,"GlobeWeis Peel and Seal, with clear poly window"
FUR-HON-10000722,Furniture,Chairs,"Hon Rocking Chair, Adjustable"
FUR-BO-10001580,Furniture,Bookcases,"Dania Stackable Bookrack, Pine"
OFF-PA-10001289,Office Supplies,Paper,White Computer Printout Paper by Universal
OFF-ACC-10002834,Office Supplies,Fasteners,"Accos Thumb Tacks, 12 Pack"
OFF-FA-10003054,Office Supplies,Fasteners,"Stockwell Rubber Bands, Metal"
TEC-MA-10003589,Technology,Machines,Cisco 8961 IP Phone Charcoal
TEC-MA-10004993,Technology,Machines,"Konica Inkjet, Wireless"
TEC-MEM-10002919,Technology,Accessories,"Memorex Flash Drive, USB"
OFF-BI-10000042,Office Supplies,Binders,"Cardinal Index Tab, Clear"
OFF-HON-10003921,Office Supplies,Labels,"Hon Removable Labels, Laser Printer Compatible"
OFF-AR-10001508,Office Supplies,Art,"BIC Canvas, Water Color"
OFF-ST-10003800,Office Supplies,Storage,"Rogers Folders, Wire Frame"
OFF-BI-10003669,Office Supplies,Binders,"3M Organizer Strips"
OFF-HAM-10000983,Office Supplies,Appliances,"Hamilton Beach Refrigerator, White"
FUR-FU-10004270,Furniture,Furnishings,"Eldon Image Series Desk Accessories, Burgundy"
FUR-TA-10001090,Furniture,Tables,"Chromcraft Round Table, Rectangular"
OFF-AVE-10000802,Office Supplies,Labels,"Avery Removable Labels, Adjustable"
FUR-TEN-10003648,Furniture,Furnishings,"Tenex Stacking Tray, Erganomic"
OFF-AR-10002417,Office Supplies,Art,"Boston Sketch Pad, Water Color"
OFF-PA-10002011,Office Supplies,Paper,"SanDisk Parchment Paper, Premium"
OFF-ROG-10004393,Office Supplies,Storage,"Rogers Folders, Industrial"
FUR-CH-10002991,Furniture,Chairs,"Novimex Steel Folding Chair, Adjustable"
TEC-CO-10000296,Technology,Copiers,"Canon Fax and Copier, Digital"
TEC-CO-10002119,Technology,Copiers,"Sharp Fax Machine, Digital"
OFF-FA-10004175,Office Supplies,Fasteners,"Stockwell Push Pins, Assorted Sizes"
TEC-CO-10000043,Technology,Copiers,"Brother Fax Machine, Laser"
TEC-CO-10004045,Technology,Copiers,"Hewlett Ink, High-Speed"
FUR-FU-10003198,Furniture,Furnishings,"Rubbermaid Photo Frame, Erganomic"
OFF-SU-10003162,Office Supplies,Supplies,"Acme Letter Opener, Steel"
TEC-AC-10002253,Technology,Accessories,Imation Bio 8GB USB Flash Drive Imation Corp
OFF-LA-10002199,Office Supplies,Labels,"Harbour Creations Removable Labels, Adjustable"
OFF-FA-10002752,Office Supplies,Fasteners,"Advantus Push Pins, Bulk Pack"
TEC-MA-10004482,Technology,Machines,"StarTech Card Printer, Red"
OFF-ST-10003154,Office Supplies,Storage,"Fellowes Shelving, Industrial"
FUR-FU-10004071,Furniture,Furnishings,Luxo Professional Magnifying Clamp-On Fluorescent Lamps
OFF-PA-10000562,Office Supplies,Paper,"Enermax Cards & Envelopes, 8.5 x 11"
OFF-AP-10002090,Office Supplies,Appliances,"Hamilton Beach Refrigerator, Red"
OFF-FA-10002011,Office Supplies,Fasteners,"OIC Push Pins, Bulk Pack"
FUR-CH-10002752,Furniture,Chairs,"Harbour Creations Bag Chairs, Set of Two"
OFF-AP-10003979,Office Supplies,Appliances,"KitchenAid Blender, Black"
FUR-TA-10004826,Furniture,Tables,"Bevis Training Table, Rectangular"
TEC-AC-10002795,Technology,Accessories,"Memorex Mouse, Programmable"
OFF-FA-10001957,Office Supplies,Fasteners,"OIC Push Pins, Bulk Pack"
TEC-AC-10001314,Technology,Accessories,Case Logic 2.4GHz Wireless Keyboard
TEC-ENE-10002686,Technology,Accessories,"Enermax Numeric Keypad, Erganomic"
OFF-ST-10002301,Office Supplies,Storage,Tennsco Commercial Shelving
FUR-FU-10000018,Furniture,Furnishings,"Eldon Clock, Erganomic"
OFF-AR-10004920,Office Supplies,Art,"Boston Canvas, Water Color"
FUR-TA-10000207,Furniture,Tables,"Chromcraft Round Table, Fully Assembled"
FUR-BO-10000517,Furniture,Bookcases,"Ikea Stackable Bookrack, Metal"
OFF-AP-10001190,Office Supplies,Appliances,"Hoover Refrigerator, Silver"
FUR-CH-10001191,Furniture,Chairs,"Hon Bag Chairs, Adjustable"
FUR-CH-10000438,Furniture,Chairs,"Novimex Chairmat, Adjustable"
OFF-EAT-10003094,Office Supplies,Paper,"Eaton Memo Slips, Premium"
OFF-BI-10003903,Office Supplies,Binders,"Cardinal Binder, Economy"
OFF-EN-10000694,Office Supplies,Envelopes,"GlobeWeis Business Envelopes, Security-Tint"
TEC-CO-10000500,Technology,Copiers,"Canon Fax and Copier, High-Speed"
OFF-SAN-10002020,Office Supplies,Paper,"SanDisk Parchment Paper, Multicolor"
OFF-SU-10002670,Office Supplies,Supplies,"Stiletto Box Cutter, High Speed"
OFF-NOV-10000721,Office Supplies,Labels,"Novimex File Folder Labels, Laser Printer Compatible"
OFF-PA-10000174,Office Supplies,Paper,"Message Book, Wirebound, Four 5 1/2"" X 4"" Forms/Pg., 200 Dupl. Sets/Book"
OFF-EN-10000824,Office Supplies,Envelopes,"GlobeWeis Manila Envelope, Security-Tint"
FUR-FU-10001601,Furniture,Furnishings,"Rubbermaid Frame, Erganomic"
OFF-PA-10003441,Office Supplies,Paper,Xerox 226
OFF-FA-10002308,Office Supplies,Fasteners,"Accos Push Pins, Assorted Sizes"
OFF-PA-10003177,Office Supplies,Paper,Xerox 1999
OFF-BI-10001120,Office Supplies,Binders,Ibico EPK-21 Electric Binding System
OFF-SU-10000151,Office Supplies,Supplies,High Speed Automatic Electric Letter Opener
FUR-DAN-10002348,Furniture,Bookcases,"Dania Classic Bookcase, Pine"
OFF-BI-10002393,Office Supplies,Binders,Binder Posts
OFF-KLE-10002550,Office Supplies,Supplies,"Kleencut Scissors, Serrated"
OFF-AR-10002747,Office Supplies,Art,"Boston Canvas, Fluorescent"
TEC-CO-10002065,Technology,Copiers,"HP Fax Machine, High-Speed"
OFF-LA-10000879,Office Supplies,Labels,"Hon File Folder Labels, Alphabetical"
FUR-FU-10002979,Furniture,Furnishings,"Eldon Frame, Black"
OFF-AR-10000316,Office Supplies,Art,"Stanley Pens, Blue"
OFF-PA-10000357,Office Supplies,Paper,"Eaton Memo Slips, Recycled"
OFF-BI-10002424,Office Supplies,Binders,"Avery Binder, Economy"
FUR-CH-10002291,Furniture,Chairs,"Hon Bag Chairs, Set of Two"
OFF-CAM-10001690,Office Supplies,Envelopes,"Cameo Clasp Envelope, Recycled"
OFF-BI-10004700,Office Supplies,Binders,"Cardinal Binder, Durable"
TEC-ENE-10001541,Technology,Accessories,"Enermax Router, USB"
OFF-ST-10000991,Office Supplies,Storage,Space Solutions HD Industrial Steel Shelving.
OFF-AP-10000818,Office Supplies,Appliances,"Hoover Blender, Black"
TEC-AC-10004043,Technology,Accessories,"Memorex Numeric Keypad, Erganomic"
FUR-BO-10004935,Furniture,Bookcases,"Ikea Stackable Bookrack, Mobile"
FUR-CH-10001891,Furniture,Chairs,Global Deluxe Office Fabric Chairs
FUR-TA-10003641,Furniture,Tables,"Barricks Wood Table, with Bottom Storage"
OFF-ST-10004946,Office Supplies,Storage,Desktop 3-Pocket Hot File
FUR-CHR-10000888,Furniture,Tables,"Chromcraft Computer Table, Fully Assembled"
FUR-FU-10003420,Furniture,Furnishings,"Deflect-O Door Stop, Durable"
OFF-PA-10003034,Office Supplies,Paper,"SanDisk Memo Slips, 8.5 x 11"
OFF-CAR-10002931,Office Supplies,Binders,"Cardinal Hole Reinforcements, Recycled"
OFF-PA-10002396,Office Supplies,Paper,"Eaton Memo Slips, 8.5 x 11"
OFF-SU-10001722,Office Supplies,Supplies,"Stiletto Box Cutter, Easy Grip"
OFF-SU-10004938,Office Supplies,Supplies,"Fiskars Trimmer, Steel"
FUR-TA-10000989,Furniture,Tables,"Lesro Conference Table, Rectangular"
TEC-CO-10004662,Technology,Copiers,"Hewlett Fax Machine, Color"
OFF-BI-10002386,Office Supplies,Binders,"Acco Index Tab, Clear"
TEC-MA-10003338,Technology,Machines,"Panasonic Phone, Red"
OFF-PA-10003002,Office Supplies,Paper,"Enermax Message Books, Multicolor"
OFF-AR-10001129,Office Supplies,Art,"Stanley Pens, Easy-Erase"
TEC-EPS-10001129,Technology,Machines,"Epson Inkjet, White"
FUR-BO-10001781,Furniture,Bookcases,"Bush Library with Doors, Traditional"
OFF-HAM-10001712,Office Supplies,Appliances,"Hamilton Beach Blender, Silver"
OFF-FA-10003931,Office Supplies,Fasteners,"Stockwell Clamps, Bulk Pack"
FUR-HON-10003653,Furniture,Chairs,"Hon Steel Folding Chair, Black"
OFF-ADV-10002549,Office Supplies,Fasteners,"Advantus Rubber Bands, Assorted Sizes"
OFF-AR-10003156,Office Supplies,Art,"50 Colored Long Pencils"
TEC-MA-10000822,Technology,Machines,Lexmark MX611dhe Monochrome Laser Printer
OFF-ST-10004855,Office Supplies,Storage,"Smead Lockers, Industrial"
OFF-SU-10001185,Office Supplies,Supplies,"Acme Letter Opener, Steel"
FUR-BO-10000214,Furniture,Bookcases,"Ikea Library with Doors, Pine"
OFF-FA-10002427,Office Supplies,Fasteners,"Stockwell Push Pins, 12 Pack"
TEC-MA-10001570,Technology,Machines,Cisco Desktop Collaboration Experience DX650 IP Video Phone
OFF-PA-10002539,Office Supplies,Paper,"SanDisk Cards & Envelopes, Multicolor"
OFF-SU-10003717,Office Supplies,Supplies,"Stiletto Ruler, Serrated"
OFF-SU-10003209,Office Supplies,Supplies,"Elite Scissors, Easy Grip"
TEC-STA-10004542,Technology,Machines,"StarTech Calculator, Durable"
OFF-PA-10000919,Office Supplies,Paper,Xerox 1918
OFF-AR-10004049,Office Supplies,Art,"Stanley Sketch Pad, Fluorescent"
OFF-EN-10000645,Office Supplies,Envelopes,"Ames Mailers, Recycled"
OFF-ELD-10002279,Office Supplies,Storage,"Eldon Shelving, Industrial"
OFF-LA-10000425,Office Supplies,Labels,"Avery Shipping Labels, Alphabetical"
OFF-EN-10003737,Office Supplies,Envelopes,"Jiffy Mailers, Security-Tint"
OFF-LA-10002974,Office Supplies,Labels,"Novimex Shipping Labels, Adjustable"
FUR-FU-10001893,Furniture,Furnishings,"Deflect-O Photo Frame, Durable"
TEC-AC-10002850,Technology,Accessories,"Enermax Memory Card, Bluetooth"
TEC-OKI-10002750,Technology,Machines,"Okidata Inkjet, Wireless"
OFF-FA-10004398,Office Supplies,Fasteners,"OIC Push Pins, 12 Pack"
TEC-MA-10000776,Technology,Machines,"Okidata Calculator, Wireless"
OFF-BI-10000977,Office Supplies,Binders,Ibico Plastic Spiral Binding Combs
FUR-BO-10001811,Furniture,Bookcases,"Atlantic Metals Mobile 5-Shelf Bookcases, Custom Colors"
OFF-AR-10000823,Office Supplies,Art,Newell 307
TEC-PH-10000486,Technology,Phones,Plantronics HL10 Handset Lifter
OFF-ST-10002423,Office Supplies,Storage,"Smead Shelving, Single Width"
FUR-SAF-10001793,Furniture,Chairs,"SAFCO Executive Leather Armchair, Black"
OFF-CAM-10001191,Office Supplies,Envelopes,"Cameo Peel and Seal, Recycled"
OFF-LA-10000473,Office Supplies,Labels,"Harbour Creations File Folder Labels, Alphabetical"
OFF-LA-10002473,Office Supplies,Labels,Avery 484
OFF-PA-10000349,Office Supplies,Paper,Staples
OFF-ST-10001954,Office Supplies,Storage,"Rogers Shelving, Wire Frame"
FUR-CHR-10002165,Furniture,Tables,"Chromcraft Wood Table, Adjustable Height"
TEC-AC-10000397,Technology,Accessories,"Enermax Mouse, USB"
OFF-ACM-10001029,Office Supplies,Supplies,"Acme Box Cutter, Serrated"
FUR-BO-10004312,Furniture,Bookcases,"Bush Floating Shelf Set, Traditional"
FUR-CH-10001897,Furniture,Chairs,"Hon Executive Leather Armchair, Adjustable"
TEC-CO-10003763,Technology,Copiers,Canon PC1060 Personal Laser Copier
OFF-CUI-10003923,Office Supplies,Appliances,"Cuisinart Coffee Grinder, Red"
OFF-AR-10000422,Office Supplies,Art,Pencil and Crayon Sharpener
TEC-CO-10004981,Technology,Copiers,"Canon Copy Machine, High-Speed"
OFF-HAM-10001621,Office Supplies,Appliances,"Hamilton Beach Refrigerator, Black"
TEC-CIS-10000791,Technology,Phones,"Cisco Audio Dock, Full Size"
OFF-SU-10004119,Office Supplies,Supplies,"Acme Trimmer, Steel"
OFF-AR-10004818,Office Supplies,Art,"Boston Markers, Easy-Erase"
FUR-BO-10004899,Furniture,Bookcases,"Safco Floating Shelf Set, Pine"
OFF-AP-10003511,Office Supplies,Appliances,"Cuisinart Microwave, Black"
FUR-BO-10002819,Furniture,Bookcases,"Ikea Stackable Bookrack, Traditional"
TEC-MA-10002931,Technology,Machines,"Okidata Calculator, Durable"
OFF-ST-10004365,Office Supplies,Storage,"Fellowes Shelving, Wire Frame"
TEC-PH-10000038,Technology,Phones,Jawbone MINI JAMBOX Wireless Bluetooth Speaker
OFF-AP-10002577,Office Supplies,Appliances,"Hamilton Beach Coffee Grinder, Black"
FUR-FU-10004780,Furniture,Furnishings,"Deflect-O Frame, Duo Pack"
FUR-BO-10003738,Furniture,Bookcases,"Dania Library with Doors, Mobile"
OFF-PA-10004854,Office Supplies,Paper,"Green Bar Cards & Envelopes, Recycled"
FUR-FU-10002521,Furniture,Furnishings,"Tenex Stacking Tray, Black"
OFF-BOS-10002705,Office Supplies,Art,"Boston Highlighters, Fluorescent"
OFF-OIC-10001921,Office Supplies,Fasteners,"OIC Clamps, Assorted Sizes"
FUR-BO-10002325,Furniture,Bookcases,"Bush Classic Bookcase, Metal"
OFF-BI-10002062,Office Supplies,Binders,"Acco Hole Reinforcements, Economy"
OFF-AP-10000621,Office Supplies,Appliances,"KitchenAid Microwave, Silver"
OFF-EN-10004981,Office Supplies,Envelopes,"Ames Interoffice Envelope, with clear poly window"
OFF-ST-10002370,Office Supplies,Storage,"Sortfiler Multipurpose Personal File Organizer, Black"
TEC-AC-10004626,Technology,Accessories,"Belkin Router, Erganomic"
FUR-CH-10004540,Furniture,Chairs,Global Chrome Stack Chair
OFF-BI-10001096,Office Supplies,Binders,"Ibico Binder Covers, Durable"
FUR-CH-10000110,Furniture,Chairs,"Hon Bag Chairs, Red"
OFF-FA-10001097,Office Supplies,Fasteners,"Accos Paper Clips, Assorted Sizes"
TEC-MA-10000170,Technology,Machines,"Okidata Receipt Printer, White"
OFF-LA-10002312,Office Supplies,Labels,Avery 490
OFF-AR-10001571,Office Supplies,Art,"Stanley Pens, Blue"
TEC-PH-10000808,Technology,Phones,"Samsung Smart Phone, Cordless"
OFF-ACC-10002425,Office Supplies,Fasteners,"Accos Thumb Tacks, Assorted Sizes"
FUR-NOV-10004003,Furniture,Chairs,"Novimex Steel Folding Chair, Red"
TEC-CO-10000266,Technology,Copiers,"Canon Copy Machine, Color"
OFF-PA-10001560,Office Supplies,Paper,"Adams Telephone Message Books, 5 1/4” x 11”"
TEC-PH-10000004,Technology,Phones,Belkin iPhone and iPad Lightning Cable
TEC-CO-10002678,Technology,Copiers,"Brother Wireless Fax, High-Speed"
OFF-ADV-10000213,Office Supplies,Fasteners,"Advantus Rubber Bands, Metal"
TEC-CO-10001196,Technology,Copiers,"Brother Fax Machine, Color"
FUR-CH-10004495,Furniture,Chairs,"Global Leather and Oak Executive Chair, Black"
OFF-PA-10000302,Office Supplies,Paper,"Eaton Computer Printout Paper, Multicolor"
OFF-AP-10002945,Office Supplies,Appliances,Honeywell Enviracaire Portable HEPA Air Cleaner for 17' x 22' Room
OFF-ST-10000136,Office Supplies,Storage,Letter Size File
FUR-FU-10003976,Furniture,Furnishings,"DAX Executive Solid Wood Document Frame, Desktop or Hang, Mahogany, 5 x 7"
OFF-PA-10001534,Office Supplies,Paper,Xerox 230
OFF-AR-10000411,Office Supplies,Art,Boston 16701 Slimline Battery Pencil Sharpener
TEC-CO-10001633,Technology,Copiers,"Sharp Fax Machine, High-Speed"
OFF-AP-10002568,Office Supplies,Appliances,"Hamilton Beach Toaster, Black"
OFF-LA-10002037,Office Supplies,Labels,"Avery Shipping Labels, 5000 Label Set"
OFF-PA-10002741,Office Supplies,Paper,Xerox 1980
TEC-MA-10000087,Technology,Machines,"StarTech Calculator, White"
OFF-AR-10004173,Office Supplies,Art,"Stanley Pens, Easy-Erase"
FUR-FU-10002759,Furniture,Furnishings,"12-1/2 Diameter Round Wall Clock"
OFF-AR-10002677,Office Supplies,Art,"BIC Pencil Sharpener, Easy-Erase"
TEC-PH-10003963,Technology,Phones,"Apple Signal Booster, Full Size"
OFF-FA-10004709,Office Supplies,Fasteners,"Stockwell Clamps, Assorted Sizes"
OFF-BI-10004965,Office Supplies,Binders,Ibico Covers for Plastic or Wire Binding Elements
FUR-FU-10002456,Furniture,Furnishings,"Master Caster Door Stop, Large Neon Orange"
TEC-PH-10003505,Technology,Phones,Geemarc AmpliPOWER60
FUR-FU-10002104,Furniture,Furnishings,"Advantus Photo Frame, Black"
FUR-BAR-10003465,Furniture,Tables,"Barricks Computer Table, Adjustable Height"
TEC-AC-10004880,Technology,Accessories,"Logitech Keyboard, Programmable"
TEC-PH-10004300,Technology,Phones,"Apple Office Telephone, Cordless"
FUR-CH-10000694,Furniture,Chairs,"Novimex Steel Folding Chair, Red"
OFF-EN-10001975,Office Supplies,Envelopes,"Kraft Business Envelopes, Security-Tint"
FUR-IKE-10003262,Furniture,Bookcases,"Ikea Floating Shelf Set, Traditional"
TEC-MA-10001922,Technology,Machines,"Konica Calculator, Wireless"
FUR-FU-10004640,Furniture,Furnishings,"Tenex Light Bulb, Durable"
OFF-PA-10003416,Office Supplies,Paper,"Enermax Note Cards, Multicolor"
TEC-AC-10000598,Technology,Accessories,"Belkin Flash Drive, USB"
TEC-AC-10003895,Technology,Accessories,"Enermax Mouse, Bluetooth"
OFF-ST-10003606,Office Supplies,Storage,"Smead Box, Single Width"
TEC-NOK-10001070,Technology,Phones,"Nokia Speaker Phone, with Caller ID"
OFF-AP-10001682,Office Supplies,Appliances,"Hamilton Beach Blender, Black"
TEC-MA-10002134,Technology,Machines,"Konica Inkjet, Wireless"
TEC-AC-10004016,Technology,Accessories,"Memorex Flash Drive, Programmable"
OFF-IBI-10004959,Office Supplies,Binders,"Ibico Binder, Economy"
OFF-AR-10003123,Office Supplies,Art,"Boston Canvas, Easy-Erase"
OFF-ST-10004507,Office Supplies,Storage,Advantus Rolling Storage Box
OFF-STI-10002245,Office Supplies,Supplies,"Stiletto Shears, Serrated"
TEC-ENE-10004520,Technology,Accessories,"Enermax Mouse, Erganomic"
OFF-PA-10000048,Office Supplies,Paper,"Xerox Memo Slips, Multicolor"
TEC-CO-10001234,Technology,Copiers,"Canon Fax Machine, Digital"
FUR-CH-10000136,Furniture,Chairs,"Harbour Creations Steel Folding Chair, Set of Two"
OFF-AR-10004153,Office Supplies,Art,"Binney & Smith Highlighters, Easy-Erase"
FUR-BO-10000746,Furniture,Bookcases,"Ikea Corner Shelving, Mobile"
TEC-PH-10000214,Technology,Phones,"Apple Speaker Phone, VoIP"
TEC-PH-10003811,Technology,Phones,Jabra Supreme Plus Driver Edition Headset
OFF-SU-10003126,Office Supplies,Supplies,"Acme Shears, Serrated"
OFF-FA-10001187,Office Supplies,Fasteners,"Stockwell Paper Clips, Bulk Pack"
OFF-PA-10001385,Office Supplies,Paper,"Xerox Memo Slips, 8.5 x 11"
TEC-CO-10003268,Technology,Copiers,"HP Fax and Copier, Color"
TEC-CO-10004005,Technology,Copiers,"Sharp Copy Machine, Laser"
FUR-CH-10001332,Furniture,Chairs,"Hon Chairmat, Black"
OFF-AP-10001271,Office Supplies,Appliances,Eureka The Boss Cordless Rechargeable Stick Vac
OFF-EN-10002592,Office Supplies,Envelopes,"Cameo Interoffice Envelope, Recycled"
OFF-ELI-10002160,Office Supplies,Supplies,"Elite Scissors, Easy Grip"
FUR-BO-10001646,Furniture,Bookcases,"Safco Library with Doors, Pine"
TEC-KON-10002194,Technology,Machines,"Konica Printer, White"
OFF-ENE-10001356,Office Supplies,Paper,"Enermax Cards & Envelopes, Multicolor"
OFF-FA-10004140,Office Supplies,Fasteners,"Accos Push Pins, 12 Pack"
OFF-AP-10004821,Office Supplies,Appliances,"Hamilton Beach Stove, Black"
TEC-AC-10003095,Technology,Accessories,Logitech G35 7.1-Channel Surround Sound Headset
TEC-MA-10000003,Technology,Machines,"Konica Phone, Durable"
OFF-LA-10001764,Office Supplies,Labels,"Avery Round Labels, Adjustable"
OFF-BI-10003090,Office Supplies,Binders,"Avery Binder Covers, Clear"
OFF-EN-10000232,Office Supplies,Envelopes,"Kraft Peel and Seal, Recycled"
OFF-AR-10000467,Office Supplies,Art,"Sanford Markers, Fluorescent"
OFF-AR-10001074,Office Supplies,Art,"Sanford Highlighters, Blue"
OFF-LA-10002258,Office Supplies,Labels,"Smead File Folder Labels, Adjustable"
OFF-BI-10004220,Office Supplies,Binders,"Cardinal 3-Hole Punch, Recycled"
FUR-HON-10003950,Furniture,Tables,"Hon Coffee Table, Adjustable Height"
OFF-AR-10003582,Office Supplies,Art,"Boston Electric Pencil Sharpener, Model 1818, Charcoal Black"
FUR-FU-10000666,Furniture,Furnishings,"Rubbermaid Frame, Black"
OFF-AP-10002472,Office Supplies,Appliances,"3M Office Air Cleaner"
OFF-EAT-10000854,Office Supplies,Paper,"Eaton Parchment Paper, Recycled"
TEC-CO-10004690,Technology,Copiers,"HP Wireless Fax, Digital"
OFF-ST-10002873,Office Supplies,Storage,"Fellowes Folders, Industrial"
FUR-FU-10002364,Furniture,Furnishings,"Eldon Expressions Wood Desk Accessories, Oak"
OFF-BI-10001078,Office Supplies,Binders,"Acco PRESSTEX Data Binder with Storage Hooks, Dark Blue, 14 7/8"" X 11"""
OFF-EN-10001669,Office Supplies,Envelopes,"Ames Interoffice Envelope, with clear poly window"
TEC-MA-10001777,Technology,Machines,"Okidata Printer, Red"
OFF-SU-10001618,Office Supplies,Supplies,"Kleencut Letter Opener, Easy Grip"
OFF-SAN-10004746,Office Supplies,Art,"Sanford Highlighters, Fluorescent"
FUR-ELD-10001163,Furniture,Furnishings,"Eldon Frame, Erganomic"
FUR-TA-10002885,Furniture,Tables,"Lesro Computer Table, Fully Assembled"
OFF-CAR-10002054,Office Supplies,Binders,"Cardinal Hole Reinforcements, Economy"
OFF-PA-10002921,Office Supplies,Paper,"Eaton Message Books, Multicolor"
FUR-TA-10004619,Furniture,Tables,Hon Non-Folding Utility Tables
OFF-EN-10003785,Office Supplies,Envelopes,"GlobeWeis Mailers, Set of 50"
TEC-AC-10000342,Technology,Accessories,"Logitech Numeric Keypad, Programmable"
OFF-ST-10004330,Office Supplies,Storage,"Smead Folders, Single Width"
FUR-FU-10004848,Furniture,Furnishings,DAX Solid Wood Frames
TEC-AC-10003964,Technology,Accessories,"SanDisk Flash Drive, USB"
OFF-AR-10001606,Office Supplies,Art,"BIC Highlighters, Fluorescent"
OFF-SU-10003522,Office Supplies,Supplies,"Elite Box Cutter, Serrated"
OFF-ST-10002151,Office Supplies,Storage,"Eldon Box, Blue"
OFF-AR-10001166,Office Supplies,Art,Staples
TEC-PH-10001163,Technology,Phones,"Motorola Speaker Phone, Cordless"
OFF-FA-10001680,Office Supplies,Fasteners,"OIC Push Pins, Metal"
TEC-HP -10004012,Technology,Copiers,"HP Personal Copier, Digital"
TEC-MEM-10003743,Technology,Accessories,"Memorex Numeric Keypad, Bluetooth"
TEC-STA-10003081,Technology,Machines,"StarTech Phone, White"
TEC-PH-10004093,Technology,Phones,Panasonic Kx-TS550
OFF-GLO-10000485,Office Supplies,Envelopes,"GlobeWeis Mailers, Security-Tint"
FUR-BEV-10004919,Furniture,Tables,"Bevis Wood Table, with Bottom Storage"
OFF-LA-10002992,Office Supplies,Labels,"Novimex Removable Labels, 5000 Label Set"
TEC-CO-10001271,Technology,Copiers,"Sharp Personal Copier, Color"
FUR-BO-10000008,Furniture,Bookcases,"Sauder Library with Doors, Traditional"
TEC-AC-10000521,Technology,Accessories,"Verbatim Slim CD and DVD Storage Cases, 50/Pack"
OFF-PA-10000726,Office Supplies,Paper,"Black Print Carbonless Snap-Off Rapid Letter, 8 1/2"" x 7"""
FUR-FU-10001935,Furniture,Furnishings,"3M Hangers With Command Adhesive"
TEC-CO-10002313,Technology,Copiers,Canon PC1080F Personal Copier
FUR-CH-10001674,Furniture,Chairs,"Office Star Chairmat, Adjustable"
FUR-BO-10000514,Furniture,Bookcases,"Bush Library with Doors, Traditional"
FUR-FU-10003918,Furniture,Furnishings,"Advantus Photo Frame, Black"
TEC-CO-10003964,Technology,Copiers,"Canon Fax Machine, High-Speed"
TEC-PH-10003488,Technology,Phones,"Nokia Signal Booster, VoIP"
OFF-FA-10003838,Office Supplies,Fasteners,"Stockwell Rubber Bands, Assorted Sizes"
OFF-AR-10004772,Office Supplies,Art,"Boston Highlighters, Fluorescent"
OFF-HAM-10001387,Office Supplies,Appliances,"Hamilton Beach Coffee Grinder, Black"
OFF-WIL-10002772,Office Supplies,Binders,"Wilson Jones 3-Hole Punch, Durable"
TEC-PH-10000822,Technology,Phones,"Apple Speaker Phone, Full Size"
OFF-ST-10000020,Office Supplies,Storage,"Fellowes Folders, Single Width"
OFF-AP-10000162,Office Supplies,Appliances,"Breville Microwave, Black"
OFF-SU-10001346,Office Supplies,Supplies,"Stiletto Shears, Steel"
OFF-SU-10003863,Office Supplies,Supplies,"Kleencut Letter Opener, High Speed"
FUR-FU-10003609,Furniture,Furnishings,"Rubbermaid Frame, Duo Pack"
TEC-CO-10000791,Technology,Copiers,"Sharp Personal Copier, Laser"
FUR-CH-10000302,Furniture,Chairs,"Novimex Rocking Chair, Red"
FUR-CH-10003559,Furniture,Chairs,"Office Star Chairmat, Black"
TEC-NOK-10002716,Technology,Phones,"Nokia Audio Dock, with Caller ID"
TEC-PH-10000705,Technology,Phones,"Apple Headset, Cordless"
FUR-BUS-10004820,Furniture,Bookcases,"Bush Classic Bookcase, Mobile"
FUR-FU-10001090,Furniture,Furnishings,"Advantus Stacking Tray, Erganomic"
OFF-BI-10000960,Office Supplies,Binders,"Wilson Jones Hole Reinforcements, Clear"
FUR-CH-10001913,Furniture,Chairs,"Office Star Swivel Stool, Adjustable"
OFF-PA-10004648,Office Supplies,Paper,"Xerox Message Books, Recycled"
OFF-AP-10001626,Office Supplies,Appliances,"Commercial WindTunnel Clean Air Upright Vacuum, Replacement Belts, Filtration Bags"
TEC-CO-10004182,Technology,Copiers,"Hewlett Wireless Fax, Laser"
OFF-BI-10002446,Office Supplies,Binders,"Wilson Jones Binder, Economy"
TEC-MEM-10002883,Technology,Accessories,"Memorex Memory Card, Erganomic"
OFF-BI-10003582,Office Supplies,Binders,"Cardinal Index Tab, Economy"
OFF-SU-10004244,Office Supplies,Supplies,"Elite Letter Opener, Easy Grip"
TEC-PH-10001066,Technology,Phones,"Apple Smart Phone, Cordless"
OFF-BI-10003058,Office Supplies,Binders,"Acco Binder Covers, Economy"
OFF-AP-10003622,Office Supplies,Appliances,"Bravo II Megaboss 12-Amp Hard Body Upright, Replacement Belts, 2 Belts per Pack"
OFF-AP-10004226,Office Supplies,Appliances,"Hamilton Beach Stove, Red"
OFF-BRE-10002738,Office Supplies,Appliances,"Breville Microwave, Silver"
OFF-AP-10002822,Office Supplies,Appliances,"KitchenAid Toaster, Red"
OFF-FA-10002988,Office Supplies,Fasteners,Ideal Clamps
OFF-PA-10001259,Office Supplies,Paper,"Green Bar Note Cards, 8.5 x 11"
TEC-PH-10001795,Technology,Phones,RCA H5401RE1 DECT 6.0 4-Line Cordless Handset With Caller ID/Call Waiting
FUR-FU-10004019,Furniture,Furnishings,"Rubbermaid Door Stop, Erganomic"
FUR-HAR-10000870,Furniture,Chairs,"Harbour Creations Bag Chairs, Black"
OFF-AR-10000468,Office Supplies,Art,"BIC Pens, Blue"
OFF-EN-10003484,Office Supplies,Envelopes,"Ames Clasp Envelope, Recycled"
OFF-BI-10004924,Office Supplies,Binders,"Cardinal 3-Hole Punch, Economy"
OFF-PA-10002918,Office Supplies,Paper,"Eaton Computer Printout Paper, Recycled"
FUR-FU-10002637,Furniture,Furnishings,"Deflect-O Stacking Tray, Erganomic"
OFF-FA-10000401,Office Supplies,Fasteners,"Advantus Paper Clips, Metal"
OFF-SU-10003629,Office Supplies,Supplies,"Fiskars Letter Opener, Easy Grip"
OFF-BI-10003713,Office Supplies,Binders,"Wilson Jones Index Tab, Economy"
OFF-AR-10003856,Office Supplies,Art,Newell 344
OFF-AP-10003221,Office Supplies,Appliances,"Cuisinart Refrigerator, Red"
OFF-PA-10001006,Office Supplies,Paper,"Eaton Message Books, Recycled"
OFF-BI-10001183,Office Supplies,Binders,"Avery 3-Hole Punch, Clear"
TEC-CO-10002040,Technology,Copiers,"Hewlett Fax and Copier, High-Speed"
OFF-AP-10002239,Office Supplies,Appliances,"Hoover Toaster, White"
OFF-ACC-10004364,Office Supplies,Fasteners,"Accos Push Pins, Bulk Pack"
FUR-FU-10000159,Furniture,Furnishings,"Advantus Frame, Erganomic"
OFF-PA-10002328,Office Supplies,Paper,"Eaton Memo Slips, Recycled"
OFF-BI-10004448,Office Supplies,Binders,"Ibico Binder, Clear"
FUR-FU-10000950,Furniture,Furnishings,"Deflect-O Door Stop, Durable"
FUR-CH-10002944,Furniture,Chairs,"Office Star Steel Folding Chair, Black"
FUR-DAN-10000597,Furniture,Bookcases,"Dania Floating Shelf Set, Traditional"
TEC-AC-10003038,Technology,Accessories,Kingston Digital DataTraveler 16GB USB 2.0
OFF-AP-10003240,Office Supplies,Appliances,"Breville Stove, Black"
OFF-ST-10002250,Office Supplies,Storage,"Smead Folders, Industrial"
FUR-FU-10000794,Furniture,Furnishings,"Eldon Stackable Tray, Side-Load, Legal, Smoke"
FUR-DAN-10001584,Furniture,Bookcases,"Dania Stackable Bookrack, Pine"
OFF-PA-10002522,Office Supplies,Paper,"Green Bar Note Cards, 8.5 x 11"
OFF-PA-10003465,Office Supplies,Paper,Xerox 1912
FUR-TA-10001116,Furniture,Tables,"Barricks Conference Table, Fully Assembled"
OFF-EN-10001861,Office Supplies,Envelopes,"Kraft Peel and Seal, Set of 50"
OFF-LA-10002688,Office Supplies,Labels,"Hon File Folder Labels, Adjustable"
TEC-MA-10004421,Technology,Machines,"Konica Inkjet, Wireless"
OFF-ST-10003479,Office Supplies,Storage,"Eldon Base for stackable storage shelf, platinum"
TEC-PH-10000720,Technology,Phones,"Samsung Audio Dock, Full Size"
OFF-SU-10001488,Office Supplies,Supplies,"Stiletto Scissors, Steel"
OFF-HON-10001706,Office Supplies,Labels,"Hon Legal Exhibit Labels, Alphabetical"
OFF-ST-10000689,Office Supplies,Storage,"Fellowes Strictly Business Drawer File, Letter/Legal Size"
TEC-PH-10000641,Technology,Phones,"Motorola Headset, Full Size"
OFF-EN-10003391,Office Supplies,Envelopes,"Jiffy Manila Envelope, Set of 50"
FUR-OFF-10002330,Furniture,Chairs,"Office Star Executive Leather Armchair, Black"
FUR-TA-10002146,Furniture,Tables,"Hon Coffee Table, with Bottom Storage"
TEC-PH-10004539,Technology,Phones,Wireless Extenders zBoost YX545 SOHO Signal Booster
OFF-ACC-10001281,Office Supplies,Fasteners,"Accos Clamps, Bulk Pack"
TEC-MA-10002435,Technology,Machines,"Epson Receipt Printer, Wireless"
OFF-BI-10004236,Office Supplies,Binders,"XtraLife ClearVue Slant-D Ring Binder, White, 3"""
FUR-BO-10000666,Furniture,Bookcases,"Ikea 3-Shelf Cabinet, Mobile"
TEC-CIS-10002153,Technology,Phones,"Cisco Audio Dock, Cordless"
OFF-STI-10004202,Office Supplies,Supplies,"Stiletto Scissors, Steel"
OFF-PA-10004239,Office Supplies,Paper,Xerox 1953
FUR-SAF-10004426,Furniture,Bookcases,"Safco 3-Shelf Cabinet, Traditional"
FUR-FU-10001477,Furniture,Furnishings,"Rubbermaid Stacking Tray, Black"
OFF-BI-10001819,Office Supplies,Binders,"Cardinal Binder, Clear"
TEC-CO-10001943,Technology,Copiers,Canon PC-428 Personal Copier
TEC-AC-10000097,Technology,Accessories,"Memorex Keyboard, Bluetooth"
OFF-ST-10000695,Office Supplies,Storage,"Rogers Lockers, Wire Frame"
OFF-AR-10003179,Office Supplies,Art,"BIC Pencil Sharpener, Blue"
TEC-PH-10002114,Technology,Phones,Xiaomi Mi3
OFF-AP-10002537,Office Supplies,Appliances,"Hamilton Beach Microwave, Red"
OFF-AR-10000539,Office Supplies,Art,"Boston Markers, Easy-Erase"
TEC-LOG-10004917,Technology,Accessories,"Logitech Memory Card, Programmable"
OFF-EN-10003685,Office Supplies,Envelopes,"Jiffy Mailers, with clear poly window"
OFF-PA-10001758,Office Supplies,Paper,"Enermax Note Cards, Premium"
TEC-AC-10003469,Technology,Accessories,"SanDisk Router, USB"
OFF-ST-10000794,Office Supplies,Storage,"Tenex Trays, Wire Frame"
FUR-NOV-10002791,Furniture,Chairs,"Novimex Swivel Stool, Set of Two"
TEC-CAN-10004214,Technology,Copiers,"Canon Fax and Copier, Color"
OFF-FA-10002491,Office Supplies,Fasteners,"Stockwell Rubber Bands, Bulk Pack"
TEC-AC-10004683,Technology,Accessories,"Memorex Flash Drive, USB"
OFF-ST-10001291,Office Supplies,Storage,"Tenex Personal Self-Stacking Standard File Box, Black/Gray"
FUR-CH-10003746,Furniture,Chairs,"Novimex Executive Leather Armchair, Black"
OFF-LA-10001915,Office Supplies,Labels,"Avery Legal Exhibit Labels, 5000 Label Set"
OFF-PA-10000675,Office Supplies,Paper,Xerox 1919
OFF-BI-10000948,Office Supplies,Binders,"GBC Laser Imprintable Binding System Covers, Desert Sand"
OFF-EN-10004775,Office Supplies,Envelopes,"Kraft Manila Envelope, Set of 50"
FUR-TA-10000198,Furniture,Tables,Chromcraft Bull-Nose Wood Oval Conference Tables & Bases
OFF-LA-10001641,Office Supplies,Labels,Avery 518
TEC-AC-10001082,Technology,Accessories,"Enermax Keyboard, Bluetooth"
OFF-PA-10000357,Office Supplies,Paper,Xerox 1888
OFF-ST-10001627,Office Supplies,Storage,Eldon Jumbo ProFile Portable File Boxes Graphite/Black
TEC-KON-10001388,Technology,Machines,"Konica Printer, Red"
OFF-BI-10003727,Office Supplies,Binders,Avery Durable Slant Ring Binders With Label Holder
TEC-CO-10001352,Technology,Copiers,"HP Ink, Digital"
TEC-LOG-10001629,Technology,Accessories,"Logitech Mouse, Programmable"
OFF-ROG-10000332,Office Supplies,Storage,"Rogers Box, Single Width"
OFF-AP-10004464,Office Supplies,Appliances,"Cuisinart Stove, White"
OFF-BI-10003725,Office Supplies,Binders,"Cardinal 3-Hole Punch, Economy"
OFF-LA-10001778,Office Supplies,Labels,"Smead Color Coded Labels, 5000 Label Set"
FUR-OFF-10001132,Furniture,Chairs,"Office Star Swivel Stool, Adjustable"
TEC-PAN-10003688,Technology,Machines,"Panasonic Printer, Wireless"
OFF-AR-10003978,Office Supplies,Art,"Binney & Smith Sketch Pad, Easy-Erase"
FUR-FU-10004864,Furniture,Furnishings,"Howard Miller 14-1/2"" Diameter Chrome Round Wall Clock"
OFF-ST-10004830,Office Supplies,Storage,"Eldon Lockers, Blue"
OFF-LA-10000989,Office Supplies,Labels,"Smead Round Labels, Adjustable"
OFF-STO-10000876,Office Supplies,Fasteners,"Stockwell Push Pins, 12 Pack"
OFF-ROG-10000566,Office Supplies,Storage,"Rogers Trays, Single Width"
TEC-PH-10001137,Technology,Phones,"Samsung Speaker Phone, with Caller ID"
OFF-LA-10002183,Office Supplies,Labels,"Novimex Legal Exhibit Labels, Alphabetical"
OFF-LA-10000519,Office Supplies,Labels,"Novimex File Folder Labels, Laser Printer Compatible"
OFF-BI-10004227,Office Supplies,Binders,"Avery Binding Machine, Economy"
OFF-SU-10002537,Office Supplies,Supplies,Acme Box Cutter Scissors
FUR-FU-10003608,Furniture,Furnishings,"Tenex Light Bulb, Erganomic"
OFF-BIC-10001510,Office Supplies,Art,"BIC Pencil Sharpener, Easy-Erase"
OFF-HAM-10003872,Office Supplies,Appliances,"Hamilton Beach Blender, White"
FUR-TA-10004336,Furniture,Tables,"Hon Wood Table, Fully Assembled"
OFF-KIT-10001213,Office Supplies,Appliances,"KitchenAid Refrigerator, Black"
OFF-EN-10004977,Office Supplies,Envelopes,"Jiffy Manila Envelope, Recycled"
FUR-CH-10002188,Furniture,Chairs,"SAFCO Steel Folding Chair, Set of Two"
OFF-AR-10003691,Office Supplies,Art,"Stanley Sketch Pad, Easy-Erase"
OFF-AR-10002335,Office Supplies,Art,DIXON Oriole Pencils
OFF-AR-10002665,Office Supplies,Art,"Binney & Smith Markers, Easy-Erase"
OFF-EN-10003413,Office Supplies,Envelopes,"Kraft Manila Envelope, Security-Tint"
FUR-RUB-10000501,Furniture,Furnishings,"Rubbermaid Clock, Black"
FUR-FU-10002525,Furniture,Furnishings,"Deflect-O Door Stop, Erganomic"
TEC-PH-10003954,Technology,Phones,"Cisco Signal Booster, Cordless"
FUR-CH-10000187,Furniture,Chairs,"Hon Chairmat, Red"
OFF-LA-10003973,Office Supplies,Labels,"Hon Removable Labels, Laser Printer Compatible"
OFF-SU-10004091,Office Supplies,Supplies,"Elite Ruler, Serrated"
OFF-IBI-10000440,Office Supplies,Binders,"Ibico Binder Covers, Clear"
OFF-LA-10000448,Office Supplies,Labels,"Hon File Folder Labels, Alphabetical"
OFF-ST-10001824,Office Supplies,Storage,"Rogers Box, Single Width"
OFF-FA-10003990,Office Supplies,Fasteners,"Stockwell Clamps, Metal"
FUR-FU-10000010,Furniture,Furnishings,"DAX Value U-Channel Document Frames, Easel Back"
TEC-CO-10003982,Technology,Copiers,"HP Ink, High-Speed"
OFF-BI-10002465,Office Supplies,Binders,"Avery Binding Machine, Clear"
FUR-BO-10003985,Furniture,Bookcases,"Sauder Classic Bookcase, Traditional"
OFF-EN-10004895,Office Supplies,Envelopes,"Kraft Mailers, Security-Tint"
TEC-PH-10004827,Technology,Phones,"Samsung Headset, Cordless"
OFF-BIN-10001385,Office Supplies,Art,"Binney & Smith Pens, Fluorescent"
FUR-FU-10004117,Furniture,Furnishings,"Eldon Door Stop, Black"
OFF-SAN-10003368,Office Supplies,Art,"Sanford Pens, Blue"
FUR-TA-10004820,Furniture,Tables,"Barricks Wood Table, Fully Assembled"
OFF-PA-10003899,Office Supplies,Paper,"SanDisk Memo Slips, Multicolor"
FUR-FU-10002933,Furniture,Furnishings,"Advantus Stacking Tray, Erganomic"
OFF-EN-10004211,Office Supplies,Envelopes,"GlobeWeis Business Envelopes, Security-Tint"
FUR-SAF-10000265,Furniture,Bookcases,"Safco Library with Doors, Metal"
TEC-PH-10001670,Technology,Phones,"Motorola Smart Phone, Full Size"
FUR-CH-10001322,Furniture,Chairs,"Harbour Creations Executive Leather Armchair, Adjustable"
OFF-SU-10000738,Office Supplies,Supplies,"Acme Shears, Steel"
OFF-BI-10000343,Office Supplies,Binders,"Pressboard Covers with Storage Hooks, 9 1/2"" x 11"", Light Blue"
OFF-FA-10004516,Office Supplies,Fasteners,"Stockwell Push Pins, Bulk Pack"
OFF-AR-10002987,Office Supplies,Art,Prismacolor Color Pencil Set
OFF-AR-10003897,Office Supplies,Art,"Stanley Pencil Sharpener, Water Color"
FUR-CH-10004082,Furniture,Chairs,"Office Star Chairmat, Black"
OFF-LA-10000760,Office Supplies,Labels,"Harbour Creations Removable Labels, Laser Printer Compatible"
FUR-TA-10000670,Furniture,Tables,"Chromcraft Coffee Table, Adjustable Height"
FUR-FU-10002501,Furniture,Furnishings,Nu-Dell Executive Frame
OFF-PA-10001837,Office Supplies,Paper,Xerox 1976
OFF-AP-10004246,Office Supplies,Appliances,"Breville Stove, Red"
FUR-CH-10003123,Furniture,Chairs,"Hon Chairmat, Black"
OFF-EN-10004507,Office Supplies,Envelopes,"GlobeWeis Mailers, Set of 50"
OFF-LA-10001633,Office Supplies,Labels,"Novimex File Folder Labels, 5000 Label Set"
OFF-ST-10001335,Office Supplies,Storage,"Rogers File Cart, Single Width"
TEC-CO-10003142,Technology,Copiers,"Hewlett Fax and Copier, Laser"
FUR-FU-10004608,Furniture,Furnishings,"Advantus Door Stop, Erganomic"
TEC-NOK-10003743,Technology,Phones,"Nokia Signal Booster, VoIP"
TEC-CO-10003212,Technology,Copiers,"HP Copy Machine, High-Speed"
OFF-BI-10000816,Office Supplies,Binders,"Ibico 3-Hole Punch, Recycled"
OFF-FA-10001670,Office Supplies,Fasteners,"Stockwell Thumb Tacks, Metal"
TEC-PH-10002517,Technology,Phones,"Cisco Speaker Phone, Cordless"
TEC-MEM-10000178,Technology,Accessories,"Memorex Keyboard, Programmable"
OFF-AR-10003876,Office Supplies,Art,"Avery Hi-Liter GlideStik Fluorescent Highlighter, Yellow Ink"
FUR-FU-10003447,Furniture,Furnishings,"Eldon Light Bulb, Duo Pack"
TEC-PH-10001305,Technology,Phones,Panasonic KX TS208W Corded phone
TEC-PH-10001527,Technology,Phones,Plantronics MX500i Earset
OFF-PA-10000522,Office Supplies,Paper,"Xerox Computer Printout Paper, Recycled"
OFF-LA-10003155,Office Supplies,Labels,"Novimex Round Labels, Laser Printer Compatible"
OFF-BI-10001347,Office Supplies,Binders,"Cardinal Binder Covers, Economy"
FUR-FU-10003919,Furniture,Furnishings,Eldon Executive Woodline II Cherry Finish Desk Accessories
OFF-AR-10003228,Office Supplies,Art,"Stanley Sketch Pad, Blue"
TEC-AC-10004341,Technology,Accessories,"Belkin Mouse, USB"
TEC-SAN-10004181,Technology,Accessories,"SanDisk Keyboard, USB"
TEC-CO-10002316,Technology,Copiers,"Brother Personal Copier, Laser"
OFF-PA-10002870,Office Supplies,Paper,"Ampad Phone Message Book, Recycled, 400 Message Capacity, 5 ¾” x 11”"
OFF-BI-10003709,Office Supplies,Binders,"Wilson Jones Binding Machine, Durable"
TEC-CO-10000178,Technology,Copiers,"Hewlett Ink, Laser"
OFF-AP-10003266,Office Supplies,Appliances,"Holmes Replacement Filter for HEPA Air Cleaner, Large Room"
OFF-FA-10000146,Office Supplies,Fasteners,"Stockwell Rubber Bands, Assorted Sizes"
FUR-BO-10002926,Furniture,Bookcases,"Bush Stackable Bookrack, Mobile"
TEC-AC-10002533,Technology,Accessories,"Enermax Memory Card, USB"
TEC-AC-10003668,Technology,Accessories,"Belkin Memory Card, Bluetooth"
FUR-SAU-10004137,Furniture,Bookcases,"Sauder Floating Shelf Set, Traditional"
OFF-SU-10002543,Office Supplies,Supplies,"Stiletto Scissors, Easy Grip"
OFF-AVE-10004251,Office Supplies,Binders,"Avery Binding Machine, Economy"
OFF-SU-10000695,Office Supplies,Supplies,"Kleencut Trimmer, Serrated"
OFF-AR-10003772,Office Supplies,Art,Boston 16750 Black Compact Battery Pencil Sharpener
OFF-AR-10002236,Office Supplies,Art,"Stanley Pencil Sharpener, Water Color"
OFF-AR-10003477,Office Supplies,Art,"4009 Highlighters"
OFF-SU-10003879,Office Supplies,Supplies,"Kleencut Shears, High Speed"
TEC-PH-10004714,Technology,Phones,"Motorola Office Telephone, VoIP"
FUR-CH-10004387,Furniture,Chairs,"Office Star Bag Chairs, Red"
TEC-AC-10003725,Technology,Accessories,"Memorex Flash Drive, Erganomic"
OFF-PA-10000575,Office Supplies,Paper,"Wirebound Message Books, Four 2 3/4 x 5 White Forms per Page"
FUR-FU-10003112,Furniture,Furnishings,"Tenex Frame, Durable"
FUR-DEF-10000810,Furniture,Furnishings,"Deflect-O Stacking Tray, Black"
OFF-SU-10002306,Office Supplies,Supplies,"Elite Scissors, Steel"
OFF-LA-10001075,Office Supplies,Labels,"Hon Removable Labels, Laser Printer Compatible"
OFF-BIN-10000327,Office Supplies,Art,"Binney & Smith Markers, Water Color"
TEC-MA-10002874,Technology,Machines,"Epson Receipt Printer, Wireless"
FUR-CH-10004086,Furniture,Chairs,Hon 4070 Series Pagoda Armless Upholstered Stacking Chairs
OFF-STO-10001239,Office Supplies,Fasteners,"Stockwell Clamps, Metal"
TEC-MA-10004255,Technology,Machines,Konica Minolta magicolor 1690MF Multifunction Printer
OFF-FA-10003472,Office Supplies,Fasteners,Bagged Rubber Bands
OFF-BI-10004712,Office Supplies,Binders,"Cardinal Hole Reinforcements, Clear"
FUR-TA-10002172,Furniture,Tables,"Hon Conference Table, Rectangular"
FUR-FU-10004339,Furniture,Furnishings,"Deflect-O Frame, Black"
OFF-ENE-10000012,Office Supplies,Paper,"Enermax Computer Printout Paper, Recycled"
OFF-ACC-10000687,Office Supplies,Fasteners,"Accos Clamps, 12 Pack"
FUR-FU-10004031,Furniture,Furnishings,"Advantus Frame, Durable"
OFF-FA-10002815,Office Supplies,Fasteners,"Stockwell Thumb Tacks, 12 Pack"
OFF-FEL-10004117,Office Supplies,Storage,"Fellowes Trays, Blue"
OFF-LA-10001677,Office Supplies,Labels,"Avery Color Coded Labels, Adjustable"
OFF-PA-10004359,Office Supplies,Paper,Multicolor Computer Printout Paper
TEC-SHA-10004658,Technology,Copiers,"Sharp Ink, Laser"
TEC-PH-10001900,Technology,Phones,"Motorola Signal Booster, VoIP"
OFF-ST-10000107,Office Supplies,Storage,Fellowes Super Stor/Drawer
FUR-BO-10004558,Furniture,Bookcases,"Sauder Library with Doors, Pine"
FUR-FU-10000060,Furniture,Furnishings,"Advantus Light Bulb, Duo Pack"
OFF-PA-10003301,Office Supplies,Paper,"Green Bar Parchment Paper, Recycled"
TEC-PH-10003484,Technology,Phones,Ooma Telo VoIP Home Phone System
TEC-MA-10002694,Technology,Machines,Hewlett-Packard Deskjet F4180 All-in-One Color Ink-jet - Printer / copier / scanner
FUR-CH-10002774,Furniture,Chairs,"Global Deluxe Stacking Chair, Gray"
TEC-MA-10003478,Technology,Machines,"StarTech Receipt Printer, Durable"
OFF-BI-10000088,Office Supplies,Binders,GBC Imprintable Covers
TEC-CO-10000372,Technology,Copiers,"Brother Ink, High-Speed"
TEC-CAN-10004291,Technology,Copiers,"Canon Wireless Fax, Digital"
OFF-LA-10004714,Office Supplies,Labels,"Novimex File Folder Labels, Laser Printer Compatible"
TEC-NOK-10003562,Technology,Phones,"Nokia Audio Dock, Full Size"
OFF-ST-10001941,Office Supplies,Storage,"Rogers Lockers, Wire Frame"
OFF-SU-10002027,Office Supplies,Supplies,"Stiletto Letter Opener, High Speed"
OFF-FA-10002701,Office Supplies,Fasteners,Alliance Rubber Bands
TEC-AC-10004557,Technology,Accessories,"Logitech Mouse, USB"
OFF-BI-10002852,Office Supplies,Binders,Ibico Standard Transparent Covers
TEC-CO-10004722,Technology,Copiers,Canon imageCLASS 2200 Advanced Copier
TEC-AC-10003955,Technology,Accessories,"Memorex Router, Erganomic"
OFF-SU-10004306,Office Supplies,Supplies,"Kleencut Trimmer, Steel"
OFF-LA-10004737,Office Supplies,Labels,"Avery Shipping Labels, 5000 Label Set"
OFF-LA-10000784,Office Supplies,Labels,"Harbour Creations File Folder Labels, 5000 Label Set"
OFF-ST-10004331,Office Supplies,Storage,"Eldon Folders, Single Width"
OFF-BI-10003265,Office Supplies,Binders,"Wilson Jones Binder, Clear"
OFF-SU-10002715,Office Supplies,Supplies,"Elite Trimmer, High Speed"
TEC-BEL-10002324,Technology,Accessories,"Belkin Keyboard, Bluetooth"
TEC-AC-10000501,Technology,Accessories,"Enermax Router, Programmable"
TEC-AC-10003343,Technology,Accessories,"Logitech Flash Drive, Erganomic"
TEC-SAM-10001131,Technology,Phones,"Samsung Smart Phone, VoIP"
OFF-AR-10003045,Office Supplies,Art,Prang Colored Pencils
OFF-PA-10003129,Office Supplies,Paper,Tops White Computer Printout Paper
TEC-AC-10001312,Technology,Accessories,"Logitech Numeric Keypad, Erganomic"
FUR-FU-10003601,Furniture,Furnishings,"Deflect-o RollaMat Studded, Beveled Mat for Medium Pile Carpeting"
FUR-HAR-10002288,Furniture,Chairs,"Harbour Creations Rocking Chair, Red"
FUR-CH-10002743,Furniture,Chairs,"Novimex Chairmat, Adjustable"
OFF-FA-10000856,Office Supplies,Fasteners,"Stockwell Thumb Tacks, Bulk Pack"
FUR-BO-10000712,Furniture,Bookcases,"Bush Corner Shelving, Pine"
TEC-MA-10000161,Technology,Machines,"Okidata Inkjet, Wireless"
OFF-STI-10001171,Office Supplies,Supplies,"Stiletto Letter Opener, Easy Grip"
FUR-CH-10003114,Furniture,Chairs,"Harbour Creations Swivel Stool, Red"
OFF-BI-10000605,Office Supplies,Binders,"Acco Pressboard Covers with Storage Hooks, 9 1/2"" x 11"", Executive Red"
FUR-DEF-10000065,Furniture,Furnishings,"Deflect-O Frame, Durable"
OFF-SU-10001968,Office Supplies,Supplies,"Acme Scissors, Steel"
OFF-AR-10001738,Office Supplies,Art,"Binney & Smith Canvas, Easy-Erase"
OFF-PA-10004438,Office Supplies,Paper,Xerox 1907
OFF-BI-10003324,Office Supplies,Binders,"Acco Hole Reinforcements, Recycled"
OFF-BI-10002975,Office Supplies,Binders,"Wilson Jones Index Tab, Clear"
TEC-PH-10003963,Technology,Phones,GE 2-Jack Phone Line Splitter
OFF-BI-10002083,Office Supplies,Binders,"Acco Hole Reinforcements, Economy"
OFF-ROG-10003898,Office Supplies,Storage,"Rogers Lockers, Single Width"
TEC-PH-10000577,Technology,Phones,"Samsung Headset, Cordless"
FUR-CH-10004875,Furniture,Chairs,Harbour Creations 67200 Series Stacking Chairs
FUR-FU-10001438,Furniture,Furnishings,"Rubbermaid Frame, Duo Pack"
OFF-ST-10002957,Office Supplies,Storage,Sterilite Show Offs Storage Containers
FUR-TA-10004353,Furniture,Tables,"Chromcraft Wood Table, with Bottom Storage"
FUR-BAR-10004561,Furniture,Tables,"Barricks Wood Table, Fully Assembled"
FUR-CH-10001262,Furniture,Chairs,"Novimex Bag Chairs, Red"
OFF-LA-10001045,Office Supplies,Labels,Permanent Self-Adhesive File Folder Labels for Typewriters by Universal
TEC-MA-10004933,Technology,Machines,"Konica Phone, Wireless"
FUR-TA-10003786,Furniture,Tables,"Hon Training Table, Fully Assembled"
OFF-EN-10003887,Office Supplies,Envelopes,"Cameo Interoffice Envelope, with clear poly window"
OFF-SME-10000520,Office Supplies,Storage,"Smead Shelving, Wire Frame"
OFF-BI-10001279,Office Supplies,Binders,"Wilson Jones 3-Hole Punch, Durable"
FUR-TEN-10000407,Furniture,Furnishings,"Tenex Door Stop, Erganomic"
OFF-FA-10001883,Office Supplies,Fasteners,"Alliance Super-Size Bands, Assorted Sizes"
OFF-LA-10000765,Office Supplies,Labels,"Smead Legal Exhibit Labels, 5000 Label Set"
TEC-PH-10004664,Technology,Phones,"Nokia Smart Phone, with Caller ID"
OFF-LA-10002334,Office Supplies,Labels,"Novimex Removable Labels, Adjustable"
OFF-ENE-10002038,Office Supplies,Paper,"Enermax Message Books, Premium"
OFF-FA-10001621,Office Supplies,Fasteners,"OIC Rubber Bands, Bulk Pack"
FUR-TA-10004972,Furniture,Tables,"Chromcraft Wood Table, Rectangular"
FUR-BO-10001524,Furniture,Bookcases,"Bush Stackable Bookrack, Pine"
TEC-HEW-10001074,Technology,Copiers,"Hewlett Fax Machine, Color"
OFF-PA-10002652,Office Supplies,Paper,"Eaton Note Cards, Premium"
FUR-TA-10003473,Furniture,Tables,Bretford Rectangular Conference Table Tops
OFF-BRE-10000448,Office Supplies,Appliances,"Breville Coffee Grinder, Silver"
FUR-DEF-10002814,Furniture,Furnishings,"Deflect-O Stacking Tray, Erganomic"
OFF-AR-10003592,Office Supplies,Art,"Sanford Pencil Sharpener, Fluorescent"
TEC-CO-10002323,Technology,Copiers,"Brother Copy Machine, Color"
OFF-PA-10000595,Office Supplies,Paper,Xerox 1929
TEC-PH-10003960,Technology,Phones,"Apple Speaker Phone, with Caller ID"
OFF-ELI-10001507,Office Supplies,Supplies,"Elite Scissors, Steel"
OFF-SU-10003537,Office Supplies,Supplies,"Kleencut Scissors, Steel"
FUR-FU-10000067,Furniture,Furnishings,"Rubbermaid Photo Frame, Duo Pack"
OFF-FA-10002708,Office Supplies,Fasteners,"Stockwell Staples, 12 Pack"
FUR-BO-10003323,Furniture,Bookcases,"Safco 3-Shelf Cabinet, Mobile"
TEC-MA-10004236,Technology,Machines,"StarTech Inkjet, Durable"
TEC-CO-10000887,Technology,Copiers,"Hewlett Copy Machine, High-Speed"
FUR-DEF-10001763,Furniture,Furnishings,"Deflect-O Door Stop, Durable"
OFF-ST-10003572,Office Supplies,Storage,Portfile Personal File Boxes
OFF-AR-10000067,Office Supplies,Art,"Boston Pencil Sharpener, Water Color"
OFF-SAN-10002323,Office Supplies,Art,"Sanford Sketch Pad, Fluorescent"
TEC-BEL-10001391,Technology,Accessories,"Belkin Numeric Keypad, USB"
OFF-FA-10000406,Office Supplies,Fasteners,"Advantus Thumb Tacks, Metal"
OFF-FA-10002459,Office Supplies,Fasteners,"Advantus Clamps, Bulk Pack"
OFF-LA-10003338,Office Supplies,Labels,"Harbour Creations Removable Labels, 5000 Label Set"
OFF-ST-10003929,Office Supplies,Storage,"Tenex Lockers, Blue"
TEC-PH-10002583,Technology,Phones,iOttie HLCRIO102 Car Mount
OFF-PA-10001178,Office Supplies,Paper,"Enermax Note Cards, 8.5 x 11"
OFF-ST-10004368,Office Supplies,Storage,"Tenex Trays, Industrial"
OFF-ROG-10003733,Office Supplies,Storage,"Rogers Folders, Wire Frame"
FUR-FU-10000496,Furniture,Furnishings,"Eldon Clock, Duo Pack"
OFF-AP-10002433,Office Supplies,Appliances,"Cuisinart Microwave, Silver"
FUR-BO-10000797,Furniture,Bookcases,"Safco 3-Shelf Cabinet, Pine"
FUR-SAU-10003203,Furniture,Bookcases,"Sauder 3-Shelf Cabinet, Mobile"
FUR-CH-10001797,Furniture,Chairs,"Harbour Creations Bag Chairs, Adjustable"
OFF-ST-10001290,Office Supplies,Storage,"Rogers Shelving, Single Width"
OFF-PA-10002615,Office Supplies,Paper,"Ampad Gold Fibre Wirebound Steno Books, 6"" x 9"", Gregg Ruled"
OFF-PA-10000026,Office Supplies,Paper,"Eaton Cards & Envelopes, 8.5 x 11"
OFF-PA-10004501,Office Supplies,Paper,"SanDisk Memo Slips, Multicolor"
OFF-BI-10003007,Office Supplies,Binders,"Premium Transparent Presentation Covers, No Pattern/Clear, 8 1/2"" x 11"""
OFF-EN-10003361,Office Supplies,Envelopes,"GlobeWeis Manila Envelope, Security-Tint"
OFF-BI-10002571,Office Supplies,Binders,"Avery Framed View Binder, EZD Ring (Locking), Navy, 1 1/2"""
TEC-AC-10001172,Technology,Accessories,"Logitech Numeric Keypad, Erganomic"
OFF-FA-10003450,Office Supplies,Fasteners,"Advantus Paper Clips, Metal"
TEC-CO-10003622,Technology,Copiers,"Sharp Ink, Digital"
OFF-BI-10003018,Office Supplies,Binders,"Avery Binder, Clear"
OFF-AP-10000653,Office Supplies,Appliances,"Hamilton Beach Blender, Black"
FUR-IKE-10003642,Furniture,Bookcases,"Ikea 3-Shelf Cabinet, Pine"
FUR-CH-10000013,Furniture,Chairs,"Hon Steel Folding Chair, Black"
TEC-PH-10002652,Technology,Phones,"Cisco Smart Phone, Cordless"
TEC-MA-10001305,Technology,Machines,"Okidata Card Printer, White"
OFF-AR-10004930,Office Supplies,Art,Turquoise Lead Holder with Pocket Clip
OFF-AP-10004571,Office Supplies,Appliances,"Hoover Stove, Silver"
OFF-SU-10000304,Office Supplies,Supplies,"Kleencut Ruler, Serrated"
OFF-BI-10000831,Office Supplies,Binders,Storex Flexible Poly Binders with Double Pockets
OFF-AP-10000938,Office Supplies,Appliances,Avanti 1.7 Cu. Ft. Refrigerator
TEC-AC-10002017,Technology,Accessories,"Belkin Memory Card, Erganomic"
FUR-BO-10000112,Furniture,Bookcases,"Bush Birmingham Collection Bookcase, Dark Cherry"
OFF-AP-10001941,Office Supplies,Appliances,"KitchenAid Blender, White"
TEC-SAN-10000250,Technology,Accessories,"SanDisk Memory Card, USB"
OFF-LA-10003444,Office Supplies,Labels,"Smead Legal Exhibit Labels, Alphabetical"
OFF-FA-10003879,Office Supplies,Fasteners,"Stockwell Thumb Tacks, Assorted Sizes"
OFF-ROG-10004949,Office Supplies,Storage,"Rogers Shelving, Industrial"
OFF-AP-10000119,Office Supplies,Appliances,"Breville Microwave, White"
OFF-SU-10003632,Office Supplies,Supplies,"Stiletto Ruler, High Speed"
OFF-PA-10002713,Office Supplies,Paper,"Adams Phone Message Book, 200 Message Capacity, 8 1/16” x 11”"
OFF-FA-10000700,Office Supplies,Fasteners,"OIC Thumb Tacks, 12 Pack"
OFF-LA-10002770,Office Supplies,Labels,"Novimex Color Coded Labels, Adjustable"
FUR-FU-10003552,Furniture,Furnishings,"Tenex Door Stop, Duo Pack"
OFF-STI-10001743,Office Supplies,Supplies,"Stiletto Scissors, Easy Grip"
TEC-BRO-10001852,Technology,Copiers,"Brother Fax and Copier, Digital"
OFF-BI-10000815,Office Supplies,Binders,"Ibico 3-Hole Punch, Durable"
FUR-BO-10004053,Furniture,Bookcases,"Dania Library with Doors, Metal"
OFF-PA-10000579,Office Supplies,Paper,"Xerox Computer Printout Paper, Recycled"
OFF-BI-10004528,Office Supplies,Binders,Cardinal Poly Pocket Divider Pockets for Ring Binders
TEC-AC-10001364,Technology,Accessories,"Logitech Numeric Keypad, Programmable"
FUR-HON-10001343,Furniture,Tables,"Hon Coffee Table, Fully Assembled"
TEC-MA-10001403,Technology,Machines,"Panasonic Calculator, White"
FUR-BO-10004508,Furniture,Bookcases,"Ikea Floating Shelf Set, Mobile"
FUR-SAF-10002121,Furniture,Chairs,"SAFCO Rocking Chair, Black"
TEC-MOT-10002260,Technology,Phones,"Motorola Office Telephone, Cordless"
FUR-BO-10004467,Furniture,Bookcases,Bestar Classic Bookcase
OFF-EN-10003675,Office Supplies,Envelopes,"GlobeWeis Interoffice Envelope, Recycled"
TEC-SAM-10003948,Technology,Phones,"Samsung Signal Booster, with Caller ID"
OFF-SU-10001087,Office Supplies,Supplies,"Elite Shears, Easy Grip"
OFF-IBI-10002637,Office Supplies,Binders,"Ibico Binding Machine, Durable"
TEC-CO-10002197,Technology,Copiers,"Hewlett Fax and Copier, High-Speed"
FUR-BO-10004113,Furniture,Bookcases,"Sauder Classic Bookcase, Pine"
OFF-HAM-10000822,Office Supplies,Appliances,"Hamilton Beach Toaster, Black"
OFF-AR-10000347,Office Supplies,Art,"Sanford Pens, Blue"
OFF-PA-10004421,Office Supplies,Paper,"Enermax Memo Slips, Multicolor"
OFF-BI-10004410,Office Supplies,Binders,"C-Line Peel & Stick Add-On Filing Pockets, 8-3/4 x 5-1/8, 10/Pack"
OFF-ST-10004019,Office Supplies,Storage,"Rogers Folders, Single Width"
OFF-ST-10001858,Office Supplies,Storage,"Tenex Shelving, Single Width"
OFF-PA-10002195,Office Supplies,Paper,Xerox 1966
TEC-PH-10000213,Technology,Phones,Seidio BD2-HK3IPH5-BK DILEX Case and Holster Combo for Apple iPhone 5/5s - Black
OFF-ST-10003995,Office Supplies,Storage,"Eldon File Cart, Single Width"
OFF-SU-10003632,Office Supplies,Supplies,"Acme Letter Opener, Easy Grip"
OFF-ADV-10004598,Office Supplies,Fasteners,"Advantus Paper Clips, Metal"
TEC-APP-10002321,Technology,Phones,"Apple Signal Booster, Full Size"
OFF-PA-10001736,Office Supplies,Paper,"SanDisk Note Cards, 8.5 x 11"
OFF-AP-10003618,Office Supplies,Appliances,"Hoover Refrigerator, Silver"
OFF-AR-10002036,Office Supplies,Art,"Binney & Smith Pencil Sharpener, Fluorescent"
OFF-ST-10000877,Office Supplies,Storage,Recycled Steel Personal File for Standard File Folders
TEC-CO-10001046,Technology,Copiers,Canon Imageclass D680 Copier / Fax
FUR-CH-10001714,Furniture,Chairs,"Global Leather & Oak Executive Chair, Burgundy"
OFF-SU-10002032,Office Supplies,Supplies,"Fiskars Ruler, Steel"
TEC-PH-10004559,Technology,Phones,"Nokia Speaker Phone, with Caller ID"
FUR-TA-10001100,Furniture,Tables,"Barricks Computer Table, Fully Assembled"
TEC-SAM-10001013,Technology,Phones,"Samsung Audio Dock, Cordless"
OFF-FIS-10004155,Office Supplies,Supplies,"Fiskars Letter Opener, Steel"
TEC-AC-10002357,Technology,Accessories,"SanDisk Numeric Keypad, USB"
TEC-PH-10001917,Technology,Phones,"Apple Signal Booster, Cordless"
OFF-PA-10000776,Office Supplies,Paper,"Xerox Cards & Envelopes, Premium"
FUR-FU-10004020,Furniture,Furnishings,Advantus Panel Wall Acrylic Frame
FUR-TA-10003893,Furniture,Tables,"Lesro Wood Table, with Bottom Storage"
OFF-ST-10002240,Office Supplies,Storage,"Fellowes Shelving, Blue"
OFF-EN-10002372,Office Supplies,Envelopes,"GlobeWeis Manila Envelope, Security-Tint"
OFF-AP-10000576,Office Supplies,Appliances,Belkin 7 Outlet SurgeMaster II
FUR-BO-10003793,Furniture,Bookcases,"Bush 3-Shelf Cabinet, Metal"
OFF-BI-10002867,Office Supplies,Binders,GBC Recycled Regency Composition Covers
TEC-PH-10004120,Technology,Phones,AT&T 1080 Phone
OFF-ST-10002822,Office Supplies,Storage,"Tenex File Cart, Blue"
OFF-BIN-10000837,Office Supplies,Art,"Binney & Smith Markers, Easy-Erase"
OFF-LA-10001265,Office Supplies,Labels,"Hon File Folder Labels, Alphabetical"
OFF-SU-10001791,Office Supplies,Supplies,"Elite Box Cutter, Serrated"
OFF-AR-10001177,Office Supplies,Art,Newell 349
OFF-AR-10003157,Office Supplies,Art,"Sanford Highlighters, Easy-Erase"
OFF-ST-10000806,Office Supplies,Storage,"Fellowes Shelving, Industrial"
OFF-PA-10001170,Office Supplies,Paper,"Xerox Cards & Envelopes, Multicolor"
FUR-TA-10002958,Furniture,Tables,"Chromcraft Conference Table, Fully Assembled"
OFF-PA-10000098,Office Supplies,Paper,"Xerox Parchment Paper, 8.5 x 11"
OFF-AP-10001408,Office Supplies,Appliances,"KitchenAid Refrigerator, White"
TEC-PH-10002991,Technology,Phones,"Apple Smart Phone, Full Size"
TEC-STA-10001407,Technology,Machines,"StarTech Phone, Wireless"
OFF-KRA-10000113,Office Supplies,Envelopes,"Kraft Peel and Seal, Recycled"
FUR-FU-10000729,Furniture,Furnishings,"Eldon Clock, Durable"
FUR-TA-10003319,Furniture,Tables,"Barricks Coffee Table, with Bottom Storage"
OFF-FA-10004813,Office Supplies,Fasteners,"Advantus Clamps, Metal"
FUR-BO-10001872,Furniture,Bookcases,"Bush Stackable Bookrack, Pine"
OFF-EN-10001946,Office Supplies,Envelopes,"Kraft Mailers, Security-Tint"
FUR-CH-10001664,Furniture,Chairs,"Novimex Swivel Stool, Black"
FUR-TEN-10001349,Furniture,Furnishings,"Tenex Frame, Black"
OFF-BI-10000773,Office Supplies,Binders,Insertable Tab Post Binder Dividers
OFF-BI-10004224,Office Supplies,Binders,Catalog Binders with Expanding Posts
OFF-HAR-10000501,Office Supplies,Labels,"Harbour Creations File Folder Labels, Laser Printer Compatible"
OFF-AR-10003056,Office Supplies,Art,Newell 341
OFF-PA-10000867,Office Supplies,Paper,"SanDisk Message Books, Multicolor"
FUR-CH-10002320,Furniture,Chairs,Hon Pagoda Stacking Chairs
FUR-FU-10002803,Furniture,Furnishings,"Deflect-O Stacking Tray, Erganomic"
OFF-AP-10003382,Office Supplies,Appliances,"Breville Stove, White"
OFF-KIT-10001380,Office Supplies,Appliances,"KitchenAid Microwave, Black"
OFF-FA-10004344,Office Supplies,Fasteners,"Advantus Thumb Tacks, Assorted Sizes"
OFF-AP-10004572,Office Supplies,Appliances,"Cuisinart Stove, Red"
OFF-AR-10001043,Office Supplies,Art,"BIC Pens, Blue"
FUR-FU-10002240,Furniture,Furnishings,Nu-Dell EZ-Mount Plastic Wall Frames
OFF-AVE-10000110,Office Supplies,Labels,"Avery Round Labels, Laser Printer Compatible"
TEC-PH-10003177,Technology,Phones,"Samsung Speaker Phone, with Caller ID"
OFF-AR-10002255,Office Supplies,Art,"Boston Sketch Pad, Water Color"
OFF-BI-10000329,Office Supplies,Binders,"Acco Binder, Durable"
TEC-PH-10003002,Technology,Phones,"Cisco Smart Phone, Full Size"
OFF-FIS-10000063,Office Supplies,Supplies,"Fiskars Shears, High Speed"
TEC-MA-10002520,Technology,Machines,"Panasonic Receipt Printer, White"
OFF-FEL-10001405,Office Supplies,Storage,"Fellowes File Cart, Industrial"
TEC-MOT-10000554,Technology,Phones,"Motorola Smart Phone, Full Size"
TEC-MA-10001607,Technology,Machines,"Konica Phone, Durable"
OFF-EN-10002504,Office Supplies,Envelopes,"Tyvek  Top-Opening Peel & Seel Envelopes, Plain White"
OFF-FA-10001761,Office Supplies,Fasteners,"OIC Thumb Tacks, Metal"
OFF-AP-10000844,Office Supplies,Appliances,"Breville Toaster, Black"
OFF-LA-10002895,Office Supplies,Labels,"Avery Legal Exhibit Labels, Laser Printer Compatible"
OFF-BI-10001597,Office Supplies,Binders,"Wilson Jones Ledger-Size, Piano-Hinge Binder, 2"", Blue"
OFF-ST-10003414,Office Supplies,Storage,"Smead Box, Wire Frame"
OFF-AP-10001606,Office Supplies,Appliances,"KitchenAid Toaster, Black"
OFF-FA-10004523,Office Supplies,Fasteners,"OIC Thumb Tacks, Bulk Pack"
TEC-PH-10000673,Technology,Phones,Plantronics Voyager Pro HD - Bluetooth Headset
TEC-MA-10002712,Technology,Machines,"Okidata Printer, Wireless"
OFF-AR-10000594,Office Supplies,Art,"Binney & Smith Highlighters, Water Color"
OFF-SU-10002451,Office Supplies,Supplies,"Elite Letter Opener, High Speed"
FUR-FU-10003879,Furniture,Furnishings,"Advantus Frame, Erganomic"
FUR-BO-10003530,Furniture,Bookcases,"Safco 3-Shelf Cabinet, Pine"
FUR-BO-10001471,Furniture,Bookcases,"Sauder Classic Bookcase, Metal"
OFF-SU-10001515,Office Supplies,Supplies,"Kleencut Box Cutter, Easy Grip"
FUR-FU-10001546,Furniture,Furnishings,Dana Swing-Arm Lamps
TEC-PH-10001071,Technology,Phones,"Nokia Headset, Full Size"
OFF-LA-10000296,Office Supplies,Labels,"Hon Color Coded Labels, Adjustable"
OFF-AR-10004260,Office Supplies,Art,Boston 1799 Powerhouse Electric Pencil Sharpener
OFF-LA-10002650,Office Supplies,Labels,"Novimex Removable Labels, Laser Printer Compatible"
OFF-EN-10004305,Office Supplies,Envelopes,"Jiffy Manila Envelope, Security-Tint"
FUR-BO-10002738,Furniture,Bookcases,"Sauder Corner Shelving, Mobile"
TEC-CAN-10001378,Technology,Copiers,"Canon Personal Copier, High-Speed"
OFF-ST-10004482,Office Supplies,Storage,"Rogers Shelving, Industrial"
OFF-BI-10002727,Office Supplies,Binders,"Wilson Jones Binding Machine, Clear"
FUR-CH-10001191,Furniture,Chairs,"Office Star Steel Folding Chair, Red"
TEC-MA-10004857,Technology,Machines,"Konica Calculator, White"
OFF-EN-10004469,Office Supplies,Envelopes,"Jiffy Manila Envelope, Recycled"
OFF-AR-10002681,Office Supplies,Art,"Boston Sketch Pad, Fluorescent"
OFF-PA-10004470,Office Supplies,Paper,"Green Bar Cards & Envelopes, Recycled"
TEC-CAN-10002802,Technology,Copiers,"Canon Personal Copier, Digital"
TEC-AC-10001553,Technology,Accessories,"Memorex 25GB 6X Branded Blu-Ray Recordable Disc, 15/Pack"
OFF-BI-10003879,Office Supplies,Binders,"Ibico Binder Covers, Economy"
FUR-CH-10000848,Furniture,Chairs,"SAFCO Executive Leather Armchair, Set of Two"
TEC-NOK-10001058,Technology,Phones,"Nokia Office Telephone, Full Size"
OFF-SU-10002900,Office Supplies,Supplies,"Kleencut Trimmer, Easy Grip"
OFF-LA-10004055,Office Supplies,Labels,Color-Coded Legal Exhibit Labels
OFF-HAR-10000414,Office Supplies,Labels,"Harbour Creations Round Labels, Adjustable"
FUR-CH-10004050,Furniture,Chairs,"Novimex Executive Leather Armchair, Adjustable"
TEC-PH-10002916,Technology,Phones,"Apple Speaker Phone, with Caller ID"
TEC-PH-10002564,Technology,Phones,"Motorola Signal Booster, Full Size"
OFF-ST-10002344,Office Supplies,Storage,"Carina 42""Hx23 3/4""W Media Storage Unit"
TEC-CO-10004185,Technology,Copiers,"Sharp Personal Copier, High-Speed"
OFF-BI-10001510,Office Supplies,Binders,Deluxe Heavy-Duty Vinyl Round Ring Binder
FUR-CH-10003608,Furniture,Chairs,"SAFCO Chairmat, Set of Two"
TEC-PAN-10001172,Technology,Machines,"Panasonic Receipt Printer, Durable"
TEC-LOG-10004419,Technology,Accessories,"Logitech Flash Drive, USB"
TEC-MA-10001494,Technology,Machines,"Okidata Inkjet, Durable"
OFF-SU-10003780,Office Supplies,Supplies,"Elite Ruler, High Speed"
OFF-SME-10000973,Office Supplies,Storage,"Smead Folders, Industrial"
TEC-PH-10003356,Technology,Phones,"SmartStand Mobile Device Holder, Assorted Colors"
OFF-AP-10004756,Office Supplies,Appliances,"Hamilton Beach Toaster, Red"
OFF-EN-10003507,Office Supplies,Envelopes,"Kraft Business Envelopes, Recycled"
OFF-EN-10001219,Office Supplies,Envelopes,"#10- 4 1/8"" x 9 1/2"" Security-Tint Envelopes"
OFF-LA-10004062,Office Supplies,Labels,"Hon Removable Labels, 5000 Label Set"
OFF-BI-10002715,Office Supplies,Binders,"Avery Index Tab, Clear"
FUR-BO-10003631,Furniture,Bookcases,"Safco Stackable Bookrack, Mobile"
OFF-AP-10004665,Office Supplies,Appliances,"Hamilton Beach Coffee Grinder, Red"
OFF-LA-10004894,Office Supplies,Labels,"Hon Shipping Labels, Alphabetical"
TEC-CO-10002150,Technology,Copiers,"Canon Fax and Copier, Digital"
TEC-AC-10003832,Technology,Accessories,Imation 16GB Mini TravelDrive USB 2.0 Flash Drive
FUR-TA-10002088,Furniture,Tables,"Barricks Coffee Table, Adjustable Height"
OFF-AR-10002260,Office Supplies,Art,"Boston Pens, Blue"
FUR-ELD-10003843,Furniture,Furnishings,"Eldon Photo Frame, Black"
TEC-AC-10004813,Technology,Accessories,"SanDisk Keyboard, Bluetooth"
FUR-BO-10003106,Furniture,Bookcases,"Sauder Corner Shelving, Metal"
OFF-AR-10000319,Office Supplies,Art,"Binney & Smith Canvas, Fluorescent"
OFF-BOS-10000577,Office Supplies,Art,"Boston Highlighters, Blue"
FUR-FU-10003708,Furniture,Furnishings,"Tenex Traditional Chairmats for Medium Pile Carpet, Standard Lip, 36"" x 48"""
OFF-PA-10003884,Office Supplies,Paper,"Eaton Message Books, Multicolor"
OFF-AME-10003167,Office Supplies,Envelopes,"Ames Clasp Envelope, Recycled"
FUR-CH-10002727,Furniture,Chairs,"SAFCO Bag Chairs, Set of Two"
FUR-BO-10000087,Furniture,Bookcases,"Sauder Corner Shelving, Pine"
OFF-SU-10004727,Office Supplies,Supplies,"Stiletto Letter Opener, Easy Grip"
OFF-EN-10000031,Office Supplies,Envelopes,"Ames Peel and Seal, Security-Tint"
FUR-DAN-10004940,Furniture,Bookcases,"Dania Classic Bookcase, Metal"
OFF-ACM-10000570,Office Supplies,Supplies,"Acme Letter Opener, High Speed"
TEC-AC-10001295,Technology,Accessories,"Memorex Memory Card, Bluetooth"
FUR-CH-10003968,Furniture,Chairs,Novimex Turbo Task Chair
OFF-SU-10003277,Office Supplies,Supplies,"Elite Ruler, Serrated"
TEC-PH-10003572,Technology,Phones,"Apple Office Telephone, VoIP"
OFF-ST-10002343,Office Supplies,Storage,"Smead Trays, Blue"
FUR-BO-10004806,Furniture,Bookcases,"Safco Corner Shelving, Traditional"
OFF-EN-10000352,Office Supplies,Envelopes,"GlobeWeis Peel and Seal, Recycled"
OFF-BI-10001553,Office Supplies,Binders,SpineVue Locking Slant-D Ring Binders by Cardinal
FUR-TA-10001272,Furniture,Tables,"Barricks Training Table, Fully Assembled"
OFF-EN-10002613,Office Supplies,Envelopes,"Ames Clasp Envelope, Security-Tint"
TEC-AC-10003857,Technology,Accessories,"Memorex Keyboard, Programmable"
TEC-CAN-10002879,Technology,Copiers,"Canon Copy Machine, High-Speed"
TEC-HEW-10003695,Technology,Copiers,"Hewlett Wireless Fax, Digital"
FUR-BO-10001255,Furniture,Bookcases,"Ikea Library with Doors, Mobile"
OFF-AR-10000179,Office Supplies,Art,"Binney & Smith Canvas, Easy-Erase"
TEC-MA-10002771,Technology,Machines,"StarTech Inkjet, White"
FUR-TA-10004147,Furniture,Tables,Hon 4060 Series Tables
TEC-CO-10000135,Technology,Copiers,"HP Wireless Fax, High-Speed"
OFF-ELI-10003179,Office Supplies,Supplies,"Elite Scissors, High Speed"
FUR-ADV-10004971,Furniture,Furnishings,"Advantus Door Stop, Erganomic"
OFF-EN-10002500,Office Supplies,Envelopes,Globe Weis Peel & Seel First Class Envelopes
FUR-BO-10002510,Furniture,Bookcases,"Safco 3-Shelf Cabinet, Traditional"
OFF-AP-10001587,Office Supplies,Appliances,"Hamilton Beach Coffee Grinder, Silver"
FUR-TA-10000490,Furniture,Tables,"Lesro Training Table, with Bottom Storage"
TEC-CO-10001571,Technology,Copiers,Sharp 1540cs Digital Laser Copier
FUR-BO-10000699,Furniture,Bookcases,"Sauder 3-Shelf Cabinet, Traditional"
TEC-MA-10002029,Technology,Machines,"StarTech Receipt Printer, Durable"
OFF-PA-10001204,Office Supplies,Paper,Xerox 1972
FUR-TA-10004154,Furniture,Tables,"Lesro Round Table, Adjustable Height"
FUR-CH-10002053,Furniture,Chairs,"Novimex Chairmat, Set of Two"
OFF-PA-10003550,Office Supplies,Paper,"Eaton Cards & Envelopes, Recycled"
TEC-SAN-10004999,Technology,Accessories,"SanDisk Flash Drive, Programmable"
OFF-BI-10001312,Office Supplies,Binders,"Cardinal 3-Hole Punch, Clear"
OFF-EN-10003072,Office Supplies,Envelopes,Peel & Seel Envelopes
TEC-MA-10002729,Technology,Machines,"StarTech Receipt Printer, Red"
FUR-FU-10003622,Furniture,Furnishings,"Tenex Light Bulb, Erganomic"
OFF-ST-10003286,Office Supplies,Storage,"Rogers Lockers, Wire Frame"
FUR-TA-10003715,Furniture,Tables,Hon 2111 Invitation Series Corner Table
FUR-CH-10001802,Furniture,Chairs,"Novimex Rocking Chair, Black"
OFF-BI-10002627,Office Supplies,Binders,"Avery Binder Covers, Economy"
OFF-AP-10000252,Office Supplies,Appliances,Harmony HEPA Quiet Air Purifiers
OFF-PA-10002771,Office Supplies,Paper,"Xerox Computer Printout Paper, Premium"
OFF-BI-10002049,Office Supplies,Binders,UniKeep View Case Binders
OFF-EN-10003999,Office Supplies,Envelopes,"Cameo Peel and Seal, with clear poly window"
TEC-MA-10002264,Technology,Machines,"Panasonic Printer, Durable"
OFF-ST-10002399,Office Supplies,Storage,"Tenex Folders, Single Width"
TEC-CO-10002504,Technology,Copiers,"Brother Copy Machine, Laser"
OFF-AR-10000124,Office Supplies,Art,"Binney & Smith Highlighters, Fluorescent"
FUR-TA-10000971,Furniture,Tables,"Bevis Training Table, Rectangular"
OFF-CUI-10002413,Office Supplies,Appliances,"Cuisinart Coffee Grinder, Black"
OFF-PA-10003657,Office Supplies,Paper,Xerox 1927
TEC-MA-10001148,Technology,Machines,Swingline SM12-08 MicroCut Jam Free Shredder
TEC-NOK-10002555,Technology,Phones,"Nokia Audio Dock, VoIP"
OFF-ACM-10004895,Office Supplies,Supplies,"Acme Scissors, Easy Grip"
FUR-CH-10003817,Furniture,Chairs,"Global Value Steno Chair, Gray"
TEC-SAM-10004785,Technology,Phones,"Samsung Smart Phone, with Caller ID"
TEC-PH-10000730,Technology,Phones,"Samsung Office Telephone, VoIP"
FUR-SAF-10003469,Furniture,Bookcases,"Safco Classic Bookcase, Traditional"
OFF-FA-10001651,Office Supplies,Fasteners,"Stockwell Thumb Tacks, Bulk Pack"
OFF-BI-10004233,Office Supplies,Binders,"GBC Pre-Punched Binding Paper, Plastic, White, 8-1/2"" x 11"""
TEC-SHA-10004083,Technology,Copiers,"Sharp Fax and Copier, Laser"
OFF-SU-10002379,Office Supplies,Supplies,"Fiskars Letter Opener, High Speed"
OFF-AR-10003085,Office Supplies,Art,"Stanley Markers, Easy-Erase"
TEC-MA-10003796,Technology,Machines,"Konica Calculator, Durable"
FUR-FU-10000069,Furniture,Furnishings,"Tenex Door Stop, Durable"
OFF-AR-10001654,Office Supplies,Art,"Stanley Highlighters, Fluorescent"
OFF-EAT-10003702,Office Supplies,Paper,"Eaton Note Cards, Premium"
OFF-BI-10002309,Office Supplies,Binders,Avery Heavy-Duty EZD  Binder With Locking Rings
TEC-PH-10004509,Technology,Phones,"Nokia Audio Dock, Cordless"
OFF-EN-10004956,Office Supplies,Envelopes,"Kraft Manila Envelope, with clear poly window"
FUR-CH-10001975,Furniture,Chairs,"Hon Swivel Stool, Red"
OFF-LA-10004280,Office Supplies,Labels,"Harbour Creations Legal Exhibit Labels, Alphabetical"
OFF-FA-10001026,Office Supplies,Fasteners,"Stockwell Staples, Metal"
FUR-BO-10001585,Furniture,Bookcases,"Ikea Floating Shelf Set, Traditional"
FUR-CH-10002417,Furniture,Chairs,"Hon Rocking Chair, Red"
OFF-LA-10001831,Office Supplies,Labels,"Harbour Creations Shipping Labels, Adjustable"
FUR-BO-10002981,Furniture,Bookcases,"Sauder Stackable Bookrack, Traditional"
OFF-ACC-10001703,Office Supplies,Binders,"Acco Binder, Recycled"
OFF-AP-10002495,Office Supplies,Appliances,"Acco Smartsocket Table Surge Protector, 6 Color-Coded Adapter Outlets"
TEC-CO-10003541,Technology,Copiers,"HP Copy Machine, Color"
OFF-LA-10004559,Office Supplies,Labels,Avery 49
OFF-AP-10002998,Office Supplies,Appliances,"KitchenAid Microwave, Red"
TEC-PH-10002033,Technology,Phones,Konftel 250 Conference phone - Charcoal black
FUR-BUS-10004854,Furniture,Bookcases,"Bush Floating Shelf Set, Pine"
TEC-MA-10000366,Technology,Machines,"Epson Card Printer, Red"
OFF-LA-10001170,Office Supplies,Labels,"Harbour Creations Color Coded Labels, 5000 Label Set"
OFF-ST-10001026,Office Supplies,Storage,"Fellowes Trays, Single Width"
OFF-ST-10000505,Office Supplies,Storage,"Fellowes File Cart, Blue"
FUR-FU-10001541,Furniture,Furnishings,"Tenex Photo Frame, Black"
OFF-LA-10000495,Office Supplies,Labels,"Hon Round Labels, Laser Printer Compatible"
OFF-EN-10003352,Office Supplies,Envelopes,"Kraft Manila Envelope, with clear poly window"
FUR-NOV-10003257,Furniture,Chairs,"Novimex Chairmat, Adjustable"
OFF-PA-10003878,Office Supplies,Paper,"Enermax Cards & Envelopes, Premium"
OFF-EN-10002008,Office Supplies,Envelopes,"Cameo Mailers, Recycled"
OFF-FA-10002358,Office Supplies,Fasteners,"Accos Push Pins, 12 Pack"
TEC-CO-10003262,Technology,Copiers,"HP Wireless Fax, Laser"
FUR-FU-10002253,Furniture,Furnishings,"Howard Miller 13"" Diameter Pewter Finish Round Wall Clock"
OFF-LA-10002364,Office Supplies,Labels,"Smead Shipping Labels, Alphabetical"
FUR-CH-10003841,Furniture,Chairs,"Harbour Creations Swivel Stool, Black"
OFF-AP-10002364,Office Supplies,Appliances,"KitchenAid Toaster, Black"
OFF-KLE-10001317,Office Supplies,Supplies,"Kleencut Ruler, Easy Grip"
OFF-LA-10000685,Office Supplies,Labels,"Avery Shipping Labels, Laser Printer Compatible"
FUR-TA-10003405,Furniture,Tables,"Lesro Computer Table, Adjustable Height"
OFF-EN-10002757,Office Supplies,Envelopes,"Ames Interoffice Envelope, Security-Tint"
OFF-ACM-10003715,Office Supplies,Supplies,"Acme Shears, Serrated"
TEC-AC-10003951,Technology,Accessories,"Belkin Mouse, Bluetooth"
TEC-CO-10001937,Technology,Copiers,"Brother Fax and Copier, High-Speed"
TEC-LOG-10001482,Technology,Accessories,"Logitech Keyboard, Erganomic"
OFF-HON-10003538,Office Supplies,Labels,"Hon File Folder Labels, 5000 Label Set"
OFF-LA-10003290,Office Supplies,Labels,"Hon Round Labels, Adjustable"
OFF-ELI-10001705,Office Supplies,Supplies,"Elite Trimmer, Steel"
OFF-SU-10003556,Office Supplies,Supplies,"Fiskars Trimmer, Easy Grip"
OFF-TEN-10004270,Office Supplies,Storage,"Tenex File Cart, Single Width"
TEC-PH-10001530,Technology,Phones,Cisco Unified IP Phone 7945G VoIP phone
TEC-PH-10002262,Technology,Phones,LG Electronics Tone+ HBS-730 Bluetooth Headset
TEC-AC-10002857,Technology,Accessories,"Verbatim 25 GB 6x Blu-ray Single Layer Recordable Disc, 1/Pack"
OFF-FA-10002247,Office Supplies,Fasteners,"OIC Paper Clips, Bulk Pack"
OFF-STO-10002803,Office Supplies,Fasteners,"Stockwell Clamps, 12 Pack"
TEC-MA-10000379,Technology,Machines,"Okidata Phone, Wireless"
OFF-EN-10001712,Office Supplies,Envelopes,"Kraft Interoffice Envelope, Set of 50"
OFF-AP-10004711,Office Supplies,Appliances,"Breville Refrigerator, Silver"
OFF-AP-10004937,Office Supplies,Appliances,"Hoover Microwave, White"
OFF-EN-10003885,Office Supplies,Envelopes,"Ames Interoffice Envelope, Set of 50"
FUR-CH-10001282,Furniture,Chairs,"Hon Bag Chairs, Adjustable"
OFF-SU-10003505,Office Supplies,Supplies,Premier Electric Letter Opener
OFF-EN-10004547,Office Supplies,Envelopes,"Ames Business Envelopes, Security-Tint"
OFF-PA-10000061,Office Supplies,Paper,Xerox 205
OFF-AP-10003621,Office Supplies,Appliances,"KitchenAid Refrigerator, Red"
OFF-SU-10003173,Office Supplies,Supplies,"Acme Ruler, Serrated"
TEC-PH-10004522,Technology,Phones,Dexim XPower Skin Super-Thin Power Case for iPhone 5 - Black
OFF-PA-10001283,Office Supplies,Paper,"Green Bar Parchment Paper, Premium"
OFF-LA-10002272,Office Supplies,Labels,"Smead File Folder Labels, Alphabetical"
OFF-FA-10002815,Office Supplies,Fasteners,Staples
OFF-PA-10004082,Office Supplies,Paper,"Adams Telephone Message Book w/Frequently-Called Numbers Space, 400 Messages per Book"
OFF-AP-10001931,Office Supplies,Appliances,"Hoover Blender, Black"
TEC-MA-10000964,Technology,Machines,"Okidata Calculator, Red"
TEC-MA-10004975,Technology,Machines,"Konica Calculator, White"
OFF-SU-10002337,Office Supplies,Supplies,"Elite Trimmer, High Speed"
TEC-MA-10001752,Technology,Machines,"Konica Printer, Durable"
FUR-BUS-10004622,Furniture,Bookcases,"Bush Corner Shelving, Pine"
OFF-BRE-10003295,Office Supplies,Appliances,"Breville Microwave, Red"
TEC-CO-10003307,Technology,Copiers,"Hewlett Fax and Copier, Digital"
OFF-BIC-10002403,Office Supplies,Art,"BIC Sketch Pad, Easy-Erase"
OFF-FA-10004186,Office Supplies,Fasteners,"Advantus Thumb Tacks, Bulk Pack"
OFF-BI-10000042,Office Supplies,Binders,"Pressboard Data Binder, Crimson, 12"" X 8 1/2"""
FUR-FU-10002298,Furniture,Furnishings,"Rubbermaid ClusterMat Chairmats, Mat Size- 66"" x 60"", Lip 20"" x 11"" -90 Degree Angle"
OFF-AP-10004140,Office Supplies,Appliances,"Breville Stove, Silver"
FUR-FU-10000907,Furniture,Furnishings,"Eldon Clock, Duo Pack"
TEC-MA-10004584,Technology,Machines,"Epson Calculator, Wireless"
OFF-PA-10002930,Office Supplies,Paper,"SanDisk Cards & Envelopes, Premium"
FUR-CH-10004309,Furniture,Chairs,"SAFCO Steel Folding Chair, Adjustable"
TEC-APP-10003032,Technology,Phones,"Apple Audio Dock, Cordless"
OFF-BRE-10003081,Office Supplies,Appliances,"Breville Coffee Grinder, Black"
TEC-PH-10000810,Technology,Phones,"Nokia Headset, VoIP"
OFF-EAT-10002674,Office Supplies,Paper,"Eaton Memo Slips, Multicolor"
OFF-PA-10000108,Office Supplies,Paper,"Green Bar Parchment Paper, 8.5 x 11"
TEC-CO-10001703,Technology,Copiers,"Brother Copy Machine, Laser"
TEC-MA-10003441,Technology,Machines,"Okidata Inkjet, Wireless"
TEC-MA-10003404,Technology,Machines,"Konica Card Printer, Durable"
TEC-MA-10003682,Technology,Machines,"Panasonic Phone, White"
TEC-LOG-10002218,Technology,Accessories,"Logitech Numeric Keypad, USB"
OFF-AR-10000657,Office Supplies,Art,"Binney & Smith inkTank Desk Highlighter, Chisel Tip, Yellow, 12/Box"
OFF-AP-10004136,Office Supplies,Appliances,Kensington 6 Outlet SmartSocket Surge Protector
OFF-KIT-10001040,Office Supplies,Appliances,"KitchenAid Coffee Grinder, Black"
TEC-MA-10004929,Technology,Machines,"Panasonic Printer, White"
TEC-PH-10004297,Technology,Phones,"Motorola Speaker Phone, Full Size"
OFF-AR-10000465,Office Supplies,Art,"Sanford Markers, Blue"
FUR-CH-10004089,Furniture,Chairs,"Harbour Creations Bag Chairs, Set of Two"
OFF-BI-10003705,Office Supplies,Binders,"Wilson Jones Binding Machine, Recycled"
OFF-AR-10000751,Office Supplies,Art,"Boston Highlighters, Fluorescent"
OFF-ST-10001526,Office Supplies,Storage,Iceberg Mobile Mega Data/Printer Cart
OFF-EN-10002122,Office Supplies,Envelopes,"Jiffy Mailers, with clear poly window"
OFF-PA-10001497,Office Supplies,Paper,"Xerox Note Cards, 8.5 x 11"
OFF-PA-10003739,Office Supplies,Paper,Xerox 1969
OFF-AR-10004559,Office Supplies,Art,"Stanley Pencil Sharpener, Easy-Erase"
FUR-CH-10000025,Furniture,Chairs,"Office Star Rocking Chair, Set of Two"
OFF-ST-10004857,Office Supplies,Storage,"Smead Folders, Single Width"
OFF-BI-10002026,Office Supplies,Binders,Ibico Recycled Linen-Style Covers
OFF-ST-10004296,Office Supplies,Storage,"Smead Folders, Industrial"
OFF-AR-10003532,Office Supplies,Art,"BIC Pencil Sharpener, Easy-Erase"
TEC-PH-10002641,Technology,Phones,"Motorola Office Telephone, Full Size"
FUR-BO-10000636,Furniture,Bookcases,"Dania Floating Shelf Set, Metal"
OFF-HAM-10000312,Office Supplies,Appliances,"Hamilton Beach Refrigerator, Red"
OFF-FA-10004687,Office Supplies,Fasteners,"Advantus Thumb Tacks, Bulk Pack"
OFF-JIF-10002184,Office Supplies,Envelopes,"Jiffy Business Envelopes, Recycled"
FUR-FU-10001194,Furniture,Furnishings,"Rubbermaid Light Bulb, Duo Pack"
OFF-CUI-10003993,Office Supplies,Appliances,"Cuisinart Microwave, Red"
TEC-NOK-10001319,Technology,Phones,"Nokia Headset, Full Size"
FUR-CH-10001914,Furniture,Chairs,"Harbour Creations Bag Chairs, Black"
OFF-BI-10002799,Office Supplies,Binders,"Acco Binder Covers, Recycled"
OFF-PA-10001818,Office Supplies,Paper,"Green Bar Note Cards, Multicolor"
OFF-ST-10002763,Office Supplies,Storage,"Fellowes Lockers, Wire Frame"
OFF-FA-10004587,Office Supplies,Fasteners,"Advantus Rubber Bands, 12 Pack"
OFF-CUI-10004428,Office Supplies,Appliances,"Cuisinart Coffee Grinder, White"
OFF-AR-10002605,Office Supplies,Art,"Sanford Sketch Pad, Fluorescent"
OFF-AP-10000275,Office Supplies,Appliances,"Sanyo Counter Height Refrigerator with Crisper, 3.6 Cubic Foot, Stainless Steel/Black"
OFF-LA-10000322,Office Supplies,Labels,"Smead Round Labels, Laser Printer Compatible"
OFF-PA-10004990,Office Supplies,Paper,"Xerox Note Cards, Recycled"
OFF-ST-10000355,Office Supplies,Storage,"Eldon Box, Wire Frame"
FUR-FU-10002838,Furniture,Furnishings,"Advantus Frame, Black"
TEC-PH-10003560,Technology,Phones,"Cisco Audio Dock, Cordless"
OFF-EN-10003422,Office Supplies,Envelopes,"Kraft Peel and Seal, Recycled"
OFF-FA-10004839,Office Supplies,Fasteners,"Accos Clamps, Metal"
OFF-BI-10000928,Office Supplies,Binders,"Ibico Binder, Clear"
TEC-AC-10002110,Technology,Accessories,"Memorex Mouse, Programmable"
FUR-FU-10001078,Furniture,Furnishings,"Advantus Clock, Durable"
TEC-MA-10000742,Technology,Machines,"Konica Inkjet, White"
FUR-FU-10004671,Furniture,Furnishings,"Executive Impressions 12"" Wall Clock"
OFF-AR-10004219,Office Supplies,Art,"Sanford Pencil Sharpener, Easy-Erase"
FUR-FU-10003691,Furniture,Furnishings,"Eldon Image Series Desk Accessories, Ebony"
FUR-FU-10000556,Furniture,Furnishings,"Tenex Light Bulb, Durable"
TEC-PH-10000439,Technology,Phones,GE DSL Phone Line Filter
TEC-CO-10002381,Technology,Copiers,"Brother Personal Copier, High-Speed"
TEC-PH-10002680,Technology,Phones,Samsung Galaxy Note 3
TEC-MEM-10000919,Technology,Accessories,"Memorex Keyboard, USB"
FUR-CH-10002017,Furniture,Chairs,SAFCO Optional Arm Kit for Workspace Cribbage Stacking Chair
OFF-PA-10003625,Office Supplies,Paper,Xerox 1979
OFF-AP-10001956,Office Supplies,Appliances,"Breville Refrigerator, Black"
TEC-MA-10001627,Technology,Machines,"Konica Printer, White"
TEC-MEM-10002202,Technology,Accessories,"Memorex Router, USB"
TEC-MA-10003183,Technology,Machines,DYMO CardScan Personal V9 Business Card Scanner
FUR-CH-10000996,Furniture,Chairs,"Harbour Creations Steel Folding Chair, Black"
FUR-SAF-10000085,Furniture,Bookcases,"Safco Library with Doors, Pine"
TEC-MA-10001080,Technology,Machines,"Epson Phone, Red"
TEC-CO-10004831,Technology,Copiers,"Brother Copy Machine, High-Speed"
OFF-PA-10002764,Office Supplies,Paper,Staples
OFF-ACC-10003925,Office Supplies,Fasteners,"Accos Staples, Bulk Pack"
OFF-FA-10003464,Office Supplies,Fasteners,"Stockwell Rubber Bands, 12 Pack"
TEC-AC-10004068,Technology,Accessories,"Memorex Memory Card, USB"
OFF-ST-10002756,Office Supplies,Storage,"Tennsco Stur-D-Stor Boltless Shelving, 5 Shelves, 24"" Deep, Sand"
TEC-AC-10003947,Technology,Accessories,"SanDisk Keyboard, Bluetooth"
OFF-SU-10002402,Office Supplies,Supplies,"Stiletto Box Cutter, Steel"
OFF-AP-10002439,Office Supplies,Appliances,"Cuisinart Blender, Silver"
FUR-FU-10002191,Furniture,Furnishings,G.E. Halogen Desk Lamp Bulbs
OFF-ST-10004342,Office Supplies,Storage,"Eldon Box, Industrial"
FUR-CH-10002297,Furniture,Chairs,"Novimex Bag Chairs, Set of Two"
OFF-EN-10000532,Office Supplies,Envelopes,"Cameo Clasp Envelope, Set of 50"
OFF-PA-10002258,Office Supplies,Paper,"Green Bar Message Books, 8.5 x 11"
FUR-BO-10000378,Furniture,Bookcases,"Bush Floating Shelf Set, Pine"
TEC-AC-10001951,Technology,Accessories,"Enermax Memory Card, Erganomic"
OFF-FA-10004799,Office Supplies,Fasteners,"Advantus Thumb Tacks, Bulk Pack"
TEC-AC-10003571,Technology,Accessories,"Memorex Numeric Keypad, Bluetooth"
OFF-LA-10000732,Office Supplies,Labels,"Novimex Round Labels, 5000 Label Set"
TEC-MA-10002538,Technology,Machines,"Okidata Phone, Wireless"
OFF-BI-10003400,Office Supplies,Binders,"Cardinal Binder Covers, Economy"
TEC-PH-10001363,Technology,Phones,Apple iPhone 5S
OFF-EN-10001728,Office Supplies,Envelopes,"Jiffy Interoffice Envelope, Recycled"
OFF-BI-10002684,Office Supplies,Binders,"Avery Hole Reinforcements, Clear"
OFF-AR-10003405,Office Supplies,Art,"Dixon My First Ticonderoga Pencil, #2"
OFF-PA-10003309,Office Supplies,Paper,Xerox 211
TEC-CO-10003568,Technology,Copiers,"HP Copy Machine, Color"
FUR-TA-10003079,Furniture,Tables,"Hon Training Table, Rectangular"
OFF-AR-10002022,Office Supplies,Art,"Stanley Sketch Pad, Water Color"
OFF-SAN-10004426,Office Supplies,Paper,"SanDisk Note Cards, Premium"
OFF-LA-10003388,Office Supplies,Labels,Avery 5
TEC-MA-10004023,Technology,Machines,"Konica Phone, Wireless"
OFF-FEL-10001541,Office Supplies,Storage,"Fellowes Lockers, Wire Frame"
OFF-LA-10000436,Office Supplies,Labels,"Novimex File Folder Labels, 5000 Label Set"
TEC-BEL-10003896,Technology,Accessories,"Belkin Mouse, Erganomic"
OFF-LA-10004594,Office Supplies,Labels,"Avery Color Coded Labels, Adjustable"
OFF-ENE-10002470,Office Supplies,Paper,"Enermax Cards & Envelopes, 8.5 x 11"
OFF-EN-10003508,Office Supplies,Envelopes,"GlobeWeis Peel and Seal, with clear poly window"
TEC-CO-10001775,Technology,Copiers,"Sharp Wireless Fax, Laser"
TEC-ENE-10005000,Technology,Accessories,"Enermax Memory Card, Bluetooth"
FUR-FU-10000747,Furniture,Furnishings,Tenex B1-RE Series Chair Mats for Low Pile Carpets
FUR-BO-10000022,Furniture,Bookcases,"Dania Floating Shelf Set, Traditional"
OFF-SU-10001698,Office Supplies,Supplies,"Stiletto Box Cutter, Steel"
TEC-PH-10002483,Technology,Phones,"Motorola Office Telephone, with Caller ID"
TEC-MEM-10002280,Technology,Accessories,"Memorex Flash Drive, Erganomic"
FUR-TA-10003323,Furniture,Tables,"Bevis Round Table, Adjustable Height"
OFF-ST-10000542,Office Supplies,Storage,"Fellowes Folders, Industrial"
TEC-KON-10002034,Technology,Machines,"Konica Receipt Printer, Wireless"
FUR-BO-10004806,Furniture,Bookcases,"Sauder Classic Bookcase, Metal"
TEC-PH-10000599,Technology,Phones,"Samsung Audio Dock, Cordless"
OFF-AVE-10000909,Office Supplies,Labels,"Avery Shipping Labels, Laser Printer Compatible"
OFF-FA-10002780,Office Supplies,Fasteners,Staples
OFF-PA-10001351,Office Supplies,Paper,"Enermax Message Books, Multicolor"
FUR-TEN-10002448,Furniture,Furnishings,"Tenex Stacking Tray, Erganomic"
OFF-PA-10003349,Office Supplies,Paper,Xerox 1957
OFF-BI-10000962,Office Supplies,Binders,"Acco Flexible ACCOHIDE Square Ring Data Binder, Dark Blue, 11 1/2"" X 14"" 7/8"""
FUR-CH-10001634,Furniture,Chairs,"Novimex Rocking Chair, Adjustable"
OFF-CAM-10004790,Office Supplies,Envelopes,"Cameo Peel and Seal, Set of 50"
OFF-SU-10004048,Office Supplies,Supplies,"Kleencut Shears, High Speed"
OFF-PA-10000466,Office Supplies,Paper,"Memo Book, 100 Message Capacity, 5 3/8” x 11”"
OFF-BIC-10001458,Office Supplies,Art,"BIC Highlighters, Fluorescent"
TEC-PH-10001425,Technology,Phones,Mophie Juice Pack Helium for iPhone
OFF-LA-10003503,Office Supplies,Labels,"Smead Legal Exhibit Labels, Adjustable"
TEC-AC-10001013,Technology,Accessories,Logitech ClearChat Comfort/USB Headset H390
TEC-NOK-10000002,Technology,Phones,"Nokia Headset, with Caller ID"
TEC-CO-10001766,Technology,Copiers,"Canon Fax Machine, Digital"
FUR-SAF-10000351,Furniture,Chairs,"SAFCO Chairmat, Black"
OFF-EN-10004186,Office Supplies,Envelopes,"Kraft Interoffice Envelope, with clear poly window"
FUR-OFF-10004824,Furniture,Chairs,"Office Star Swivel Stool, Set of Two"
OFF-BI-10002194,Office Supplies,Binders,Cardinal Hold-It CD Pocket
TEC-PH-10001354,Technology,Phones,"Motorola Speaker Phone, Full Size"
OFF-ST-10000299,Office Supplies,Storage,"Tenex Trays, Single Width"
OFF-WIL-10002593,Office Supplies,Binders,"Wilson Jones Hole Reinforcements, Durable"
OFF-LA-10003132,Office Supplies,Labels,"Smead Round Labels, Laser Printer Compatible"
OFF-AR-10003504,Office Supplies,Art,Newell 347
FUR-TA-10003003,Furniture,Tables,"Lesro Wood Table, Rectangular"
OFF-PA-10003499,Office Supplies,Paper,"Xerox Parchment Paper, 8.5 x 11"
OFF-WIL-10002153,Office Supplies,Binders,"Wilson Jones 3-Hole Punch, Clear"
FUR-BO-10000668,Furniture,Bookcases,"Ikea Corner Shelving, Traditional"
OFF-AR-10002975,Office Supplies,Art,"Stanley Sketch Pad, Fluorescent"
FUR-CH-10003894,Furniture,Chairs,"Harbour Creations Steel Folding Chair, Adjustable"
TEC-CO-10003158,Technology,Copiers,"Sharp Wireless Fax, Laser"
OFF-KRA-10004192,Office Supplies,Envelopes,"Kraft Manila Envelope, Set of 50"
OFF-FEL-10002158,Office Supplies,Storage,"Fellowes Folders, Blue"
TEC-CO-10000013,Technology,Copiers,"Brother Fax Machine, Laser"
FUR-CH-10001394,Furniture,Chairs,Global Leather Executive Chair
TEC-ENE-10001466,Technology,Accessories,"Enermax Memory Card, Erganomic"
OFF-FA-10004997,Office Supplies,Fasteners,"Accos Paper Clips, Bulk Pack"
OFF-AR-10003217,Office Supplies,Art,Newell 316
OFF-AP-10004532,Office Supplies,Appliances,Kensington 6 Outlet Guardian Standard Surge Protector
FUR-TA-10001744,Furniture,Tables,"Lesro Coffee Table, Adjustable Height"
TEC-MA-10001622,Technology,Machines,"Okidata Card Printer, Red"
OFF-AP-10001815,Office Supplies,Appliances,"Hoover Refrigerator, Black"
TEC-CO-10001567,Technology,Copiers,"Brother Copy Machine, Laser"
OFF-LA-10002635,Office Supplies,Labels,"Avery Round Labels, 5000 Label Set"
OFF-AP-10002306,Office Supplies,Appliances,"KitchenAid Refrigerator, Silver"
OFF-LA-10002974,Office Supplies,Labels,"Avery File Folder Labels, Laser Printer Compatible"
OFF-FIS-10002784,Office Supplies,Supplies,"Fiskars Box Cutter, High Speed"
OFF-SU-10003160,Office Supplies,Supplies,"Acme Ruler, High Speed"
OFF-EAT-10001025,Office Supplies,Paper,"Eaton Note Cards, Multicolor"
FUR-CH-10000677,Furniture,Chairs,"Hon Steel Folding Chair, Red"
FUR-CHR-10003806,Furniture,Tables,"Chromcraft Conference Table, with Bottom Storage"
TEC-PH-10004327,Technology,Phones,"Motorola Smart Phone, Full Size"
TEC-PH-10001575,Technology,Phones,"Samsung Office Telephone, VoIP"
OFF-EN-10001491,Office Supplies,Envelopes,"Jiffy Interoffice Envelope, Set of 50"
OFF-LA-10002107,Office Supplies,Labels,"Novimex Legal Exhibit Labels, 5000 Label Set"
OFF-AP-10004466,Office Supplies,Appliances,"Cuisinart Toaster, Black"
OFF-FA-10001476,Office Supplies,Fasteners,"OIC Paper Clips, Assorted Sizes"
OFF-AR-10003251,Office Supplies,Art,Prang Drawing Pencil Set
OFF-LA-10000425,Office Supplies,Labels,"Smead Legal Exhibit Labels, Alphabetical"
FUR-BO-10001835,Furniture,Bookcases,"Safco Library with Doors, Traditional"
TEC-AC-10001564,Technology,Accessories,"Logitech Numeric Keypad, Erganomic"
OFF-SU-10004705,Office Supplies,Supplies,"Fiskars Ruler, Serrated"
OFF-WIL-10000390,Office Supplies,Binders,"Wilson Jones Binder, Durable"
OFF-CUI-10003670,Office Supplies,Appliances,"Cuisinart Toaster, White"
TEC-CO-10004377,Technology,Copiers,"Brother Fax Machine, High-Speed"
FUR-FU-10004483,Furniture,Furnishings,"Deflect-O Light Bulb, Durable"
OFF-AR-10001468,Office Supplies,Art,"Sanford Prismacolor Professional Thick Lead Art Pencils, 36-Color Set"
OFF-AR-10002382,Office Supplies,Art,"Binney & Smith Pencil Sharpener, Water Color"
FUR-BO-10001876,Furniture,Bookcases,"Safco Corner Shelving, Pine"
OFF-NOV-10002610,Office Supplies,Labels,"Novimex File Folder Labels, Alphabetical"
OFF-FA-10002025,Office Supplies,Fasteners,"Stockwell Clamps, Bulk Pack"
OFF-AR-10001991,Office Supplies,Art,"Stanley Markers, Easy-Erase"
OFF-AVE-10004828,Office Supplies,Labels,"Avery Removable Labels, Laser Printer Compatible"
FUR-CH-10002693,Furniture,Chairs,"Harbour Creations Swivel Stool, Set of Two"
FUR-BO-10003199,Furniture,Bookcases,"Bush Classic Bookcase, Mobile"
FUR-FU-10003489,Furniture,Furnishings,Contemporary Borderless Frame
OFF-BI-10003094,Office Supplies,Binders,Self-Adhesive Ring Binder Labels
OFF-STA-10002791,Office Supplies,Art,"Stanley Sketch Pad, Water Color"
OFF-EN-10004491,Office Supplies,Envelopes,"Cameo Manila Envelope, Recycled"
TEC-BEL-10001971,Technology,Accessories,"Belkin Flash Drive, USB"
OFF-BI-10001718,Office Supplies,Binders,GBC DocuBind P50 Personal Binding Machine
TEC-AC-10000332,Technology,Accessories,"Logitech Keyboard, USB"
OFF-EN-10000673,Office Supplies,Envelopes,"Cameo Business Envelopes, Recycled"
FUR-HON-10001015,Furniture,Tables,"Hon Training Table, Rectangular"
OFF-PA-10003899,Office Supplies,Paper,"SanDisk Memo Slips, Premium"
OFF-AR-10003816,Office Supplies,Art,"Binney & Smith Highlighters, Easy-Erase"
OFF-XER-10003203,Office Supplies,Paper,"Xerox Computer Printout Paper, Recycled"
OFF-EN-10003858,Office Supplies,Envelopes,"Jiffy Manila Envelope, Recycled"
OFF-BI-10000871,Office Supplies,Binders,"Wilson Jones Binder Covers, Recycled"
OFF-AR-10000452,Office Supplies,Art,"Boston Pencil Sharpener, Fluorescent"
TEC-PH-10001884,Technology,Phones,"Nokia Office Telephone, Full Size"
FUR-BO-10004357,Furniture,Bookcases,O'Sullivan Living Dimensions 3-Shelf Bookcases
OFF-FA-10000439,Office Supplies,Fasteners,"Stockwell Thumb Tacks, Assorted Sizes"
OFF-BI-10004182,Office Supplies,Binders,Economy Binders
FUR-TA-10001276,Furniture,Tables,"Lesro Coffee Table, with Bottom Storage"
TEC-MA-10001127,Technology,Machines,"HP Designjet T520 Inkjet Large Format Printer - 24"" Color"
OFF-LA-10003795,Office Supplies,Labels,"Smead Round Labels, Alphabetical"
TEC-PH-10001076,Technology,Phones,"Nokia Smart Phone, Cordless"
OFF-EN-10000271,Office Supplies,Envelopes,"Kraft Peel and Seal, with clear poly window"
OFF-BI-10001116,Office Supplies,Binders,"Wilson Jones 1"" Hanging DublLock Ring Binders"
OFF-BI-10002414,Office Supplies,Binders,"Ibico Index Tab, Economy"
TEC-MA-10002930,Technology,Machines,Ricoh - Ink Collector Unit for GX3000 Series Printers
TEC-CO-10003102,Technology,Copiers,"Canon Copy Machine, Color"
OFF-PA-10000423,Office Supplies,Paper,"Enermax Computer Printout Paper, Recycled"
OFF-PA-10000565,Office Supplies,Paper,Staples
OFF-EN-10000122,Office Supplies,Envelopes,"Ames Business Envelopes, Recycled"
TEC-AC-10003987,Technology,Accessories,"Logitech Numeric Keypad, Programmable"
OFF-ST-10000344,Office Supplies,Storage,"Neat Ideas Personal Hanging Folder Files, Black"
TEC-MA-10000687,Technology,Machines,"Konica Calculator, Red"
OFF-FA-10002085,Office Supplies,Fasteners,"Stockwell Clamps, Assorted Sizes"
OFF-AP-10000285,Office Supplies,Appliances,"Breville Microwave, Silver"
FUR-IKE-10002719,Furniture,Bookcases,"Ikea Library with Doors, Metal"
OFF-AP-10002244,Office Supplies,Appliances,"Breville Refrigerator, White"
OFF-AR-10001602,Office Supplies,Art,"Sanford Canvas, Water Color"
OFF-PA-10002222,Office Supplies,Paper,"Xerox Color Copier Paper, 11"" x 17"", Ream"
FUR-CH-10004047,Furniture,Chairs,"SAFCO Rocking Chair, Adjustable"
OFF-BI-10004828,Office Supplies,Binders,GBC Poly Designer Binding Covers
TEC-CO-10002583,Technology,Copiers,"Canon Fax and Copier, Color"
OFF-BI-10000698,Office Supplies,Binders,"Wilson Jones Hole Reinforcements, Recycled"
OFF-ST-10001057,Office Supplies,Storage,"Eldon Folders, Wire Frame"
OFF-PA-10003449,Office Supplies,Paper,"Green Bar Computer Printout Paper, Premium"
FUR-ELD-10003179,Furniture,Furnishings,"Eldon Clock, Erganomic"
OFF-GRE-10000320,Office Supplies,Paper,"Green Bar Computer Printout Paper, Premium"
TEC-PH-10003400,Technology,Phones,"Motorola Signal Booster, VoIP"
FUR-BO-10000175,Furniture,Bookcases,"Ikea Stackable Bookrack, Metal"
OFF-BI-10003712,Office Supplies,Binders,"Acco Pressboard Covers with Storage Hooks, 14 7/8"" x 11"", Light Blue"
FUR-BO-10001196,Furniture,Bookcases,"Bush Library with Doors, Pine"
OFF-ST-10002271,Office Supplies,Storage,"Rogers Shelving, Wire Frame"
OFF-FA-10002597,Office Supplies,Fasteners,"OIC Clamps, 12 Pack"
OFF-FA-10001621,Office Supplies,Fasteners,"Accos Rubber Bands, 12 Pack"
OFF-LA-10000114,Office Supplies,Labels,"Novimex Removable Labels, 5000 Label Set"
TEC-CO-10001142,Technology,Copiers,"Brother Ink, Digital"
OFF-LA-10003720,Office Supplies,Labels,Avery 487
TEC-AC-10004591,Technology,Accessories,"Logitech Memory Card, Bluetooth"
FUR-FU-10000815,Furniture,Furnishings,"Eldon Door Stop, Black"
TEC-PH-10003713,Technology,Phones,"Nokia Smart Phone, Cordless"
OFF-EN-10004904,Office Supplies,Envelopes,"Cameo Manila Envelope, Set of 50"
TEC-PH-10004221,Technology,Phones,"Samsung Speaker Phone, Cordless"
TEC-PH-10003481,Technology,Phones,"Apple Office Telephone, Full Size"
OFF-BI-10002794,Office Supplies,Binders,"Avery Trapezoid Ring Binder, 3"" Capacity, Black, 1040 sheets"
FUR-CH-10001871,Furniture,Chairs,"Harbour Creations Steel Folding Chair, Set of Two"
FUR-BO-10002204,Furniture,Bookcases,"Bush Classic Bookcase, Pine"
OFF-EN-10004604,Office Supplies,Envelopes,"Ames Peel and Seal, Set of 50"
OFF-AR-10002454,Office Supplies,Art,"Binney & Smith Canvas, Water Color"
OFF-FA-10000091,Office Supplies,Fasteners,"Stockwell Push Pins, Metal"
OFF-PA-10001937,Office Supplies,Paper,Xerox 21
OFF-AR-10001518,Office Supplies,Art,"Binney & Smith Pencil Sharpener, Water Color"
OFF-BI-10004454,Office Supplies,Binders,"Cardinal Binder Covers, Clear"
OFF-BI-10001304,Office Supplies,Binders,"Cardinal 3-Hole Punch, Recycled"
TEC-KON-10000837,Technology,Machines,"Konica Printer, Durable"
TEC-PAN-10000979,Technology,Machines,"Panasonic Receipt Printer, Wireless"
FUR-TA-10004050,Furniture,Tables,"Lesro Coffee Table, Fully Assembled"
OFF-PA-10004248,Office Supplies,Paper,Xerox 1990
TEC-PH-10003982,Technology,Phones,"Cisco Speaker Phone, VoIP"
OFF-ST-10001370,Office Supplies,Storage,Sensible Storage WireTech Storage Systems
OFF-LA-10002319,Office Supplies,Labels,"Smead Legal Exhibit Labels, Laser Printer Compatible"
OFF-SU-10002342,Office Supplies,Supplies,"Kleencut Scissors, Steel"
OFF-AR-10000027,Office Supplies,Art,"Boston Pencil Sharpener, Easy-Erase"
FUR-HON-10003871,Furniture,Tables,"Hon Conference Table, Fully Assembled"
FUR-FU-10002019,Furniture,Furnishings,"Eldon Light Bulb, Durable"
TEC-AC-10001552,Technology,Accessories,Logitech K350 2.4Ghz Wireless Keyboard
FUR-BUS-10004121,Furniture,Bookcases,"Bush 3-Shelf Cabinet, Mobile"
OFF-PA-10001815,Office Supplies,Paper,Xerox 1885
OFF-AR-10004974,Office Supplies,Art,Newell 342
FUR-FU-10001674,Furniture,Furnishings,"Deflect-O Clock, Duo Pack"
OFF-SME-10004247,Office Supplies,Storage,"Smead Shelving, Single Width"
OFF-SU-10000087,Office Supplies,Supplies,"Stiletto Ruler, High Speed"
TEC-EPS-10002523,Technology,Machines,"Epson Card Printer, White"
FUR-CH-10001658,Furniture,Chairs,"SAFCO Chairmat, Adjustable"
OFF-SU-10002550,Office Supplies,Supplies,"Kleencut Scissors, Steel"
OFF-ST-10003153,Office Supplies,Storage,"Tenex File Cart, Single Width"
OFF-ST-10000917,Office Supplies,Storage,"Fellowes File Cart, Wire Frame"
OFF-BI-10001922,Office Supplies,Binders,Storex Dura Pro Binders
TEC-CO-10004125,Technology,Copiers,"Sharp Ink, Laser"
OFF-ST-10000378,Office Supplies,Storage,"Tenex Box, Wire Frame"
OFF-AP-10004655,Office Supplies,Appliances,"Holmes Visible Mist Ultrasonic Humidifier with 2.3-Gallon Output per Day, Replacement Filter"
OFF-AP-10002998,Office Supplies,Appliances,Holmes 99% HEPA Air Purifier
FUR-BO-10001873,Furniture,Bookcases,"Ikea Floating Shelf Set, Mobile"
OFF-PA-10000062,Office Supplies,Paper,Green Bar Computer Printout Paper
FUR-CH-10003623,Furniture,Chairs,"SAFCO Steel Folding Chair, Black"
TEC-CO-10001166,Technology,Copiers,"HP Personal Copier, Digital"
OFF-PA-10003994,Office Supplies,Paper,"Eaton Note Cards, Premium"
OFF-SU-10004766,Office Supplies,Supplies,"Kleencut Shears, Easy Grip"
OFF-EN-10002491,Office Supplies,Envelopes,"Cameo Peel and Seal, Set of 50"
TEC-MA-10001259,Technology,Machines,"StarTech Inkjet, White"
TEC-PH-10000412,Technology,Phones,"Cisco Office Telephone, Full Size"
OFF-AR-10003554,Office Supplies,Art,"Stanley Canvas, Blue"
OFF-PA-10003036,Office Supplies,Paper,"Black Print Carbonless 8 1/2"" x 8 1/4"" Rapid Memo Book"
OFF-STO-10001671,Office Supplies,Fasteners,"Stockwell Staples, Assorted Sizes"
FUR-TA-10000945,Furniture,Tables,"Bevis Coffee Table, Adjustable Height"
TEC-CO-10003166,Technology,Copiers,"Canon Fax Machine, Color"
TEC-PH-10004833,Technology,Phones,Macally Suction Cup Mount
OFF-EN-10004479,Office Supplies,Envelopes,"Ames Clasp Envelope, Security-Tint"
OFF-PA-10002365,Office Supplies,Paper,Xerox 1967
OFF-PA-10000019,Office Supplies,Paper,Xerox 1931
OFF-AP-10002397,Office Supplies,Appliances,"Breville Microwave, White"
OFF-PA-10003527,Office Supplies,Paper,"Xerox Memo Slips, 8.5 x 11"
OFF-FEL-10001261,Office Supplies,Storage,"Fellowes File Cart, Blue"
OFF-FA-10002715,Office Supplies,Fasteners,"Stockwell Clamps, 12 Pack"
FUR-TA-10000075,Furniture,Tables,"Bevis Coffee Table, Fully Assembled"
TEC-MA-10004059,Technology,Machines,"Epson Inkjet, White"
TEC-AC-10000815,Technology,Accessories,"Enermax Flash Drive, Erganomic"
OFF-HOO-10004910,Office Supplies,Appliances,"Hoover Refrigerator, White"
FUR-CH-10003508,Furniture,Chairs,"Novimex Swivel Stool, Set of Two"
OFF-AR-10002824,Office Supplies,Art,"Sanford Markers, Water Color"
FUR-FU-10003194,Furniture,Furnishings,"Eldon Expressions Desk Accessory, Wood Pencil Holder, Oak"
FUR-BO-10001943,Furniture,Bookcases,"Safco Library with Doors, Traditional"
OFF-HAM-10004917,Office Supplies,Appliances,"Hamilton Beach Stove, Red"
OFF-LA-10002782,Office Supplies,Labels,"Hon File Folder Labels, Adjustable"
OFF-LA-10001413,Office Supplies,Labels,"Hon Shipping Labels, Laser Printer Compatible"
TEC-PH-10003636,Technology,Phones,"Samsung Speaker Phone, Cordless"
OFF-AP-10004512,Office Supplies,Appliances,"Hoover Stove, Red"
OFF-ST-10004141,Office Supplies,Storage,"Rogers Folders, Wire Frame"
FUR-TA-10003152,Furniture,Tables,"Lesro Round Table, Adjustable Height"
FUR-TEN-10003050,Furniture,Furnishings,"Tenex Photo Frame, Black"
OFF-LA-10000897,Office Supplies,Labels,"Avery Round Labels, Laser Printer Compatible"
OFF-CUI-10001965,Office Supplies,Appliances,"Cuisinart Microwave, White"
OFF-AR-10003759,Office Supplies,Art,"Crayola Anti Dust Chalk, 12/Pack"
TEC-AC-10004396,Technology,Accessories,Logitech Keyboard K120
TEC-PH-10001619,Technology,Phones,LG G3
FUR-SAF-10000607,Furniture,Bookcases,"Safco Stackable Bookrack, Mobile"
OFF-ST-10001195,Office Supplies,Storage,"Smead Box, Wire Frame"
OFF-ELI-10000443,Office Supplies,Supplies,"Elite Shears, Steel"
TEC-PH-10003513,Technology,Phones,"Nokia Speaker Phone, VoIP"
OFF-AR-10003752,Office Supplies,Art,Deluxe Chalkboard Eraser Cleaner
TEC-PH-10000688,Technology,Phones,"Nokia Speaker Phone, VoIP"
FUR-BO-10003697,Furniture,Bookcases,"Safco Floating Shelf Set, Mobile"
TEC-AC-10003666,Technology,Accessories,"Memorex Router, Bluetooth"
FUR-RUB-10000958,Furniture,Furnishings,"Rubbermaid Light Bulb, Black"
OFF-SU-10001578,Office Supplies,Supplies,"Stiletto Shears, High Speed"
OFF-PA-10003052,Office Supplies,Paper,"Green Bar Message Books, Recycled"
FUR-CH-10000953,Furniture,Chairs,"Harbour Creations Swivel Stool, Black"
OFF-FA-10003123,Office Supplies,Fasteners,"Stockwell Staples, Bulk Pack"
OFF-SAN-10002839,Office Supplies,Art,"Sanford Canvas, Fluorescent"
OFF-AR-10001338,Office Supplies,Art,"Boston Canvas, Easy-Erase"
TEC-CIS-10002344,Technology,Phones,"Cisco Smart Phone, Full Size"
TEC-PH-10001014,Technology,Phones,"Cisco Speaker Phone, with Caller ID"
OFF-LA-10004753,Office Supplies,Labels,"Novimex Round Labels, Laser Printer Compatible"
FUR-CH-10001675,Furniture,Chairs,"Office Star Steel Folding Chair, Adjustable"
OFF-FA-10004838,Office Supplies,Fasteners,"Super Bands, 12/Pack"
OFF-PA-10004694,Office Supplies,Paper,"Green Bar Cards & Envelopes, 8.5 x 11"
OFF-AP-10002439,Office Supplies,Appliances,Tripp Lite Isotel 8 Ultra 8 Outlet Metal Surge
OFF-SU-10004814,Office Supplies,Supplies,"Fiskars Shears, High Speed"
TEC-PH-10004350,Technology,Phones,"Samsung Headset, Cordless"
FUR-BO-10003078,Furniture,Bookcases,"Safco Corner Shelving, Traditional"
OFF-EN-10000056,Office Supplies,Envelopes,Cameo Buff Policy Envelopes
OFF-PA-10001258,Office Supplies,Paper,"Green Bar Cards & Envelopes, Multicolor"
FUR-FU-10002019,Furniture,Furnishings,"Eldon Photo Frame, Black"
OFF-ST-10002444,Office Supplies,Storage,Recycled Eldon Regeneration Jumbo File
OFF-KRA-10000117,Office Supplies,Envelopes,"Kraft Mailers, Security-Tint"
FUR-BO-10003783,Furniture,Bookcases,"Dania Library with Doors, Pine"
FUR-ELD-10000605,Furniture,Furnishings,"Eldon Stacking Tray, Duo Pack"
OFF-PA-10002418,Office Supplies,Paper,"Green Bar Message Books, Multicolor"
OFF-LA-10001474,Office Supplies,Labels,Avery 477
FUR-FU-10003694,Furniture,Furnishings,"Rubbermaid Clock, Duo Pack"
TEC-CO-10002578,Technology,Copiers,"Canon Copy Machine, Laser"
OFF-BI-10001384,Office Supplies,Binders,"Cardinal Binder, Economy"
OFF-PA-10000556,Office Supplies,Paper,Xerox 208
FUR-TA-10000355,Furniture,Tables,"Bevis Wood Table, with Bottom Storage"
OFF-ST-10004116,Office Supplies,Storage,"Fellowes Shelving, Blue"
FUR-TA-10000695,Furniture,Tables,"Lesro Wood Table, Rectangular"
TEC-CO-10004521,Technology,Copiers,"HP Personal Copier, Laser"
OFF-EN-10002186,Office Supplies,Envelopes,"Kraft Manila Envelope, Set of 50"
FUR-FU-10002412,Furniture,Furnishings,"Tenex Clock, Duo Pack"
TEC-PH-10001578,Technology,Phones,Polycom SoundStation2 EX Conference phone
OFF-AP-10001298,Office Supplies,Appliances,"Breville Stove, Black"
FUR-CH-10004040,Furniture,Chairs,"Office Star Steel Folding Chair, Set of Two"
TEC-CO-10002571,Technology,Copiers,"Hewlett Personal Copier, Digital"
OFF-BI-10002594,Office Supplies,Binders,"Wilson Jones Binding Machine, Durable"
FUR-BO-10003549,Furniture,Bookcases,"Sauder Floating Shelf Set, Metal"
TEC-CO-10003777,Technology,Copiers,"Hewlett Copy Machine, Color"
TEC-AC-10001840,Technology,Accessories,"SanDisk Mouse, Erganomic"
OFF-AR-10000205,Office Supplies,Art,"BIC Canvas, Easy-Erase"
FUR-BO-10003713,Furniture,Bookcases,"Sauder Corner Shelving, Mobile"
OFF-AP-10004183,Office Supplies,Appliances,"Breville Microwave, Red"
OFF-AR-10000431,Office Supplies,Art,"Sanford Pens, Blue"
OFF-AP-10001623,Office Supplies,Appliances,"Hoover Stove, White"
OFF-ST-10003805,Office Supplies,Storage,"24 Capacity Maxi Data Binder Racks, Pearl"
OFF-LA-10004409,Office Supplies,Labels,Avery 492
OFF-ST-10003785,Office Supplies,Storage,"Eldon Lockers, Blue"
OFF-BI-10004428,Office Supplies,Binders,"Cardinal Binder, Clear"
OFF-EN-10002048,Office Supplies,Envelopes,"Ames Manila Envelope, Set of 50"
TEC-CO-10002526,Technology,Copiers,"Sharp Wireless Fax, Digital"
TEC-AC-10001714,Technology,Accessories,Logitech MX Performance Wireless Mouse
OFF-PA-10004261,Office Supplies,Paper,"Green Bar Memo Slips, 8.5 x 11"
OFF-EN-10004386,Office Supplies,Envelopes,"Recycled Interoffice Envelopes with String and Button Closure, 10 x 13"
OFF-BI-10004465,Office Supplies,Binders,Avery Durable Slant Ring Binders
TEC-CO-10000764,Technology,Copiers,"Brother Fax Machine, Color"
OFF-SU-10003515,Office Supplies,Supplies,"Acme Shears, Serrated"
OFF-CAM-10001761,Office Supplies,Envelopes,"Cameo Clasp Envelope, Security-Tint"
OFF-LA-10000414,Office Supplies,Labels,Avery 503
FUR-FU-10001473,Furniture,Furnishings,DAX Wood Document Frame
OFF-BI-10003870,Office Supplies,Binders,"Wilson Jones Binder Covers, Economy"
OFF-FA-10003485,Office Supplies,Fasteners,Staples
OFF-HAR-10001948,Office Supplies,Labels,"Harbour Creations File Folder Labels, Adjustable"
FUR-FU-10001867,Furniture,Furnishings,"Eldon Expressions Punched Metal & Wood Desk Accessories, Pewter & Cherry"
OFF-LA-10002703,Office Supplies,Labels,"Novimex Removable Labels, Adjustable"
OFF-BI-10001967,Office Supplies,Binders,"Acco Binder, Recycled"
OFF-FA-10001551,Office Supplies,Fasteners,"Stockwell Thumb Tacks, 12 Pack"
TEC-BEL-10004162,Technology,Accessories,"Belkin Flash Drive, Erganomic"
TEC-CO-10000917,Technology,Copiers,"Hewlett Copy Machine, Color"
OFF-LA-10002980,Office Supplies,Labels,"Harbour Creations Shipping Labels, Alphabetical"
FUR-BO-10002109,Furniture,Bookcases,"Safco Stackable Bookrack, Pine"
OFF-EN-10001733,Office Supplies,Envelopes,"Cameo Interoffice Envelope, with clear poly window"
OFF-AP-10000263,Office Supplies,Appliances,"KitchenAid Microwave, Silver"
OFF-SU-10002169,Office Supplies,Supplies,"Fiskars Letter Opener, High Speed"
TEC-AC-10004571,Technology,Accessories,Logitech G700s Rechargeable Gaming Mouse
OFF-ST-10001124,Office Supplies,Storage,"Fellowes Trays, Wire Frame"
TEC-AC-10002482,Technology,Accessories,"Logitech Mouse, Erganomic"
TEC-LOG-10001750,Technology,Accessories,"Logitech Mouse, USB"
OFF-PA-10002514,Office Supplies,Paper,"Xerox Memo Slips, Premium"
OFF-BI-10004195,Office Supplies,Binders,"Wilson Jones Binding Machine, Clear"
FUR-FU-10002685,Furniture,Furnishings,"Executive Impressions 13-1/2"" Indoor/Outdoor Wall Clock"
TEC-PH-10002152,Technology,Phones,"Apple Headset, Cordless"
OFF-FA-10000899,Office Supplies,Fasteners,"Stockwell Clamps, 12 Pack"
TEC-PH-10002892,Technology,Phones,"Nokia Speaker Phone, Cordless"
OFF-AR-10003875,Office Supplies,Art,"Stanley Highlighters, Easy-Erase"
OFF-BI-10004099,Office Supplies,Binders,GBC VeloBinder Strips
OFF-ST-10002506,Office Supplies,Storage,"Smead Lockers, Blue"
FUR-IKE-10004815,Furniture,Bookcases,"Ikea Stackable Bookrack, Mobile"
OFF-LA-10004050,Office Supplies,Labels,"Hon Color Coded Labels, Laser Printer Compatible"
FUR-TEN-10000377,Furniture,Furnishings,"Tenex Light Bulb, Duo Pack"
OFF-BI-10000282,Office Supplies,Binders,"Ibico Binder, Durable"
TEC-PH-10001924,Technology,Phones,iHome FM Clock Radio with Lightning Dock
OFF-FA-10004775,Office Supplies,Fasteners,"Accos Staples, 12 Pack"
FUR-BUS-10003055,Furniture,Bookcases,"Bush Stackable Bookrack, Pine"
FUR-FU-10000295,Furniture,Furnishings,"Advantus Light Bulb, Black"
OFF-EN-10000094,Office Supplies,Envelopes,"Jiffy Interoffice Envelope, Security-Tint"
OFF-LA-10003190,Office Supplies,Labels,Avery 474
OFF-AR-10003253,Office Supplies,Art,"Boston Pencil Sharpener, Water Color"
OFF-PA-10003027,Office Supplies,Paper,"Enermax Message Books, Premium"
OFF-ST-10002011,Office Supplies,Storage,Smead Adjustable Mobile File Trolley with Lockable Top
FUR-TA-10000593,Furniture,Tables,"Chromcraft Training Table, Fully Assembled"
TEC-CIS-10000758,Technology,Phones,"Cisco Smart Phone, Full Size"
OFF-SU-10002131,Office Supplies,Supplies,"Elite Scissors, Serrated"
OFF-AP-10001394,Office Supplies,Appliances,Harmony Air Purifier
OFF-SU-10001574,Office Supplies,Supplies,Acme Value Line Scissors
OFF-AR-10003903,Office Supplies,Art,Sanford 52201 APSCO Electric Pencil Sharpener
OFF-PA-10004881,Office Supplies,Paper,"Xerox Computer Printout Paper, Recycled"
TEC-CO-10003048,Technology,Copiers,"Hewlett Wireless Fax, Color"
FUR-FU-10000225,Furniture,Furnishings,"Rubbermaid Photo Frame, Durable"
TEC-CO-10004398,Technology,Copiers,"Brother Copy Machine, Color"
TEC-MA-10003801,Technology,Machines,"StarTech Card Printer, Red"
OFF-ST-10004550,Office Supplies,Storage,"Fellowes Folders, Wire Frame"
OFF-GRE-10002510,Office Supplies,Paper,"Green Bar Computer Printout Paper, Recycled"
TEC-PH-10001530,Technology,Phones,Plantronics Voyager Pro Legend
OFF-BI-10001757,Office Supplies,Binders,Pressboard Hanging Data Binders for Unburst Sheets
OFF-LA-10003283,Office Supplies,Labels,"Harbour Creations Removable Labels, Adjustable"
OFF-AR-10002704,Office Supplies,Art,Boston 1900 Electric Pencil Sharpener
OFF-LA-10004761,Office Supplies,Labels,"Avery File Folder Labels, Adjustable"
OFF-EN-10001136,Office Supplies,Envelopes,"Kraft Interoffice Envelope, Recycled"
TEC-AC-10002883,Technology,Accessories,"Logitech Keyboard, Erganomic"
OFF-SME-10000746,Office Supplies,Storage,"Smead Lockers, Industrial"
TEC-KON-10004774,Technology,Machines,"Konica Inkjet, Durable"
OFF-PA-10002101,Office Supplies,Paper,"Xerox Parchment Paper, Multicolor"
OFF-LA-10003929,Office Supplies,Labels,"Novimex Legal Exhibit Labels, Adjustable"
OFF-BI-10004861,Office Supplies,Binders,"Cardinal Binding Machine, Clear"
TEC-CO-10002523,Technology,Copiers,"Hewlett Personal Copier, Laser"
TEC-PH-10003062,Technology,Phones,"Apple Audio Dock, Full Size"
FUR-FU-10000714,Furniture,Furnishings,"Tenex Light Bulb, Black"
FUR-IKE-10002509,Furniture,Bookcases,"Ikea 3-Shelf Cabinet, Metal"
TEC-CO-10001831,Technology,Copiers,"Sharp Wireless Fax, High-Speed"
OFF-CAM-10000726,Office Supplies,Envelopes,"Cameo Interoffice Envelope, Security-Tint"
TEC-AC-10000152,Technology,Accessories,"Logitech Flash Drive, Erganomic"
OFF-BI-10002128,Office Supplies,Binders,"Acco Binder Covers, Durable"
FUR-FU-10004236,Furniture,Furnishings,"Deflect-O Light Bulb, Black"
OFF-AP-10002283,Office Supplies,Appliances,"Hoover Toaster, Silver"
OFF-LA-10001375,Office Supplies,Labels,"Smead Removable Labels, 5000 Label Set"
OFF-AP-10003577,Office Supplies,Appliances,"Cuisinart Blender, Black"
TEC-MA-10003422,Technology,Machines,"Panasonic Calculator, Red"
OFF-AP-10002793,Office Supplies,Appliances,"KitchenAid Stove, Black"
OFF-BI-10000341,Office Supplies,Binders,"Ibico Binding Machine, Recycled"
FUR-FU-10001480,Furniture,Furnishings,"Advantus Door Stop, Black"
OFF-AR-10000804,Office Supplies,Art,"Binney & Smith Markers, Water Color"
OFF-EN-10000975,Office Supplies,Envelopes,"Ames Manila Envelope, Set of 50"
FUR-CH-10003853,Furniture,Chairs,"Harbour Creations Steel Folding Chair, Red"
OFF-PA-10004022,Office Supplies,Paper,Hammermill Color Copier Paper (28Lb. and 96 Bright)
FUR-FU-10001175,Furniture,Furnishings,"Advantus Door Stop, Durable"
TEC-CIS-10004967,Technology,Phones,"Cisco Office Telephone, Full Size"
OFF-BI-10004584,Office Supplies,Binders,GBC ProClick 150 Presentation Binding System
FUR-TA-10002467,Furniture,Tables,"Lesro Conference Table, Adjustable Height"
OFF-EN-10002490,Office Supplies,Envelopes,"Kraft Peel and Seal, with clear poly window"
TEC-MEM-10004524,Technology,Accessories,"Memorex Memory Card, Programmable"
FUR-CH-10002647,Furniture,Chairs,"Novimex Rocking Chair, Red"
FUR-FU-10000110,Furniture,Furnishings,"Deflect-O Door Stop, Black"
OFF-ROG-10001399,Office Supplies,Storage,"Rogers Shelving, Single Width"
OFF-FA-10000196,Office Supplies,Fasteners,"OIC Paper Clips, Bulk Pack"
FUR-DEF-10001477,Furniture,Furnishings,"Deflect-O Door Stop, Erganomic"
TEC-MA-10002193,Technology,Machines,"Panasonic Card Printer, Red"
OFF-BIC-10001682,Office Supplies,Art,"BIC Pens, Fluorescent"
OFF-ST-10002318,Office Supplies,Storage,"Smead Box, Industrial"
OFF-LA-10001569,Office Supplies,Labels,Avery 499
FUR-FU-10000295,Furniture,Furnishings,"Advantus Light Bulb, Durable"
OFF-ADV-10001124,Office Supplies,Fasteners,"Advantus Clamps, 12 Pack"
OFF-PA-10001826,Office Supplies,Paper,Xerox 207
FUR-CH-10004652,Furniture,Chairs,"Hon Bag Chairs, Black"
OFF-BI-10001119,Office Supplies,Binders,"Wilson Jones Index Tab, Clear"
OFF-ADV-10004228,Office Supplies,Fasteners,"Advantus Push Pins, Assorted Sizes"
OFF-PA-10001838,Office Supplies,Paper,"Adams Telephone Message Book W/Dividers/Space For Phone Numbers, 5 1/4""X8 1/2"", 300/Messages"
FUR-TA-10001950,Furniture,Tables,Balt Solid Wood Round Tables
OFF-AR-10001761,Office Supplies,Art,Avery Hi-Liter Smear-Safe Highlighters
OFF-AR-10003110,Office Supplies,Art,"Sanford Sketch Pad, Water Color"
OFF-LA-10001187,Office Supplies,Labels,"Smead Color Coded Labels, Alphabetical"
OFF-AP-10000407,Office Supplies,Appliances,"KitchenAid Refrigerator, Silver"
OFF-AP-10003558,Office Supplies,Appliances,"Hoover Refrigerator, White"
OFF-AR-10001149,Office Supplies,Art,"Avery Hi-Liter Comfort Grip Fluorescent Highlighter, Yellow Ink"
OFF-BI-10001036,Office Supplies,Binders,Cardinal EasyOpen D-Ring Binders
TEC-MEM-10001732,Technology,Accessories,"Memorex Numeric Keypad, USB"
TEC-AC-10001407,Technology,Accessories,"Belkin Mouse, Erganomic"
TEC-CO-10001445,Technology,Copiers,"Brother Personal Copier, High-Speed"
OFF-KIT-10001899,Office Supplies,Appliances,"KitchenAid Toaster, Black"
OFF-PA-10000029,Office Supplies,Paper,Xerox 224
TEC-CO-10004128,Technology,Copiers,"Brother Fax and Copier, Color"
OFF-PA-10000030,Office Supplies,Paper,"Eaton Parchment Paper, Recycled"
TEC-PH-10001198,Technology,Phones,Avaya 4621SW VoIP phone
FUR-CH-10002882,Furniture,Chairs,"Harbour Creations Bag Chairs, Adjustable"
TEC-PH-10001730,Technology,Phones,"Motorola Signal Booster, Full Size"
TEC-MA-10000002,Technology,Machines,"Epson Card Printer, Durable"
FUR-FU-10003540,Furniture,Furnishings,"Deflect-O Stacking Tray, Erganomic"
OFF-ST-10004802,Office Supplies,Storage,"Rogers File Cart, Industrial"
FUR-CH-10000885,Furniture,Chairs,"Hon Executive Leather Armchair, Adjustable"
TEC-MA-10001831,Technology,Machines,"Konica Card Printer, Durable"
OFF-AP-10003308,Office Supplies,Appliances,"KitchenAid Stove, Black"
OFF-PA-10000036,Office Supplies,Paper,"Green Bar Note Cards, Multicolor"
OFF-BI-10002072,Office Supplies,Binders,Cardinal Slant-D Ring Binders
OFF-LA-10003674,Office Supplies,Labels,"Hon Legal Exhibit Labels, Alphabetical"
FUR-FU-10004597,Furniture,Furnishings,Eldon Cleatmat Chair Mats for Medium Pile Carpets
FUR-CH-10000233,Furniture,Chairs,"SAFCO Chairmat, Red"
OFF-EN-10002066,Office Supplies,Envelopes,"Kraft Interoffice Envelope, with clear poly window"
FUR-DEF-10004555,Furniture,Furnishings,"Deflect-O Frame, Black"
OFF-BI-10001150,Office Supplies,Binders,"Avery Index Tab, Economy"
OFF-PA-10003784,Office Supplies,Paper,"Eaton Note Cards, Premium"
OFF-AP-10001049,Office Supplies,Appliances,"Breville Coffee Grinder, Silver"
OFF-BI-10000777,Office Supplies,Binders,"Ibico Binder Covers, Clear"
TEC-CO-10000228,Technology,Copiers,"Hewlett Personal Copier, Laser"
OFF-ST-10001255,Office Supplies,Storage,"Fellowes Trays, Single Width"
OFF-FA-10001563,Office Supplies,Fasteners,"Stockwell Staples, Bulk Pack"
OFF-SAN-10002639,Office Supplies,Art,"Sanford Markers, Easy-Erase"
FUR-BO-10001461,Furniture,Bookcases,"Safco Floating Shelf Set, Traditional"
FUR-TA-10000617,Furniture,Tables,"Hon Practical Foundations 30 x 60 Training Table, Light Gray/Charcoal"
TEC-PH-10000419,Technology,Phones,"Apple Smart Phone, Full Size"
OFF-ST-10004963,Office Supplies,Storage,Eldon Gobal File Keepers
OFF-BI-10001636,Office Supplies,Binders,Ibico Plastic and Wire Spiral Binding Combs
OFF-PA-10002319,Office Supplies,Paper,Xerox 1944
TEC-PH-10003613,Technology,Phones,"Apple Signal Booster, VoIP"
TEC-PH-10001432,Technology,Phones,"Motorola Signal Booster, Cordless"
FUR-BO-10004441,Furniture,Bookcases,"Ikea Library with Doors, Metal"
TEC-MA-10004897,Technology,Machines,"StarTech Calculator, White"
TEC-CO-10001275,Technology,Copiers,"Brother Fax and Copier, Digital"
OFF-LA-10000219,Office Supplies,Labels,"Harbour Creations File Folder Labels, Adjustable"
FUR-FU-10000422,Furniture,Furnishings,"Deflect-O Photo Frame, Black"
OFF-LA-10000861,Office Supplies,Labels,"Avery Color Coded Labels, Alphabetical"
FUR-FU-10001045,Furniture,Furnishings,"Eldon Photo Frame, Durable"
OFF-FA-10001348,Office Supplies,Fasteners,"Accos Thumb Tacks, Metal"
FUR-CH-10001021,Furniture,Chairs,"Office Star Rocking Chair, Red"
TEC-MA-10004063,Technology,Machines,"Okidata Printer, Durable"
OFF-PA-10004027,Office Supplies,Paper,"Xerox Cards & Envelopes, Recycled"
OFF-PA-10003681,Office Supplies,Paper,"Green Bar Message Books, Premium"
FUR-TA-10003690,Furniture,Tables,"Hon Computer Table, Fully Assembled"
OFF-AR-10003766,Office Supplies,Art,"BIC Sketch Pad, Easy-Erase"
OFF-AP-10003945,Office Supplies,Appliances,"Breville Toaster, Silver"
OFF-AR-10004999,Office Supplies,Art,Newell 315
FUR-BO-10002289,Furniture,Bookcases,"Ikea Corner Shelving, Pine"
OFF-SU-10004244,Office Supplies,Supplies,"Fiskars Ruler, High Speed"
TEC-SAM-10004230,Technology,Phones,"Samsung Smart Phone, Cordless"
OFF-EN-10002425,Office Supplies,Envelopes,"Ames Peel and Seal, Set of 50"
OFF-AP-10003758,Office Supplies,Appliances,"KitchenAid Blender, Silver"
OFF-ST-10000704,Office Supplies,Storage,"Rogers File Cart, Blue"
FUR-BO-10001501,Furniture,Bookcases,"Bush Classic Bookcase, Metal"
FUR-NOV-10002655,Furniture,Chairs,"Novimex Swivel Stool, Adjustable"
FUR-BO-10000668,Furniture,Bookcases,"Sauder Classic Bookcase, Mobile"
TEC-LOG-10001434,Technology,Accessories,"Logitech Keyboard, USB"
OFF-AR-10002094,Office Supplies,Art,"Boston Pencil Sharpener, Water Color"
TEC-MA-10003173,Technology,Machines,Hewlett-Packard 300S Scientific Calculator
OFF-BI-10002329,Office Supplies,Binders,"Avery 3-Hole Punch, Durable"
FUR-CH-10002602,Furniture,Chairs,DMI Arturo Collection Mission-style Design Wood Chair
FUR-ADV-10000847,Furniture,Furnishings,"Advantus Stacking Tray, Black"
OFF-FA-10001111,Office Supplies,Fasteners,"Advantus Rubber Bands, 12 Pack"
OFF-EN-10002065,Office Supplies,Envelopes,"Ames Clasp Envelope, Set of 50"
FUR-BO-10003904,Furniture,Bookcases,"Ikea Corner Shelving, Traditional"
FUR-CH-10003883,Furniture,Chairs,"Office Star Swivel Stool, Set of Two"
TEC-AC-10004704,Technology,Accessories,"SanDisk Numeric Keypad, USB"
OFF-BI-10001460,Office Supplies,Binders,Plastic Binding Combs
OFF-LA-10004859,Office Supplies,Labels,"Avery Legal Exhibit Labels, Alphabetical"
FUR-FU-10004596,Furniture,Furnishings,"Tenex Door Stop, Black"
FUR-FU-10001260,Furniture,Furnishings,"Rubbermaid Light Bulb, Erganomic"
OFF-AR-10001228,Office Supplies,Art,"Stanley Markers, Water Color"
OFF-EN-10003748,Office Supplies,Envelopes,"Ames Mailers, with clear poly window"
OFF-AVE-10004556,Office Supplies,Binders,"Avery Hole Reinforcements, Recycled"
OFF-ST-10001321,Office Supplies,Storage,"Decoflex Hanging Personal Folder File, Blue"
OFF-EN-10001335,Office Supplies,Envelopes,"White Business Envelopes with Contemporary Seam, Recycled White Business Envelopes"
OFF-EN-10000219,Office Supplies,Envelopes,"Jiffy Clasp Envelope, Recycled"
OFF-PA-10001295,Office Supplies,Paper,Computer Printout Paper with Letter-Trim Perforations
OFF-FA-10000300,Office Supplies,Fasteners,"Stockwell Push Pins, Assorted Sizes"
OFF-BI-10003159,Office Supplies,Binders,"Avery Binding Machine, Durable"
OFF-LA-10004345,Office Supplies,Labels,Avery 493
FUR-FU-10002055,Furniture,Furnishings,"Eldon Light Bulb, Black"
OFF-BI-10002813,Office Supplies,Binders,Avery Reinforcements for Hole-Punch Pages
TEC-AC-10003750,Technology,Accessories,"Memorex Memory Card, Erganomic"
OFF-BI-10002455,Office Supplies,Binders,"Acco 3-Hole Punch, Durable"
FUR-BO-10002142,Furniture,Bookcases,"Ikea Classic Bookcase, Traditional"
OFF-PA-10003938,Office Supplies,Paper,"Eaton Cards & Envelopes, Premium"
OFF-FA-10000490,Office Supplies,Fasteners,"OIC Binder Clips, Mini, 1/4"" Capacity, Black"
OFF-PA-10004495,Office Supplies,Paper,"SanDisk Note Cards, Premium"
OFF-FA-10002635,Office Supplies,Fasteners,"Accos Thumb Tacks, Metal"
TEC-MA-10003261,Technology,Machines,"Panasonic Phone, Durable"
OFF-AP-10003588,Office Supplies,Appliances,"Hoover Refrigerator, Silver"
OFF-BI-10003774,Office Supplies,Binders,"Cardinal 3-Hole Punch, Durable"
FUR-FU-10002445,Furniture,Furnishings,"DAX Two-Tone Rosewood/Black Document Frame, Desktop, 5 x 7"
FUR-BO-10000035,Furniture,Bookcases,"Dania Classic Bookcase, Pine"
TEC-NOK-10003034,Technology,Phones,"Nokia Speaker Phone, Full Size"
OFF-SU-10003892,Office Supplies,Supplies,"Acme Box Cutter, High Speed"
OFF-EN-10003728,Office Supplies,Envelopes,"Cameo Mailers, with clear poly window"
OFF-CAR-10001428,Office Supplies,Binders,"Cardinal Index Tab, Durable"
FUR-TA-10002041,Furniture,Tables,"Lesro Computer Table, Fully Assembled"
FUR-CH-10000258,Furniture,Chairs,"Office Star Steel Folding Chair, Red"
FUR-FU-10002505,Furniture,Furnishings,Eldon 100 Class Desk Accessories
FUR-CH-10002024,Furniture,Chairs,HON 5400 Series Task Chairs for Big and Tall
FUR-BO-10000728,Furniture,Bookcases,"Ikea Classic Bookcase, Mobile"
OFF-EN-10003962,Office Supplies,Envelopes,"GlobeWeis Clasp Envelope, Set of 50"
OFF-LA-10002389,Office Supplies,Labels,"Smead Legal Exhibit Labels, Alphabetical"
OFF-AP-10000423,Office Supplies,Appliances,"Breville Refrigerator, Red"
OFF-BOS-10001375,Office Supplies,Art,"Boston Canvas, Easy-Erase"
OFF-BOS-10004262,Office Supplies,Art,"Boston Highlighters, Easy-Erase"
TEC-AC-10001990,Technology,Accessories,"Enermax Router, USB"
OFF-LA-10003551,Office Supplies,Labels,"Harbour Creations File Folder Labels, 5000 Label Set"
OFF-PA-10000295,Office Supplies,Paper,Xerox 229
OFF-AP-10003363,Office Supplies,Appliances,"Hoover Blender, White"
OFF-PA-10002105,Office Supplies,Paper,Xerox 223
FUR-TA-10003386,Furniture,Tables,"Hon Round Table, with Bottom Storage"
FUR-BO-10004445,Furniture,Bookcases,"Bush Stackable Bookrack, Pine"
TEC-AC-10004108,Technology,Accessories,"Memorex Router, USB"
OFF-FA-10001435,Office Supplies,Fasteners,"Advantus Rubber Bands, Metal"
FUR-FU-10002751,Furniture,Furnishings,"Advantus Photo Frame, Durable"
OFF-BI-10004809,Office Supplies,Binders,"Acco Binder Covers, Economy"
TEC-KON-10000091,Technology,Machines,"Konica Calculator, Red"
OFF-AR-10004116,Office Supplies,Art,"Sanford Sketch Pad, Water Color"
FUR-CH-10000214,Furniture,Chairs,"Hon Rocking Chair, Set of Two"
OFF-AP-10004785,Office Supplies,Appliances,"Cuisinart Microwave, Silver"
FUR-FU-10002554,Furniture,Furnishings,"Westinghouse Floor Lamp with Metal Mesh Shade, Black"
OFF-AR-10000120,Office Supplies,Art,"BIC Canvas, Fluorescent"
TEC-PH-10000441,Technology,Phones,VTech DS6151
FUR-NOV-10000669,Furniture,Chairs,"Novimex Chairmat, Set of Two"
OFF-SU-10000484,Office Supplies,Supplies,"Kleencut Ruler, High Speed"
TEC-BEL-10004386,Technology,Accessories,"Belkin Numeric Keypad, Bluetooth"
OFF-BI-10001504,Office Supplies,Binders,"Avery Binding Machine, Durable"
OFF-ROG-10002279,Office Supplies,Storage,"Rogers Box, Blue"
TEC-PH-10001536,Technology,Phones,Spigen Samsung Galaxy S5 Case Wallet
OFF-ST-10004631,Office Supplies,Storage,"Rogers Trays, Industrial"
OFF-BI-10004553,Office Supplies,Binders,"Cardinal Binder, Clear"
OFF-EN-10003381,Office Supplies,Envelopes,"Cameo Manila Envelope, Security-Tint"
OFF-ST-10003335,Office Supplies,Storage,"Smead Box, Blue"
TEC-PH-10001732,Technology,Phones,"Samsung Audio Dock, Cordless"
OFF-EN-10002679,Office Supplies,Envelopes,"Kraft Mailers, with clear poly window"
OFF-FA-10000907,Office Supplies,Fasteners,"OIC Rubber Bands, Bulk Pack"
FUR-CH-10002923,Furniture,Chairs,"SAFCO Rocking Chair, Set of Two"
OFF-AR-10002256,Office Supplies,Art,"BIC Sketch Pad, Easy-Erase"
TEC-AC-10004883,Technology,Accessories,"Enermax Keyboard, Programmable"
OFF-LA-10003271,Office Supplies,Labels,"Novimex Shipping Labels, Adjustable"
OFF-PA-10004673,Office Supplies,Paper,"Xerox Message Books, Multicolor"
OFF-AR-10004344,Office Supplies,Art,Bulldog Vacuum Base Pencil Sharpener
OFF-LA-10004929,Office Supplies,Labels,"Novimex Color Coded Labels, Laser Printer Compatible"
OFF-PA-10004268,Office Supplies,Paper,"SanDisk Note Cards, 8.5 x 11"
OFF-ST-10001991,Office Supplies,Storage,"Eldon Shelving, Wire Frame"
FUR-CH-10003033,Furniture,Chairs,"Novimex Rocking Chair, Adjustable"
FUR-BO-10003282,Furniture,Bookcases,"Ikea Classic Bookcase, Mobile"
OFF-PA-10002231,Office Supplies,Paper,"Green Bar Computer Printout Paper, Premium"
FUR-TA-10004289,Furniture,Tables,BoxOffice By Design Rectangular and Half-Moon Meeting Room Tables
OFF-PA-10001371,Office Supplies,Paper,"Xerox Computer Printout Paper, 8.5 x 11"
FUR-BO-10003086,Furniture,Bookcases,"Safco Library with Doors, Traditional"
OFF-PA-10001246,Office Supplies,Paper,Xerox 215
OFF-PA-10003708,Office Supplies,Paper,"Green Bar Computer Printout Paper, Premium"
OFF-SU-10001703,Office Supplies,Supplies,"Fiskars Box Cutter, High Speed"
OFF-LA-10004164,Office Supplies,Labels,"Smead Color Coded Labels, Laser Printer Compatible"
FUR-BO-10002268,Furniture,Bookcases,Sauder Barrister Bookcases
TEC-PH-10002296,Technology,Phones,"Nokia Headset, Full Size"
OFF-BRE-10004073,Office Supplies,Appliances,"Breville Refrigerator, Red"
TEC-AC-10001956,Technology,Accessories,Microsoft Arc Touch Mouse
OFF-PA-10002073,Office Supplies,Paper,"Green Bar Parchment Paper, 8.5 x 11"
FUR-FU-10003052,Furniture,Furnishings,"Advantus Photo Frame, Duo Pack"
FUR-BO-10001390,Furniture,Bookcases,"Bush Floating Shelf Set, Traditional"
FUR-CH-10000777,Furniture,Chairs,"Harbour Creations Executive Leather Armchair, Adjustable"
FUR-BO-10002471,Furniture,Bookcases,"Safco 3-Shelf Cabinet, Metal"
OFF-AP-10002578,Office Supplies,Appliances,"Fellowes Premier Superior Surge Suppressor, 10-Outlet, With Phone and Remote"
OFF-EN-10000561,Office Supplies,Envelopes,"Ames Business Envelopes, Recycled"
TEC-PH-10003487,Technology,Phones,"Motorola Office Telephone, with Caller ID"
FUR-CH-10001536,Furniture,Chairs,"Harbour Creations Chairmat, Red"
OFF-PA-10003573,Office Supplies,Paper,"Enermax Parchment Paper, 8.5 x 11"
TEC-SAM-10002682,Technology,Phones,"Samsung Headset, Full Size"
OFF-BI-10004769,Office Supplies,Binders,"Wilson Jones Index Tab, Economy"
TEC-AC-10002938,Technology,Accessories,"Enermax Memory Card, USB"
OFF-SME-10004519,Office Supplies,Labels,"Smead Removable Labels, Adjustable"
OFF-AP-10002531,Office Supplies,Appliances,"Cuisinart Blender, Red"
OFF-AR-10003291,Office Supplies,Art,"BIC Canvas, Fluorescent"
OFF-LA-10001676,Office Supplies,Labels,"Hon Removable Labels, Adjustable"
TEC-PH-10000292,Technology,Phones,"Samsung Office Telephone, Full Size"
FUR-TA-10003748,Furniture,Tables,"Bevis Round Table, Adjustable Height"
OFF-BI-10000124,Office Supplies,Binders,"Acco Binder Covers, Clear"
OFF-SU-10004514,Office Supplies,Supplies,"Elite Letter Opener, Easy Grip"
OFF-FA-10003911,Office Supplies,Fasteners,"Advantus Clamps, Assorted Sizes"
OFF-AP-10002872,Office Supplies,Appliances,"Cuisinart Coffee Grinder, White"
OFF-EN-10002581,Office Supplies,Envelopes,"GlobeWeis Peel and Seal, Set of 50"
OFF-AR-10001068,Office Supplies,Art,"BIC Sketch Pad, Easy-Erase"
OFF-AP-10002421,Office Supplies,Appliances,"Breville Stove, Silver"
OFF-AP-10003842,Office Supplies,Appliances,Euro-Pro Shark Turbo Vacuum
OFF-AR-10002399,Office Supplies,Art,"Dixon Prang Watercolor Pencils, 10-Color Set with Brush"
OFF-LA-10002325,Office Supplies,Labels,"Smead Removable Labels, Adjustable"
OFF-BI-10001422,Office Supplies,Binders,"Cardinal 3-Hole Punch, Clear"
OFF-FA-10002350,Office Supplies,Fasteners,"OIC Staples, Assorted Sizes"
FUR-HAR-10001374,Furniture,Chairs,"Harbour Creations Executive Leather Armchair, Red"
OFF-AR-10003914,Office Supplies,Art,"Stanley Canvas, Easy-Erase"
FUR-BO-10002992,Furniture,Bookcases,"Dania Library with Doors, Traditional"
TEC-CIS-10003676,Technology,Phones,"Cisco Headset, with Caller ID"
TEC-PH-10002755,Technology,Phones,"Apple Headset, VoIP"
FUR-SAU-10002043,Furniture,Bookcases,"Sauder Floating Shelf Set, Metal"
FUR-BO-10002204,Furniture,Bookcases,"Dania Floating Shelf Set, Traditional"
TEC-HP -10004451,Technology,Copiers,"HP Ink, Laser"
OFF-AR-10000387,Office Supplies,Art,"Sanford Highlighters, Water Color"
OFF-ACC-10002849,Office Supplies,Binders,"Acco 3-Hole Punch, Clear"
TEC-CO-10000865,Technology,Copiers,"Brother Fax Machine, High-Speed"
OFF-LA-10003515,Office Supplies,Labels,"Novimex Color Coded Labels, Laser Printer Compatible"
OFF-KRA-10002170,Office Supplies,Envelopes,"Kraft Business Envelopes, Security-Tint"
OFF-SU-10001218,Office Supplies,Supplies,Fiskars Softgrip Scissors
OFF-SU-10000997,Office Supplies,Supplies,"Fiskars Shears, Easy Grip"
OFF-FA-10002552,Office Supplies,Fasteners,"Advantus Push Pins, Assorted Sizes"
OFF-EN-10004007,Office Supplies,Envelopes,Park Ridge Embossed Executive Business Envelopes
OFF-CAR-10003030,Office Supplies,Binders,"Cardinal Index Tab, Economy"
OFF-ST-10000060,Office Supplies,Storage,Fellowes Bankers Box Staxonsteel Drawer File/Stacking System
OFF-FA-10002156,Office Supplies,Fasteners,"Advantus Push Pins, Metal"
OFF-SU-10002429,Office Supplies,Supplies,"Fiskars Box Cutter, Steel"
TEC-PH-10002885,Technology,Phones,Apple iPhone 5
FUR-FU-10000076,Furniture,Furnishings,"24-Hour Round Wall Clock"
TEC-MA-10002931,Technology,Machines,"Konica Receipt Printer, Red"
FUR-BO-10000330,Furniture,Bookcases,"Sauder Camden County Barrister Bookcase, Planked Cherry Finish"
FUR-CH-10003379,Furniture,Chairs,Global Commerce Series High-Back Swivel/Tilt Chairs
OFF-FA-10001419,Office Supplies,Fasteners,"Stockwell Rubber Bands, 12 Pack"
OFF-PA-10003139,Office Supplies,Paper,"SanDisk Parchment Paper, Recycled"
OFF-SAN-10000874,Office Supplies,Art,"Sanford Pencil Sharpener, Fluorescent"
OFF-PA-10001456,Office Supplies,Paper,"Eaton Memo Slips, 8.5 x 11"
OFF-PA-10001450,Office Supplies,Paper,Rediform S.O.S. Phone Message Books
OFF-SU-10000085,Office Supplies,Supplies,"Kleencut Trimmer, Steel"
TEC-MA-10004902,Technology,Machines,"Konica Phone, Wireless"
OFF-FA-10002831,Office Supplies,Fasteners,"OIC Staples, Assorted Sizes"
FUR-CH-10004642,Furniture,Chairs,"Hon Steel Folding Chair, Set of Two"
OFF-BI-10001804,Office Supplies,Binders,"Avery Binder, Recycled"
OFF-LA-10001541,Office Supplies,Labels,"Avery Removable Labels, 5000 Label Set"
OFF-FA-10002058,Office Supplies,Fasteners,"Stockwell Thumb Tacks, Assorted Sizes"
OFF-ELI-10000797,Office Supplies,Supplies,"Elite Ruler, High Speed"
OFF-ST-10003150,Office Supplies,Storage,"Smead Lockers, Wire Frame"
OFF-AR-10000390,Office Supplies,Art,"Stanley Pencil Sharpener, Water Color"
OFF-LA-10003435,Office Supplies,Labels,"Harbour Creations File Folder Labels, Laser Printer Compatible"
TEC-APP-10001108,Technology,Phones,"Apple Headset, with Caller ID"
OFF-ST-10001227,Office Supplies,Storage,"Eldon Folders, Wire Frame"
TEC-PH-10002586,Technology,Phones,"Nokia Office Telephone, with Caller ID"
OFF-XER-10004012,Office Supplies,Paper,"Xerox Note Cards, Premium"
TEC-CO-10002040,Technology,Copiers,"Brother Fax Machine, Digital"
OFF-PA-10003418,Office Supplies,Paper,"Enermax Memo Slips, Multicolor"
OFF-OIC-10000988,Office Supplies,Fasteners,"OIC Rubber Bands, Metal"
OFF-AP-10000159,Office Supplies,Appliances,Belkin F9M820V08 8 Outlet Surge
OFF-BI-10002498,Office Supplies,Binders,Clear Mylar Reinforcing Strips
TEC-AC-10000212,Technology,Accessories,"SanDisk Memory Card, Erganomic"
OFF-AR-10003774,Office Supplies,Art,"Stanley Sketch Pad, Fluorescent"
OFF-EN-10000938,Office Supplies,Envelopes,"Jiffy Business Envelopes, Security-Tint"
TEC-MA-10000199,Technology,Machines,"Okidata Inkjet, White"
TEC-PH-10000497,Technology,Phones,"Nokia Office Telephone, Cordless"
TEC-AC-10004848,Technology,Accessories,"SanDisk Memory Card, Erganomic"
TEC-AC-10002600,Technology,Accessories,Belkin QODE FastFit Bluetooth Keyboard
TEC-CO-10003608,Technology,Copiers,"Canon Fax Machine, Color"
TEC-CO-10002911,Technology,Copiers,"Hewlett Wireless Fax, Laser"
OFF-AR-10000462,Office Supplies,Art,Sanford Pocket Accent Highlighters
OFF-LA-10002876,Office Supplies,Labels,"Hon Legal Exhibit Labels, Adjustable"
TEC-MA-10003625,Technology,Machines,"Panasonic Inkjet, White"
OFF-SU-10004283,Office Supplies,Supplies,"Elite Shears, Steel"
OFF-BI-10003952,Office Supplies,Binders,"Acco Binding Machine, Recycled"
OFF-FA-10002577,Office Supplies,Fasteners,"Stockwell Push Pins, 12 Pack"
OFF-PA-10003224,Office Supplies,Paper,"Eaton Computer Printout Paper, Premium"
FUR-BO-10003320,Furniture,Bookcases,"Dania Classic Bookcase, Metal"
FUR-HON-10000191,Furniture,Chairs,"Hon Bag Chairs, Adjustable"
TEC-AC-10000865,Technology,Accessories,WD My Passport Ultra 500GB Portable External Hard Drive
OFF-ST-10004046,Office Supplies,Storage,"Fellowes Box, Single Width"
OFF-LA-10001865,Office Supplies,Labels,"Avery Round Labels, 5000 Label Set"
FUR-TA-10001572,Furniture,Tables,"Hon Wood Table, Rectangular"
FUR-CH-10002002,Furniture,Chairs,"Hon Rocking Chair, Black"
TEC-PAN-10002756,Technology,Machines,"Panasonic Card Printer, White"
OFF-STO-10000347,Office Supplies,Fasteners,"Stockwell Clamps, Assorted Sizes"
TEC-MA-10003631,Technology,Machines,"Okidata Card Printer, Wireless"
OFF-EN-10002035,Office Supplies,Envelopes,"Kraft Mailers, Set of 50"
TEC-CO-10003471,Technology,Copiers,"Hewlett Fax and Copier, Color"
OFF-LA-10004488,Office Supplies,Labels,"Novimex Color Coded Labels, Adjustable"
FUR-FU-10001132,Furniture,Furnishings,"Deflect-O Frame, Erganomic"
TEC-PH-10001754,Technology,Phones,"Cisco Office Telephone, with Caller ID"
OFF-SU-10001709,Office Supplies,Supplies,"Kleencut Scissors, High Speed"
OFF-PA-10000034,Office Supplies,Paper,"Xerox Cards & Envelopes, Multicolor"
OFF-LA-10004239,Office Supplies,Labels,"Smead Color Coded Labels, Adjustable"
OFF-PA-10003715,Office Supplies,Paper,"Xerox Computer Printout Paper, Recycled"
TEC-PH-10004970,Technology,Phones,"Nokia Headset, Full Size"
OFF-EN-10002427,Office Supplies,Envelopes,"Ames Manila Envelope, Recycled"
TEC-AC-10003063,Technology,Accessories,"Belkin Router, Bluetooth"
OFF-FA-10001104,Office Supplies,Fasteners,"Stockwell Paper Clips, Assorted Sizes"
FUR-BO-10004852,Furniture,Bookcases,"Sauder Classic Bookcase, Traditional"
TEC-AC-10003970,Technology,Accessories,"SanDisk Numeric Keypad, Bluetooth"
OFF-KRA-10002441,Office Supplies,Envelopes,"Kraft Business Envelopes, Recycled"
OFF-PA-10004849,Office Supplies,Paper,"Xerox Computer Printout Paper, Multicolor"
FUR-BEV-10002803,Furniture,Tables,"Bevis Conference Table, Fully Assembled"
TEC-MA-10001197,Technology,Machines,"StarTech Phone, Red"
OFF-HAM-10003992,Office Supplies,Appliances,"Hamilton Beach Toaster, Silver"
OFF-BI-10001658,Office Supplies,Binders,GBC Standard Therm-A-Bind Covers
OFF-PA-10001952,Office Supplies,Paper,Xerox 1902
FUR-BO-10002378,Furniture,Bookcases,"Dania 3-Shelf Cabinet, Metal"
OFF-JIF-10000704,Office Supplies,Envelopes,"Jiffy Clasp Envelope, Set of 50"
FUR-CH-10002510,Furniture,Chairs,"Office Star Steel Folding Chair, Adjustable"
OFF-ST-10003243,Office Supplies,Storage,"Fellowes Folders, Blue"
FUR-FU-10003874,Furniture,Furnishings,"Advantus Door Stop, Erganomic"
FUR-CH-10001465,Furniture,Chairs,"Hon Swivel Stool, Red"
FUR-BO-10000847,Furniture,Bookcases,"Dania Stackable Bookrack, Mobile"
OFF-AP-10001138,Office Supplies,Appliances,"Cuisinart Blender, Silver"
OFF-EN-10002013,Office Supplies,Envelopes,"Cameo Business Envelopes, Security-Tint"
OFF-ST-10003445,Office Supplies,Storage,"Rogers Folders, Industrial"
OFF-AR-10003738,Office Supplies,Art,"Boston Canvas, Fluorescent"
FUR-FU-10004527,Furniture,Furnishings,"Advantus Frame, Duo Pack"
OFF-PA-10001761,Office Supplies,Paper,"Eaton Message Books, Multicolor"
OFF-SU-10003592,Office Supplies,Supplies,"Acme Ruler, High Speed"
TEC-SAN-10000142,Technology,Accessories,"SanDisk Mouse, Erganomic"
OFF-BI-10004830,Office Supplies,Binders,"Ibico Index Tab, Clear"
OFF-FA-10001052,Office Supplies,Fasteners,"Stockwell Paper Clips, Assorted Sizes"
OFF-FA-10002763,Office Supplies,Fasteners,Advantus Map Pennant Flags and Round Head Tacks
FUR-FU-10003247,Furniture,Furnishings,"36X48 HARDFLOOR CHAIRMAT"
FUR-NOV-10002107,Furniture,Chairs,"Novimex Rocking Chair, Adjustable"
OFF-AR-10003338,Office Supplies,Art,"Eberhard Faber 3 1/2"" Golf Pencils"
OFF-PA-10003395,Office Supplies,Paper,"Eaton Computer Printout Paper, Recycled"
TEC-AC-10001090,Technology,Accessories,"Enermax Mouse, Programmable"
OFF-FA-10003892,Office Supplies,Fasteners,"OIC Push Pins, 12 Pack"
TEC-CO-10004143,Technology,Copiers,"HP Personal Copier, Color"
OFF-BI-10000490,Office Supplies,Binders,"Cardinal Binder, Recycled"
OFF-EN-10002816,Office Supplies,Envelopes,"Kraft Peel and Seal, Recycled"
FUR-CH-10004536,Furniture,Chairs,"Novimex Bag Chairs, Set of Two"
TEC-PH-10003580,Technology,Phones,Cisco IP Phone 7961G-GE VoIP phone
TEC-AC-10003174,Technology,Accessories,Plantronics S12 Corded Telephone Headset System
OFF-EAT-10004696,Office Supplies,Paper,"Eaton Note Cards, 8.5 x 11"
FUR-FU-10002937,Furniture,Furnishings,"Rubbermaid Light Bulb, Durable"
OFF-PA-10001492,Office Supplies,Paper,"Enermax Note Cards, Premium"
OFF-AP-10002629,Office Supplies,Appliances,"Cuisinart Stove, White"
TEC-STA-10003925,Technology,Machines,"StarTech Card Printer, Durable"
OFF-BI-10001167,Office Supplies,Binders,"Wilson Jones Binder, Clear"
FUR-BO-10003450,Furniture,Bookcases,"Bush Westfield Collection Bookcases, Dark Cherry Finish"
TEC-CO-10000771,Technology,Copiers,"Canon Wireless Fax, Laser"
TEC-MA-10001296,Technology,Machines,"Epson Calculator, White"
FUR-TA-10000115,Furniture,Tables,"Barricks Coffee Table, Fully Assembled"
OFF-SU-10000375,Office Supplies,Supplies,"Kleencut Box Cutter, Steel"
OFF-EN-10002621,Office Supplies,Envelopes,Staples
TEC-AC-10004773,Technology,Accessories,"Memorex Flash Drive, Bluetooth"
FUR-CH-10000399,Furniture,Chairs,"Hon Swivel Stool, Set of Two"
TEC-LOG-10001137,Technology,Accessories,"Logitech Keyboard, Bluetooth"
OFF-STI-10003510,Office Supplies,Supplies,"Stiletto Trimmer, Easy Grip"
FUR-CH-10003581,Furniture,Chairs,"Hon Executive Leather Armchair, Adjustable"
OFF-BI-10002005,Office Supplies,Binders,"Acco Index Tab, Clear"
OFF-AR-10000751,Office Supplies,Art,"Binney & Smith Highlighters, Blue"
OFF-ST-10000948,Office Supplies,Storage,"Fellowes Box, Blue"
OFF-EN-10002061,Office Supplies,Envelopes,"Cameo Mailers, Set of 50"
FUR-CH-10002085,Furniture,Chairs,"Novimex Steel Folding Chair, Red"
OFF-ST-10000760,Office Supplies,Storage,Eldon Fold 'N Roll Cart System
TEC-AC-10001455,Technology,Accessories,"Logitech Memory Card, Erganomic"
OFF-BI-10000126,Office Supplies,Binders,"Ibico Hole Reinforcements, Durable"
TEC-MA-10001311,Technology,Machines,"Epson Printer, Wireless"
TEC-AC-10002257,Technology,Accessories,"Enermax Router, Bluetooth"
OFF-PA-10003350,Office Supplies,Paper,"Eaton Message Books, 8.5 x 11"
OFF-PA-10002771,Office Supplies,Paper,"SanDisk Parchment Paper, Premium"
OFF-EN-10001977,Office Supplies,Envelopes,"Cameo Business Envelopes, Recycled"
OFF-FA-10004878,Office Supplies,Fasteners,"Stockwell Clamps, Bulk Pack"
FUR-FU-10002210,Furniture,Furnishings,"Tenex Clock, Black"
FUR-FU-10004091,Furniture,Furnishings,"Howard Miller 13"" Diameter Goldtone Round Wall Clock"
OFF-AR-10002797,Office Supplies,Art,"Sanford Highlighters, Blue"
FUR-BO-10004834,Furniture,Bookcases,"Safco 3-Shelf Cabinet, Mobile"
TEC-CO-10004901,Technology,Copiers,"HP Fax and Copier, Laser"
FUR-BO-10002892,Furniture,Bookcases,"Safco Classic Bookcase, Mobile"
OFF-EN-10004459,Office Supplies,Envelopes,Security-Tint Envelopes
TEC-MOT-10001178,Technology,Phones,"Motorola Signal Booster, with Caller ID"
OFF-PA-10003953,Office Supplies,Paper,Xerox 218
FUR-FU-10000521,Furniture,Furnishings,"Seth Thomas 14"" Putty-Colored Wall Clock"
OFF-FA-10003961,Office Supplies,Fasteners,"Advantus Rubber Bands, Assorted Sizes"
OFF-FA-10000411,Office Supplies,Fasteners,"Accos Clamps, Assorted Sizes"
OFF-SU-10003252,Office Supplies,Supplies,"Fiskars Trimmer, Steel"
OFF-FA-10004424,Office Supplies,Fasteners,"Advantus Clamps, 12 Pack"
FUR-FU-10000388,Furniture,Furnishings,"Rubbermaid Door Stop, Erganomic"
OFF-WIL-10004697,Office Supplies,Binders,"Wilson Jones Binder, Economy"
OFF-BI-10003460,Office Supplies,Binders,Acco 3-Hole Punch
FUR-CH-10001207,Furniture,Chairs,"Hon Executive Leather Armchair, Red"
TEC-PH-10004358,Technology,Phones,"Cisco Audio Dock, VoIP"
OFF-EN-10004988,Office Supplies,Envelopes,"Cameo Mailers, Set of 50"
OFF-AR-10000340,Office Supplies,Art,"Boston Pens, Water Color"
TEC-PH-10002200,Technology,Phones,Aastra 6757i CT Wireless VoIP phone
FUR-OFF-10002486,Furniture,Chairs,"Office Star Bag Chairs, Black"
TEC-AC-10004571,Technology,Accessories,"Logitech Router, Programmable"
FUR-CH-10000182,Furniture,Chairs,"Office Star Bag Chairs, Adjustable"
OFF-KLE-10000228,Office Supplies,Supplies,"Kleencut Shears, High Speed"
OFF-FA-10001838,Office Supplies,Fasteners,"Stockwell Paper Clips, Metal"
OFF-PA-10002250,Office Supplies,Paper,Things To Do Today Pad
OFF-AP-10003615,Office Supplies,Appliances,"Hamilton Beach Blender, Black"
TEC-AC-10002048,Technology,Accessories,"Enermax Flash Drive, Bluetooth"
OFF-EN-10004989,Office Supplies,Envelopes,"Cameo Manila Envelope, Set of 50"
FUR-TA-10002958,Furniture,Tables,"Bevis Oval Conference Table, Walnut"
TEC-PH-10000004,Technology,Phones,"Cisco Headset, with Caller ID"
OFF-ST-10002354,Office Supplies,Storage,"Eldon Lockers, Wire Frame"
TEC-PH-10003875,Technology,Phones,KLD Oscar II Style Snap-on Ultra Thin Side Flip Synthetic Leather Cover Case for HTC One HTC M7
OFF-SU-10003683,Office Supplies,Supplies,"Kleencut Ruler, Easy Grip"
OFF-BI-10003919,Office Supplies,Binders,"Ibico 3-Hole Punch, Recycled"
FUR-CH-10001313,Furniture,Chairs,"SAFCO Steel Folding Chair, Black"
FUR-CH-10002846,Furniture,Chairs,"Hon Steel Folding Chair, Black"
OFF-BI-10000301,Office Supplies,Binders,GBC Instant Report Kit
OFF-ST-10002522,Office Supplies,Storage,"Tenex Folders, Blue"
OFF-XER-10000846,Office Supplies,Paper,"Xerox Cards & Envelopes, 8.5 x 11"
OFF-PA-10003838,Office Supplies,Paper,"Eaton Note Cards, Premium"
OFF-AP-10001772,Office Supplies,Appliances,"Hoover Toaster, White"
FUR-TA-10000577,Furniture,Tables,Bretford CR4500 Series Slim Rectangular Table
OFF-GRE-10003334,Office Supplies,Paper,"Green Bar Parchment Paper, 8.5 x 11"
OFF-AP-10001503,Office Supplies,Appliances,"KitchenAid Microwave, Black"
FUR-FU-10002885,Furniture,Furnishings,Magna Visual Magnetic Picture Hangers
OFF-AR-10001672,Office Supplies,Art,"Boston Sketch Pad, Easy-Erase"
TEC-MA-10004168,Technology,Machines,"Panasonic Card Printer, Wireless"
TEC-AC-10000111,Technology,Accessories,"SanDisk Mouse, USB"
OFF-SU-10002557,Office Supplies,Supplies,Fiskars Spring-Action Scissors
FUR-ADV-10000188,Furniture,Furnishings,"Advantus Stacking Tray, Erganomic"
FUR-FU-10004586,Furniture,Furnishings,G.E. Longer-Life Indoor Recessed Floodlight Bulbs
OFF-LA-10001074,Office Supplies,Labels,Round Specialty Laser Printer Labels
OFF-KLE-10004581,Office Supplies,Supplies,"Kleencut Trimmer, Easy Grip"
TEC-STA-10001232,Technology,Machines,"StarTech Phone, Durable"
OFF-EN-10004759,Office Supplies,Envelopes,"Cameo Interoffice Envelope, Recycled"
FUR-FU-10002709,Furniture,Furnishings,"Advantus Clock, Erganomic"
FUR-SAF-10002616,Furniture,Chairs,"SAFCO Steel Folding Chair, Adjustable"
OFF-EN-10001823,Office Supplies,Envelopes,"Cameo Mailers, Recycled"
TEC-AC-10004951,Technology,Accessories,"Memorex Mouse, Erganomic"
OFF-BI-10000563,Office Supplies,Binders,"Acco Hole Reinforcements, Durable"
OFF-PA-10000141,Office Supplies,Paper,"Ampad Evidence Wirebond Steno Books, 6"" x 9"""
OFF-PA-10003256,Office Supplies,Paper,Avery Personal Creations Heavyweight Cards
OFF-AP-10004336,Office Supplies,Appliances,"Conquest 14 Commercial Heavy-Duty Upright Vacuum, Collection System, Accessory Kit"
TEC-MA-10003779,Technology,Machines,"Konica Printer, Durable"
FUR-BO-10002285,Furniture,Bookcases,"Safco Corner Shelving, Pine"
OFF-PA-10000752,Office Supplies,Paper,"Xerox Note Cards, Premium"
FUR-BO-10004771,Furniture,Bookcases,"Safco Library with Doors, Traditional"
TEC-AC-10002649,Technology,Accessories,"Belkin Keyboard, Programmable"
OFF-EN-10002472,Office Supplies,Envelopes,"Cameo Interoffice Envelope, Security-Tint"
FUR-FU-10001096,Furniture,Furnishings,"Advantus Clock, Black"
OFF-AR-10003633,Office Supplies,Art,"Binney & Smith Canvas, Easy-Erase"
OFF-FA-10000509,Office Supplies,Fasteners,"Advantus Clamps, Bulk Pack"
OFF-LA-10000236,Office Supplies,Labels,"Avery Color Coded Labels, Laser Printer Compatible"
TEC-CO-10004567,Technology,Copiers,"Brother Fax Machine, Color"
OFF-ENE-10004401,Office Supplies,Paper,"Enermax Parchment Paper, Premium"
TEC-PH-10003273,Technology,Phones,AT&T TR1909W
TEC-AC-10002402,Technology,Accessories,Razer Kraken PRO Over Ear PC and Music Headset
FUR-BO-10003043,Furniture,Bookcases,"Dania 3-Shelf Cabinet, Mobile"
OFF-SU-10004401,Office Supplies,Supplies,"Acme Shears, High Speed"
TEC-CIS-10001661,Technology,Phones,"Cisco Signal Booster, VoIP"
OFF-AP-10003795,Office Supplies,Appliances,"Hoover Refrigerator, Red"
OFF-AP-10004919,Office Supplies,Appliances,"Hamilton Beach Blender, White"
OFF-ST-10002105,Office Supplies,Storage,"Smead Trays, Wire Frame"
OFF-BI-10001900,Office Supplies,Binders,"DXL Angle-View Binders with Locking Rings, Black"
OFF-FA-10003605,Office Supplies,Fasteners,"Accos Push Pins, Bulk Pack"
OFF-LA-10000688,Office Supplies,Labels,"Harbour Creations Shipping Labels, Laser Printer Compatible"
OFF-PA-10001091,Office Supplies,Paper,"Eaton Computer Printout Paper, Recycled"
FUR-BO-10000791,Furniture,Bookcases,"Dania Library with Doors, Traditional"
OFF-PA-10003205,Office Supplies,Paper,"Wirebound Message Forms, Four 2 3/4 x 5 Forms per Page, Pink Paper"
OFF-JIF-10003842,Office Supplies,Envelopes,"Jiffy Clasp Envelope, Security-Tint"
OFF-AP-10004274,Office Supplies,Appliances,"Hamilton Beach Blender, Black"
TEC-CAN-10004166,Technology,Copiers,"Canon Personal Copier, Color"
OFF-EN-10001854,Office Supplies,Envelopes,"Jiffy Business Envelopes, Recycled"
FUR-FU-10003939,Furniture,Furnishings,"Tenex Photo Frame, Duo Pack"
OFF-AR-10001482,Office Supplies,Art,"Stanley Markers, Easy-Erase"
FUR-BO-10004541,Furniture,Bookcases,"Dania Library with Doors, Mobile"
TEC-EPS-10000689,Technology,Machines,"Epson Card Printer, Wireless"
OFF-SAN-10003644,Office Supplies,Art,"Sanford Markers, Blue"
TEC-AC-10001616,Technology,Accessories,"SanDisk Numeric Keypad, Erganomic"
TEC-PH-10001254,Technology,Phones,Jabra BIZ 2300 Duo QD Duo Corded Headset
OFF-FA-10002247,Office Supplies,Fasteners,"Stockwell Rubber Bands, Metal"
OFF-ST-10004768,Office Supplies,Storage,"Eldon Lockers, Industrial"
TEC-CO-10002663,Technology,Copiers,"Sharp Wireless Fax, Laser"
FUR-CH-10000214,Furniture,Chairs,"Harbour Creations Bag Chairs, Black"
OFF-ST-10004464,Office Supplies,Storage,"Eldon Trays, Blue"
OFF-FA-10004257,Office Supplies,Fasteners,"Accos Clamps, Metal"
FUR-BO-10003880,Furniture,Bookcases,"Dania Corner Shelving, Pine"
FUR-BO-10001254,Furniture,Bookcases,"Dania 3-Shelf Cabinet, Mobile"
OFF-PA-10004267,Office Supplies,Paper,"Enermax Parchment Paper, 8.5 x 11"
TEC-MA-10003314,Technology,Machines,"Epson Phone, White"
OFF-CAR-10004661,Office Supplies,Binders,"Cardinal Binding Machine, Recycled"
OFF-AP-10003860,Office Supplies,Appliances,"KitchenAid Blender, Black"
OFF-ENE-10003314,Office Supplies,Paper,"Enermax Parchment Paper, Recycled"
OFF-LA-10002633,Office Supplies,Labels,"Novimex Shipping Labels, Laser Printer Compatible"
OFF-FA-10004206,Office Supplies,Fasteners,"Advantus Staples, 12 Pack"
OFF-AVE-10000543,Office Supplies,Binders,"Avery Hole Reinforcements, Clear"
OFF-AR-10001244,Office Supplies,Art,"BIC Canvas, Easy-Erase"
TEC-AC-10004171,Technology,Accessories,"SanDisk Numeric Keypad, Bluetooth"
OFF-PA-10004433,Office Supplies,Paper,"Green Bar Parchment Paper, Premium"
OFF-STO-10001916,Office Supplies,Fasteners,"Stockwell Clamps, Metal"
OFF-SU-10003485,Office Supplies,Supplies,"Elite Letter Opener, Easy Grip"
FUR-CH-10003772,Furniture,Chairs,"Office Star Chairmat, Red"
OFF-AR-10001578,Office Supplies,Art,"Sanford Pencil Sharpener, Fluorescent"
OFF-BI-10003694,Office Supplies,Binders,"Avery 3 1/2"" Diskette Storage Pages, 10/Pack"
FUR-CH-10002203,Furniture,Chairs,"SAFCO Executive Leather Armchair, Black"
OFF-AP-10003758,Office Supplies,Appliances,"Hamilton Beach Blender, White"
TEC-MA-10002710,Technology,Machines,"Okidata Printer, Durable"
OFF-AVE-10004827,Office Supplies,Binders,"Avery Binder Covers, Recycled"
OFF-AP-10004295,Office Supplies,Appliances,"Cuisinart Refrigerator, Silver"
OFF-SU-10000283,Office Supplies,Supplies,"Stiletto Letter Opener, Easy Grip"
TEC-MA-10000755,Technology,Machines,"Panasonic Phone, Durable"
OFF-AR-10002538,Office Supplies,Art,"Binney & Smith Sketch Pad, Fluorescent"
OFF-LA-10003510,Office Supplies,Labels,"Avery 4027 File Folder Labels for Dot Matrix Printers, 5000 Labels per Box, White"
OFF-AP-10001391,Office Supplies,Appliances,Kensington 6 Outlet MasterPiece HOMEOFFICE Power Control Center
OFF-BI-10001249,Office Supplies,Binders,Avery Heavy-Duty EZD View Binder with Locking Rings
OFF-BIN-10004512,Office Supplies,Art,"Binney & Smith Pens, Easy-Erase"
OFF-AP-10000751,Office Supplies,Appliances,"Breville Refrigerator, Black"
OFF-SU-10000171,Office Supplies,Supplies,"Stiletto Shears, Easy Grip"
FUR-CH-10004095,Furniture,Chairs,"Novimex Steel Folding Chair, Black"
TEC-LOG-10004405,Technology,Accessories,"Logitech Router, Bluetooth"
OFF-FA-10003058,Office Supplies,Fasteners,"Stockwell Rubber Bands, Assorted Sizes"
OFF-LA-10003807,Office Supplies,Labels,"Smead Removable Labels, Adjustable"
TEC-AC-10001835,Technology,Accessories,"Belkin Mouse, Programmable"
OFF-FA-10001776,Office Supplies,Fasteners,"Stockwell Rubber Bands, Metal"
FUR-TA-10001327,Furniture,Tables,"Barricks Training Table, Rectangular"
OFF-NOV-10003578,Office Supplies,Labels,"Novimex Color Coded Labels, Laser Printer Compatible"
OFF-AR-10002221,Office Supplies,Art,"12 Colored Short Pencils"
OFF-SU-10003739,Office Supplies,Supplies,"Elite Box Cutter, Steel"
TEC-AC-10004209,Technology,Accessories,Memorex Froggy Flash Drive 4 GB
FUR-BO-10001860,Furniture,Bookcases,"Sauder Corner Shelving, Traditional"
TEC-CO-10003917,Technology,Copiers,"HP Fax and Copier, Digital"
OFF-ST-10003760,Office Supplies,Storage,"Eldon Trays, Blue"
FUR-IKE-10003015,Furniture,Bookcases,"Ikea Library with Doors, Mobile"
TEC-KON-10002052,Technology,Machines,"Konica Inkjet, Wireless"
OFF-EN-10004410,Office Supplies,Envelopes,"GlobeWeis Mailers, Security-Tint"
FUR-TA-10000861,Furniture,Tables,"Barricks Conference Table, with Bottom Storage"
OFF-BI-10001895,Office Supplies,Binders,"Ibico Binding Machine, Economy"
OFF-PA-10001708,Office Supplies,Paper,"Green Bar Note Cards, Premium"
OFF-JIF-10002454,Office Supplies,Envelopes,"Jiffy Manila Envelope, Recycled"
TEC-AC-10004812,Technology,Accessories,"SanDisk Mouse, Erganomic"
TEC-SHA-10000306,Technology,Copiers,"Sharp Copy Machine, Color"
TEC-PH-10004655,Technology,Phones,"Apple Speaker Phone, Cordless"
OFF-SME-10001718,Office Supplies,Storage,"Smead Box, Industrial"
TEC-AC-10002844,Technology,Accessories,"SanDisk Flash Drive, USB"
OFF-LA-10001154,Office Supplies,Labels,"Hon Shipping Labels, Adjustable"
OFF-AR-10002145,Office Supplies,Art,"Binney & Smith Sketch Pad, Fluorescent"
OFF-EN-10002926,Office Supplies,Envelopes,"Cameo Mailers, Set of 50"
OFF-FA-10003626,Office Supplies,Fasteners,"Advantus Rubber Bands, Assorted Sizes"
OFF-FA-10000089,Office Supplies,Fasteners,Acco Glide Clips
FUR-TA-10002433,Furniture,Tables,"Chromcraft Computer Table, with Bottom Storage"
FUR-CH-10000309,Furniture,Chairs,Global Comet Stacking Arm Chair
OFF-AR-10004956,Office Supplies,Art,Newell 33
FUR-NOV-10002911,Furniture,Chairs,"Novimex Steel Folding Chair, Set of Two"
OFF-PA-10003883,Office Supplies,Paper,"Message Book, Phone, Wirebound Standard Line Memo, 2 3/4"" X 5"""
OFF-AP-10003182,Office Supplies,Appliances,"Breville Toaster, Silver"
TEC-PH-10002293,Technology,Phones,Anker 36W 4-Port USB Wall Charger Travel Power Adapter for iPhone 5s 5c 5
OFF-FA-10001126,Office Supplies,Fasteners,"Accos Paper Clips, Metal"
FUR-SAF-10000213,Furniture,Bookcases,"Safco Classic Bookcase, Mobile"
OFF-BI-10000821,Office Supplies,Binders,"Acco Hole Reinforcements, Durable"
FUR-FU-10000755,Furniture,Furnishings,Eldon Expressions Mahogany Wood Desk Collection
OFF-LA-10003511,Office Supplies,Labels,"Avery Round Labels, Adjustable"
OFF-AR-10003448,Office Supplies,Art,"Boston Markers, Water Color"
FUR-CH-10000015,Furniture,Chairs,Hon Multipurpose Stacking Arm Chairs
OFF-AR-10004456,Office Supplies,Art,"Binney & Smith Markers, Blue"
OFF-PA-10001844,Office Supplies,Paper,"Eaton Message Books, 8.5 x 11"
TEC-MA-10000261,Technology,Machines,"StarTech Calculator, Red"
TEC-CAN-10004697,Technology,Copiers,"Canon Fax and Copier, Digital"
TEC-AC-10004803,Technology,Accessories,Sony Micro Vault Click 4 GB USB 2.0 Flash Drive
OFF-STO-10003878,Office Supplies,Fasteners,"Stockwell Clamps, Assorted Sizes"
TEC-MA-10004534,Technology,Machines,"Konica Printer, Wireless"
OFF-PA-10004185,Office Supplies,Paper,"SanDisk Message Books, Recycled"
OFF-FA-10000059,Office Supplies,Fasteners,"Stockwell Clamps, Bulk Pack"
OFF-LA-10000757,Office Supplies,Labels,"Harbour Creations Removable Labels, 5000 Label Set"
OFF-AP-10000653,Office Supplies,Appliances,"Cuisinart Blender, White"
TEC-PH-10001095,Technology,Phones,"Nokia Headset, with Caller ID"
OFF-LA-10003337,Office Supplies,Labels,"Harbour Creations Removable Labels, Adjustable"
OFF-AR-10000293,Office Supplies,Art,"BIC Sketch Pad, Water Color"
OFF-EAT-10003338,Office Supplies,Paper,"Eaton Message Books, 8.5 x 11"
TEC-AC-10004269,Technology,Accessories,"Belkin Memory Card, USB"
OFF-ST-10001229,Office Supplies,Storage,"Fellowes Box, Single Width"
FUR-CH-10002152,Furniture,Chairs,"Hon Bag Chairs, Set of Two"
TEC-CO-10000011,Technology,Copiers,"HP Personal Copier, High-Speed"
FUR-BUS-10001781,Furniture,Bookcases,"Bush Library with Doors, Metal"
OFF-PA-10003641,Office Supplies,Paper,Xerox 1909
OFF-PA-10004498,Office Supplies,Paper,"Enermax Memo Slips, Multicolor"
FUR-BO-10004230,Furniture,Bookcases,"Bush Corner Shelving, Metal"
OFF-AP-10001664,Office Supplies,Appliances,"Cuisinart Stove, Black"
FUR-BO-10004142,Furniture,Bookcases,"Safco Classic Bookcase, Traditional"
TEC-CO-10001725,Technology,Copiers,"Canon Ink, High-Speed"
OFF-EN-10000096,Office Supplies,Envelopes,"Jiffy Clasp Envelope, with clear poly window"
OFF-BI-10003768,Office Supplies,Binders,"Acco Index Tab, Clear"
OFF-ST-10002790,Office Supplies,Storage,Safco Industrial Shelving
OFF-SU-10004304,Office Supplies,Supplies,"Elite Letter Opener, Easy Grip"
OFF-FA-10000353,Office Supplies,Fasteners,"Accos Staples, Metal"
OFF-EN-10004597,Office Supplies,Envelopes,"GlobeWeis Peel and Seal, Set of 50"
FUR-FU-10003150,Furniture,Furnishings,"Eldon Door Stop, Erganomic"
FUR-DAN-10003334,Furniture,Bookcases,"Dania 3-Shelf Cabinet, Traditional"
OFF-ST-10002176,Office Supplies,Storage,"Smead File Cart, Single Width"
OFF-FA-10001359,Office Supplies,Fasteners,"Stockwell Rubber Bands, Assorted Sizes"
TEC-SAN-10000060,Technology,Accessories,"SanDisk Mouse, Bluetooth"
TEC-PH-10004655,Technology,Phones,"Motorola Office Telephone, Cordless"
OFF-BI-10000320,Office Supplies,Binders,GBC Plastic Binding Combs
OFF-AP-10002552,Office Supplies,Appliances,"Hamilton Beach Stove, White"
TEC-AC-10000431,Technology,Accessories,"Belkin Flash Drive, Bluetooth"
OFF-BI-10004001,Office Supplies,Binders,GBC Recycled VeloBinder Covers
TEC-CO-10001968,Technology,Copiers,"Sharp Ink, High-Speed"
OFF-ACC-10000808,Office Supplies,Binders,"Acco 3-Hole Punch, Economy"
TEC-AC-10002568,Technology,Accessories,"Enermax Numeric Keypad, Erganomic"
OFF-BI-10003899,Office Supplies,Binders,"Avery 3-Hole Punch, Recycled"
TEC-PH-10003153,Technology,Phones,"Samsung Signal Booster, with Caller ID"
OFF-PA-10001622,Office Supplies,Paper,"Ampad Poly Cover Wirebound Steno Book, 6"" x 9"" Assorted Colors, Gregg Ruled"
OFF-FA-10004781,Office Supplies,Fasteners,"Stockwell Thumb Tacks, Metal"
OFF-PA-10002520,Office Supplies,Paper,"Green Bar Cards & Envelopes, Recycled"
FUR-FU-10003829,Furniture,Furnishings,Stackable Trays
OFF-EN-10003465,Office Supplies,Envelopes,"Cameo Peel and Seal, Security-Tint"
OFF-AR-10004077,Office Supplies,Art,"Binney & Smith Pencil Sharpener, Water Color"
TEC-MA-10002859,Technology,Machines,Ativa MDM8000 8-Sheet Micro-Cut Shredder
OFF-SME-10004370,Office Supplies,Storage,"Smead File Cart, Blue"
TEC-CO-10004406,Technology,Copiers,"Sharp Fax Machine, Digital"
OFF-BI-10001659,Office Supplies,Binders,"Cardinal Index Tab, Clear"
TEC-AC-10004696,Technology,Accessories,"Logitech Mouse, Programmable"
TEC-HP -10003248,Technology,Copiers,"HP Fax Machine, High-Speed"
FUR-CH-10001203,Furniture,Chairs,"Novimex Steel Folding Chair, Set of Two"
TEC-AC-10000271,Technology,Accessories,"Enermax Router, Erganomic"
TEC-AC-10002049,Technology,Accessories,Logitech G19 Programmable Gaming Keyboard
OFF-ST-10000585,Office Supplies,Storage,Economy Rollaway Files
FUR-FU-10001447,Furniture,Furnishings,"Eldon Stacking Tray, Duo Pack"
OFF-ST-10000886,Office Supplies,Storage,"Smead Lockers, Wire Frame"
FUR-FU-10004915,Furniture,Furnishings,"Rubbermaid Frame, Durable"
OFF-LA-10004108,Office Supplies,Labels,"Avery Round Labels, 5000 Label Set"
OFF-AR-10003651,Office Supplies,Art,Newell 350
OFF-KRA-10004892,Office Supplies,Envelopes,"Kraft Clasp Envelope, Set of 50"
OFF-EN-10001099,Office Supplies,Envelopes,Staples
FUR-CH-10001708,Furniture,Chairs,Office Star - Contemporary Swivel Chair with Padded Adjustable Arms and Flex Back
FUR-BEV-10004805,Furniture,Tables,"Bevis Conference Table, Rectangular"
TEC-CO-10002759,Technology,Copiers,"HP Copy Machine, Laser"
FUR-BO-10000820,Furniture,Bookcases,"Sauder 3-Shelf Cabinet, Metal"
OFF-BI-10002558,Office Supplies,Binders,"Cardinal Binder Covers, Economy"
TEC-PH-10000702,Technology,Phones,"Square Credit Card Reader, 4 1/2"" x 4 1/2"" x 1"", White"
FUR-BO-10004075,Furniture,Bookcases,"Safco Floating Shelf Set, Metal"
OFF-HOO-10004188,Office Supplies,Appliances,"Hoover Blender, Black"
TEC-AC-10000254,Technology,Accessories,"Enermax Flash Drive, Bluetooth"
OFF-STO-10001839,Office Supplies,Fasteners,"Stockwell Rubber Bands, Bulk Pack"
OFF-FA-10002965,Office Supplies,Fasteners,"Accos Clamps, Bulk Pack"
OFF-FA-10000840,Office Supplies,Fasteners,OIC Thumb-Tacks
FUR-FU-10000686,Furniture,Furnishings,"Rubbermaid Door Stop, Durable"
TEC-MA-10002844,Technology,Machines,"Konica Calculator, Durable"
FUR-FU-10003546,Furniture,Furnishings,"Advantus Clock, Durable"
TEC-PH-10001289,Technology,Phones,"Motorola Smart Phone, Full Size"
TEC-MA-10002660,Technology,Machines,"Epson Phone, White"
TEC-MA-10001711,Technology,Machines,"Konica Phone, White"
OFF-AR-10002714,Office Supplies,Art,"Stanley Sketch Pad, Easy-Erase"
TEC-PH-10000505,Technology,Phones,"Apple Smart Phone, with Caller ID"
OFF-AP-10002670,Office Supplies,Appliances,Belkin 8-Outlet Premiere SurgeMaster II Surge Protectors
FUR-FU-10004598,Furniture,Furnishings,"Deflect-O Stacking Tray, Durable"
TEC-CAN-10004556,Technology,Copiers,"Canon Fax and Copier, Laser"
OFF-LA-10000934,Office Supplies,Labels,"Hon Legal Exhibit Labels, 5000 Label Set"
OFF-FA-10002163,Office Supplies,Fasteners,"Stockwell Rubber Bands, Assorted Sizes"
FUR-FU-10002379,Furniture,Furnishings,Eldon Econocleat Chair Mats for Low Pile Carpets
TEC-PH-10000788,Technology,Phones,"Cisco Office Telephone, Full Size"
OFF-LA-10000869,Office Supplies,Labels,"Harbour Creations Removable Labels, Adjustable"
FUR-TA-10002982,Furniture,Tables,"Lesro Coffee Table, Adjustable Height"
OFF-ELI-10003277,Office Supplies,Supplies,"Elite Letter Opener, High Speed"
FUR-ADV-10004718,Furniture,Furnishings,"Advantus Light Bulb, Duo Pack"
OFF-EN-10001991,Office Supplies,Envelopes,"Kraft Clasp Envelope, Set of 50"
OFF-AR-10002467,Office Supplies,Art,Dixon Ticonderoga Pencils
FUR-BO-10000265,Furniture,Bookcases,"Bush Floating Shelf Set, Pine"
OFF-EN-10004560,Office Supplies,Envelopes,"Cameo Business Envelopes, Security-Tint"
OFF-FA-10004533,Office Supplies,Fasteners,"Stockwell Staples, Metal"
TEC-SHA-10004151,Technology,Copiers,"Sharp Fax and Copier, Color"
TEC-PH-10002904,Technology,Phones,"Samsung Smart Phone, Full Size"
OFF-SU-10000105,Office Supplies,Supplies,"Fiskars Shears, Easy Grip"
OFF-ST-10004317,Office Supplies,Storage,"Smead Folders, Blue"
OFF-BI-10003022,Office Supplies,Binders,"Cardinal 3-Hole Punch, Economy"
TEC-AC-10003447,Technology,Accessories,Micropad Numeric Keypads
OFF-PA-10004190,Office Supplies,Paper,"Xerox Note Cards, Multicolor"
OFF-AP-10002312,Office Supplies,Appliances,"KitchenAid Refrigerator, Black"
OFF-AP-10001564,Office Supplies,Appliances,Hoover Commercial Lightweight Upright Vacuum with E-Z Empty Dirt Cup
FUR-TA-10003527,Furniture,Tables,"Chromcraft Wood Table, with Bottom Storage"
OFF-LA-10001793,Office Supplies,Labels,"Avery Round Labels, Alphabetical"
OFF-ST-10001809,Office Supplies,Storage,Fellowes Officeware Wire Shelving
TEC-MOT-10001244,Technology,Phones,"Motorola Audio Dock, with Caller ID"
OFF-SU-10001892,Office Supplies,Supplies,"Elite Box Cutter, High Speed"
OFF-LA-10000271,Office Supplies,Labels,"Harbour Creations Shipping Labels, Alphabetical"
FUR-BO-10003297,Furniture,Bookcases,"Ikea 3-Shelf Cabinet, Metal"
TEC-CO-10002283,Technology,Copiers,"Brother Copy Machine, Color"
OFF-LA-10003422,Office Supplies,Labels,"Smead Color Coded Labels, Alphabetical"
OFF-SME-10003746,Office Supplies,Labels,"Smead Legal Exhibit Labels, Adjustable"
OFF-PA-10002371,Office Supplies,Paper,"Green Bar Message Books, 8.5 x 11"
TEC-AC-10000540,Technology,Accessories,"Memorex Numeric Keypad, USB"
TEC-AC-10004393,Technology,Accessories,"Belkin Flash Drive, Programmable"
OFF-EN-10004057,Office Supplies,Envelopes,"Jiffy Manila Envelope, Recycled"
FUR-BO-10003881,Furniture,Bookcases,"Sauder Floating Shelf Set, Mobile"
TEC-PH-10004152,Technology,Phones,"Apple Headset, VoIP"
OFF-PA-10001970,Office Supplies,Paper,Xerox 1908
OFF-FA-10002481,Office Supplies,Fasteners,"OIC Rubber Bands, 12 Pack"
OFF-ST-10003807,Office Supplies,Storage,"Eldon Folders, Wire Frame"
TEC-AC-10001735,Technology,Accessories,"Logitech Mouse, Bluetooth"
TEC-AC-10002221,Technology,Accessories,"Memorex Mouse, Bluetooth"
FUR-SAF-10000678,Furniture,Bookcases,"Safco Floating Shelf Set, Mobile"
TEC-AC-10001348,Technology,Accessories,"Logitech Router, Bluetooth"
OFF-EN-10002955,Office Supplies,Envelopes,"Jiffy Interoffice Envelope, with clear poly window"
OFF-KRA-10000916,Office Supplies,Envelopes,"Kraft Interoffice Envelope, Recycled"
TEC-AC-10002243,Technology,Accessories,"SanDisk Keyboard, Programmable"
OFF-KLE-10001794,Office Supplies,Supplies,"Kleencut Box Cutter, High Speed"
OFF-AR-10001227,Office Supplies,Art,Newell 338
TEC-CO-10004535,Technology,Copiers,"Hewlett Fax Machine, High-Speed"
OFF-AR-10001770,Office Supplies,Art,Economy #2 Pencils
TEC-CO-10002108,Technology,Copiers,"Brother Personal Copier, Color"
OFF-PA-10000951,Office Supplies,Paper,"Enermax Note Cards, Multicolor"
FUR-BO-10001387,Furniture,Bookcases,"Safco Floating Shelf Set, Traditional"
FUR-DEF-10000349,Furniture,Furnishings,"Deflect-O Stacking Tray, Durable"
OFF-FA-10000131,Office Supplies,Fasteners,"Accos Clamps, 12 Pack"
OFF-LA-10002787,Office Supplies,Labels,Avery 480
FUR-CH-10003341,Furniture,Chairs,"Office Star Chairmat, Red"
TEC-AC-10001221,Technology,Accessories,"Memorex Memory Card, USB"
OFF-SU-10001535,Office Supplies,Supplies,"Elite Box Cutter, High Speed"
OFF-PA-10001970,Office Supplies,Paper,Xerox 1881
FUR-BO-10003408,Furniture,Bookcases,"Ikea 3-Shelf Cabinet, Metal"
TEC-CIS-10003103,Technology,Phones,"Cisco Office Telephone, VoIP"
OFF-ST-10000617,Office Supplies,Storage,Woodgrain Magazine Files by Perma
OFF-SU-10004461,Office Supplies,Supplies,"Stiletto Box Cutter, High Speed"
FUR-HON-10003533,Furniture,Chairs,"Hon Executive Leather Armchair, Adjustable"
OFF-STA-10003803,Office Supplies,Art,"Stanley Highlighters, Fluorescent"
FUR-CH-10002213,Furniture,Chairs,"Hon Executive Leather Armchair, Black"
OFF-PA-10000100,Office Supplies,Paper,Xerox 1945
OFF-BI-10004519,Office Supplies,Binders,GBC DocuBind P100 Manual Binding Machine
OFF-BI-10003291,Office Supplies,Binders,Wilson Jones Leather-Like Binders with DublLock Round Rings
FUR-DEF-10000622,Furniture,Furnishings,"Deflect-O Light Bulb, Black"
OFF-BI-10004390,Office Supplies,Binders,GBC DocuBind 200 Manual Binding Machine
FUR-FU-10003039,Furniture,Furnishings,"Howard Miller 11-1/2"" Diameter Grantwood Wall Clock"
TEC-PH-10001552,Technology,Phones,I Need's 3d Hello Kitty Hybrid Silicone Case Cover for HTC One X 4g with 3d Hello Kitty Stylus Pen Green/pink
OFF-PA-10004727,Office Supplies,Paper,"Eaton Note Cards, 8.5 x 11"
OFF-SU-10002611,Office Supplies,Supplies,"Fiskars Ruler, Serrated"
OFF-ST-10004950,Office Supplies,Storage,Acco Perma 3000 Stacking Storage Drawers
TEC-PH-10001298,Technology,Phones,"Motorola Office Telephone, VoIP"
FUR-CH-10000966,Furniture,Chairs,"Harbour Creations Chairmat, Set of Two"
OFF-LA-10004832,Office Supplies,Labels,"Novimex Legal Exhibit Labels, Alphabetical"
FUR-FU-10000758,Furniture,Furnishings,DAX Natural Wood-Tone Poster Frame
FUR-BO-10002383,Furniture,Bookcases,"Sauder Floating Shelf Set, Pine"
FUR-CH-10002924,Furniture,Chairs,"Novimex Steel Folding Chair, Set of Two"
FUR-BO-10003326,Furniture,Bookcases,"Safco Stackable Bookrack, Traditional"
OFF-EN-10003286,Office Supplies,Envelopes,Staples
FUR-ADV-10003326,Furniture,Furnishings,"Advantus Light Bulb, Black"
OFF-SU-10002327,Office Supplies,Supplies,"Fiskars Ruler, Easy Grip"
OFF-FA-10002717,Office Supplies,Fasteners,"OIC Rubber Bands, Metal"
FUR-TA-10000649,Furniture,Tables,"Barricks Computer Table, with Bottom Storage"
OFF-ST-10004258,Office Supplies,Storage,Portable Personal File Box
OFF-SU-10004873,Office Supplies,Supplies,"Fiskars Box Cutter, Easy Grip"
OFF-STO-10001173,Office Supplies,Fasteners,"Stockwell Thumb Tacks, Assorted Sizes"
OFF-AR-10001879,Office Supplies,Art,"Stanley Pencil Sharpener, Fluorescent"
OFF-AP-10002573,Office Supplies,Appliances,"Hamilton Beach Stove, Black"
FUR-ELD-10004727,Furniture,Furnishings,"Eldon Stacking Tray, Black"
TEC-MA-10001187,Technology,Machines,"Okidata Calculator, Wireless"
TEC-CO-10003298,Technology,Copiers,"Hewlett Wireless Fax, Digital"
OFF-ST-10002362,Office Supplies,Storage,"Eldon Shelving, Single Width"
OFF-EN-10003567,Office Supplies,Envelopes,"Inter-Office Recycled Envelopes, Brown Kraft, Button-String,10"" x 13"" , 100/Box"
OFF-EN-10004443,Office Supplies,Envelopes,"Ames Mailers, Security-Tint"
FUR-CH-10003168,Furniture,Chairs,"Office Star Swivel Stool, Set of Two"
OFF-AP-10003259,Office Supplies,Appliances,"Cuisinart Refrigerator, Silver"
OFF-EN-10004462,Office Supplies,Envelopes,"Ames Peel and Seal, Security-Tint"
OFF-AR-10000315,Office Supplies,Art,"Dixon Ticonderoga Maple Cedar Pencil, #2"
OFF-CAR-10000202,Office Supplies,Binders,"Cardinal Binding Machine, Clear"
TEC-CO-10000422,Technology,Copiers,"Brother Personal Copier, Digital"
OFF-FA-10001953,Office Supplies,Fasteners,"Advantus Clamps, Bulk Pack"
FUR-TA-10002544,Furniture,Tables,"Barricks Training Table, Fully Assembled"
TEC-PH-10004597,Technology,Phones,"Apple Signal Booster, with Caller ID"
TEC-PH-10000030,Technology,Phones,"Samsung Smart Phone, with Caller ID"
TEC-MOT-10003348,Technology,Phones,"Motorola Smart Phone, Full Size"
OFF-LA-10004166,Office Supplies,Labels,"Avery Legal Exhibit Labels, 5000 Label Set"
TEC-OKI-10003868,Technology,Machines,"Okidata Printer, Wireless"
OFF-SAN-10003285,Office Supplies,Art,"Sanford Pens, Fluorescent"
OFF-STA-10000054,Office Supplies,Art,"Stanley Pens, Fluorescent"
OFF-ST-10002538,Office Supplies,Storage,"Rogers File Cart, Single Width"
OFF-PA-10001954,Office Supplies,Paper,Xerox 1964
FUR-ELD-10000335,Furniture,Furnishings,"Eldon Door Stop, Durable"
OFF-ST-10001172,Office Supplies,Storage,"Tennsco Lockers, Sand"
TEC-PH-10001580,Technology,Phones,"Apple Office Telephone, VoIP"
OFF-FIS-10002924,Office Supplies,Supplies,"Fiskars Scissors, High Speed"
TEC-MA-10004533,Technology,Machines,"Konica Receipt Printer, Durable"
OFF-SME-10001754,Office Supplies,Labels,"Smead File Folder Labels, 5000 Label Set"
OFF-AP-10000304,Office Supplies,Appliances,"Hoover Microwave, White"
OFF-AP-10000975,Office Supplies,Appliances,"KitchenAid Stove, Black"
OFF-BI-10002412,Office Supplies,Binders,"Avery Hole Reinforcements, Economy"
OFF-ST-10004608,Office Supplies,Storage,"Smead Shelving, Industrial"
FUR-CH-10003249,Furniture,Chairs,"Novimex Chairmat, Adjustable"
OFF-ST-10001025,Office Supplies,Storage,"Tenex Trays, Single Width"
OFF-LA-10002271,Office Supplies,Labels,Smead Alpha-Z Color-Coded Second Alphabetical Labels and Starter Set
OFF-PA-10002005,Office Supplies,Paper,Xerox 225
OFF-KIT-10000964,Office Supplies,Appliances,"KitchenAid Coffee Grinder, White"
OFF-PA-10000655,Office Supplies,Paper,"Enermax Parchment Paper, Multicolor"
OFF-EN-10003398,Office Supplies,Envelopes,"Jiffy Peel and Seal, Security-Tint"
OFF-LA-10002086,Office Supplies,Labels,"Hon Shipping Labels, 5000 Label Set"
TEC-PH-10001664,Technology,Phones,"Motorola Office Telephone, VoIP"
OFF-AP-10001621,Office Supplies,Appliances,"Cuisinart Blender, Silver"
OFF-EN-10003615,Office Supplies,Envelopes,"GlobeWeis Interoffice Envelope, with clear poly window"
TEC-APP-10000530,Technology,Phones,"Apple Audio Dock, VoIP"
TEC-AC-10001942,Technology,Accessories,"Memorex Flash Drive, Programmable"
OFF-LA-10000039,Office Supplies,Labels,"Smead Legal Exhibit Labels, Adjustable"
OFF-PA-10000960,Office Supplies,Paper,"Xerox Parchment Paper, 8.5 x 11"
FUR-TA-10004134,Furniture,Tables,"Barricks Training Table, with Bottom Storage"
TEC-AC-10004808,Technology,Accessories,"Memorex Router, Erganomic"
FUR-ELD-10003131,Furniture,Furnishings,"Eldon Frame, Durable"
FUR-TA-10000519,Furniture,Tables,"Bevis Computer Table, Fully Assembled"
OFF-AR-10002575,Office Supplies,Art,"Sanford Canvas, Blue"
FUR-TA-10004767,Furniture,Tables,Safco Drafting Table
FUR-BO-10001436,Furniture,Bookcases,"Bush Corner Shelving, Traditional"
OFF-EN-10004995,Office Supplies,Envelopes,"Ames Interoffice Envelope, with clear poly window"
TEC-AC-10000892,Technology,Accessories,NETGEAR N750 Dual Band Wi-Fi Gigabit Router
OFF-AR-10003190,Office Supplies,Art,Newell 32
OFF-KRA-10003337,Office Supplies,Envelopes,"Kraft Mailers, Recycled"
TEC-AC-10000317,Technology,Accessories,"Logitech Memory Card, Programmable"
TEC-CO-10002697,Technology,Copiers,"Brother Wireless Fax, High-Speed"
OFF-AP-10003538,Office Supplies,Appliances,"Hamilton Beach Microwave, Silver"
OFF-EN-10001768,Office Supplies,Envelopes,"Kraft Clasp Envelope, with clear poly window"
FUR-BO-10001216,Furniture,Bookcases,"Sauder 3-Shelf Cabinet, Mobile"
TEC-PH-10000018,Technology,Phones,"Nokia Smart Phone, Full Size"
OFF-ST-10004687,Office Supplies,Storage,"Eldon Lockers, Industrial"
OFF-LA-10003821,Office Supplies,Labels,"Smead Shipping Labels, Alphabetical"
TEC-CO-10004481,Technology,Copiers,"Canon Fax and Copier, Color"
OFF-EN-10004649,Office Supplies,Envelopes,"Cameo Mailers, with clear poly window"
OFF-LA-10004545,Office Supplies,Labels,Avery 50
FUR-LES-10000904,Furniture,Tables,"Lesro Training Table, with Bottom Storage"
OFF-SU-10001137,Office Supplies,Supplies,"Kleencut Scissors, High Speed"
OFF-SU-10004192,Office Supplies,Supplies,"Fiskars Ruler, Easy Grip"
OFF-BI-10001982,Office Supplies,Binders,Wilson Jones Custom Binder Spines & Labels
OFF-PA-10002709,Office Supplies,Paper,Xerox 1956
OFF-ST-10001097,Office Supplies,Storage,Office Impressions Heavy Duty Welded Shelving & Multimedia Storage Drawers
OFF-FA-10003717,Office Supplies,Fasteners,"Stockwell Clamps, Metal"
OFF-SU-10000835,Office Supplies,Supplies,"Acme Box Cutter, Steel"
OFF-EN-10000461,Office Supplies,Envelopes,"#10- 4 1/8"" x 9 1/2"" Recycled Envelopes"
FUR-FU-10001950,Furniture,Furnishings,"Eldon Door Stop, Black"
TEC-PH-10002332,Technology,Phones,"Motorola Audio Dock, VoIP"
OFF-KLE-10000552,Office Supplies,Supplies,"Kleencut Shears, Steel"
TEC-MA-10002898,Technology,Machines,"StarTech Printer, Durable"
FUR-FU-10000783,Furniture,Furnishings,"Advantus Light Bulb, Durable"
FUR-CH-10000133,Furniture,Chairs,"Harbour Creations Steel Folding Chair, Black"
OFF-BI-10002706,Office Supplies,Binders,Avery Premier Heavy-Duty Binder with Round Locking Rings
OFF-ENE-10000935,Office Supplies,Paper,"Enermax Memo Slips, Premium"
OFF-TEN-10001480,Office Supplies,Storage,"Tenex Trays, Single Width"
OFF-PA-10001086,Office Supplies,Paper,"Enermax Cards & Envelopes, Multicolor"
OFF-AR-10001972,Office Supplies,Art,Newell 323
TEC-AC-10000115,Technology,Accessories,"SanDisk Keyboard, USB"
TEC-STA-10004536,Technology,Machines,"StarTech Inkjet, Wireless"
FUR-TA-10002979,Furniture,Tables,"Bevis Coffee Table, Rectangular"
OFF-EN-10003850,Office Supplies,Envelopes,"GlobeWeis Clasp Envelope, Security-Tint"
OFF-BI-10004078,Office Supplies,Binders,"Wilson Jones 3-Hole Punch, Clear"
OFF-BI-10004980,Office Supplies,Binders,"Cardinal Hole Reinforcements, Recycled"
TEC-CO-10002089,Technology,Copiers,"Brother Personal Copier, Laser"
OFF-ST-10001752,Office Supplies,Storage,"Tenex Shelving, Wire Frame"
TEC-AC-10002289,Technology,Accessories,"SanDisk Numeric Keypad, Erganomic"
TEC-PH-10002935,Technology,Phones,"Samsung Smart Phone, VoIP"
FUR-CH-10003336,Furniture,Chairs,"SAFCO Chairmat, Adjustable"
OFF-EN-10001533,Office Supplies,Envelopes,"Kraft Mailers, with clear poly window"
FUR-CH-10002782,Furniture,Chairs,"Office Star Executive Leather Armchair, Adjustable"
OFF-XER-10002256,Office Supplies,Paper,"Xerox Note Cards, Recycled"
OFF-BI-10003856,Office Supplies,Binders,"Ibico Index Tab, Clear"
OFF-AR-10001176,Office Supplies,Art,"Sanford Pens, Water Color"
TEC-MOT-10002689,Technology,Phones,"Motorola Headset, Cordless"
OFF-EN-10003472,Office Supplies,Envelopes,"Cameo Clasp Envelope, Security-Tint"
OFF-PA-10004034,Office Supplies,Paper,"Green Bar Parchment Paper, 8.5 x 11"
OFF-CAR-10004229,Office Supplies,Binders,"Cardinal Index Tab, Clear"
OFF-STO-10000631,Office Supplies,Fasteners,"Stockwell Push Pins, Assorted Sizes"
OFF-LA-10004919,Office Supplies,Labels,"Smead Color Coded Labels, Alphabetical"
OFF-AP-10003431,Office Supplies,Appliances,"Hamilton Beach Toaster, Red"
OFF-FEL-10000998,Office Supplies,Storage,"Fellowes Box, Single Width"
OFF-PA-10000721,Office Supplies,Paper,"Enermax Cards & Envelopes, Recycled"
FUR-CH-10004698,Furniture,Chairs,"Padded Folding Chairs, Black, 4/Carton"
FUR-HON-10000344,Furniture,Chairs,"Hon Rocking Chair, Red"
OFF-AR-10003521,Office Supplies,Art,"Stanley Highlighters, Easy-Erase"
TEC-AC-10002800,Technology,Accessories,Plantronics Audio 478 Stereo USB Headset
OFF-ST-10003470,Office Supplies,Storage,"Tennsco Snap-Together Open Shelving Units, Starter Sets and Add-On Units"
TEC-PH-10000785,Technology,Phones,"Apple Speaker Phone, Cordless"
OFF-AR-10001271,Office Supplies,Art,"Sanford Markers, Fluorescent"
OFF-ST-10000268,Office Supplies,Storage,"Smead Box, Blue"
OFF-LA-10004933,Office Supplies,Labels,"Harbour Creations Shipping Labels, Adjustable"
OFF-AP-10002536,Office Supplies,Appliances,"Hoover Refrigerator, White"
OFF-EN-10002003,Office Supplies,Envelopes,"Ames Clasp Envelope, Set of 50"
TEC-CO-10002240,Technology,Copiers,"Canon Copy Machine, High-Speed"
OFF-IBI-10001772,Office Supplies,Binders,"Ibico Index Tab, Clear"
TEC-AC-10000512,Technology,Accessories,"Enermax Keyboard, Bluetooth"
OFF-IBI-10000684,Office Supplies,Binders,"Ibico Binding Machine, Clear"
OFF-BRE-10002706,Office Supplies,Appliances,"Breville Microwave, White"
FUR-RUB-10002021,Furniture,Furnishings,"Rubbermaid Light Bulb, Durable"
FUR-SAF-10000204,Furniture,Bookcases,"Safco Library with Doors, Metal"
OFF-ADV-10003030,Office Supplies,Fasteners,"Advantus Staples, 12 Pack"
OFF-BI-10004716,Office Supplies,Binders,Wilson Jones Hanging Recycled Pressboard Data Binders
TEC-AC-10003276,Technology,Accessories,"Enermax Router, USB"
TEC-AC-10002122,Technology,Accessories,"Belkin Keyboard, Erganomic"
OFF-BI-10003166,Office Supplies,Binders,GBC Plasticlear Binding Covers
FUR-HAR-10000441,Furniture,Chairs,"Harbour Creations Rocking Chair, Adjustable"
OFF-AP-10004698,Office Supplies,Appliances,"Breville Microwave, Red"
FUR-CH-10002117,Furniture,Chairs,"Hon Steel Folding Chair, Red"
FUR-TA-10004440,Furniture,Tables,"Chromcraft Wood Table, Fully Assembled"
FUR-TA-10004524,Furniture,Tables,"Bevis Round Table, with Bottom Storage"
OFF-AR-10003629,Office Supplies,Art,"Boston Canvas, Water Color"
OFF-LA-10001549,Office Supplies,Labels,"Harbour Creations Removable Labels, Adjustable"
TEC-CO-10003813,Technology,Copiers,"Sharp Ink, Color"
OFF-PA-10003591,Office Supplies,Paper,Southworth 100% Cotton The Best Paper
OFF-SME-10004518,Office Supplies,Labels,"Smead Legal Exhibit Labels, Laser Printer Compatible"
FUR-BO-10001073,Furniture,Bookcases,"Safco Classic Bookcase, Metal"
FUR-RUB-10004036,Furniture,Furnishings,"Rubbermaid Stacking Tray, Erganomic"
OFF-EN-10004030,Office Supplies,Envelopes,"Kraft Mailers, Security-Tint"
OFF-EN-10001147,Office Supplies,Envelopes,"Jiffy Clasp Envelope, Recycled"
OFF-ST-10001478,Office Supplies,Storage,"Tenex File Cart, Single Width"
TEC-PH-10003589,Technology,Phones,invisibleSHIELD by ZAGG Smudge-Free Screen Protector
OFF-AR-10000703,Office Supplies,Art,"BIC Pens, Water Color"
FUR-TA-10002235,Furniture,Tables,"Chromcraft Round Table, Adjustable Height"
TEC-AC-10002718,Technology,Accessories,Belkin Standard 104 key USB Keyboard
OFF-IBI-10001494,Office Supplies,Binders,"Ibico Index Tab, Durable"
OFF-LA-10002939,Office Supplies,Labels,"Harbour Creations Legal Exhibit Labels, 5000 Label Set"
FUR-HON-10004632,Furniture,Chairs,"Hon Chairmat, Black"
OFF-FA-10001051,Office Supplies,Fasteners,"OIC Rubber Bands, Metal"
OFF-BI-10002827,Office Supplies,Binders,Avery Durable Poly Binders
TEC-SAN-10003238,Technology,Accessories,"SanDisk Router, Erganomic"
TEC-CO-10001192,Technology,Copiers,"HP Personal Copier, Digital"
OFF-FA-10002790,Office Supplies,Fasteners,"Stockwell Push Pins, 12 Pack"
TEC-BRO-10000348,Technology,Copiers,"Brother Copy Machine, High-Speed"
OFF-LA-10001830,Office Supplies,Labels,"Hon Round Labels, Laser Printer Compatible"
FUR-FU-10001557,Furniture,Furnishings,"Advantus Clock, Duo Pack"
OFF-FA-10002526,Office Supplies,Fasteners,"Accos Staples, 12 Pack"
FUR-TA-10002645,Furniture,Tables,Hon Rectangular Conference Tables
TEC-PH-10002695,Technology,Phones,"Samsung Headset, with Caller ID"
TEC-PH-10001288,Technology,Phones,"Motorola Speaker Phone, with Caller ID"
TEC-MA-10003326,Technology,Machines,"Epson Printer, Red"
TEC-HEW-10004690,Technology,Copiers,"Hewlett Fax and Copier, High-Speed"
OFF-AR-10000603,Office Supplies,Art,"Boston Highlighters, Water Color"
OFF-AR-10001072,Office Supplies,Art,"Sanford Pens, Fluorescent"
OFF-AR-10003117,Office Supplies,Art,"BIC Pencil Sharpener, Blue"
OFF-HAR-10004099,Office Supplies,Labels,"Harbour Creations Removable Labels, 5000 Label Set"
OFF-IBI-10004916,Office Supplies,Binders,"Ibico Binder Covers, Recycled"
FUR-CH-10001150,Furniture,Chairs,"SAFCO Steel Folding Chair, Red"
FUR-FU-10004549,Furniture,Furnishings,"Advantus Frame, Erganomic"
TEC-AC-10003704,Technology,Accessories,"Memorex Flash Drive, Erganomic"
OFF-ST-10000922,Office Supplies,Storage,"Eldon File Cart, Blue"
OFF-EAT-10001933,Office Supplies,Paper,"Eaton Cards & Envelopes, Recycled"
TEC-MA-10004521,Technology,Machines,Epson Perfection V600 Photo Scanner
OFF-BI-10003519,Office Supplies,Binders,"Acco 3-Hole Punch, Economy"
OFF-AR-10000401,Office Supplies,Art,"Binney & Smith Highlighters, Water Color"
OFF-EN-10002166,Office Supplies,Envelopes,"Cameo Manila Envelope, with clear poly window"
OFF-EN-10002140,Office Supplies,Envelopes,"Jiffy Business Envelopes, Recycled"
FUR-FU-10004848,Furniture,Furnishings,"Howard Miller 13-3/4"" Diameter Brushed Chrome Round Wall Clock"
TEC-AC-10004679,Technology,Accessories,"Enermax Flash Drive, Programmable"
TEC-KON-10004735,Technology,Machines,"Konica Card Printer, White"
OFF-SME-10004160,Office Supplies,Storage,"Smead Folders, Wire Frame"
OFF-PA-10004971,Office Supplies,Paper,Xerox 196
OFF-FA-10004993,Office Supplies,Fasteners,"OIC Paper Clips, Metal"
TEC-EPS-10004111,Technology,Machines,"Epson Inkjet, Wireless"
OFF-SU-10000079,Office Supplies,Supplies,"Fiskars Trimmer, Serrated"
TEC-PH-10004618,Technology,Phones,"Motorola Speaker Phone, VoIP"
TEC-PH-10001708,Technology,Phones,"Cisco Audio Dock, with Caller ID"
TEC-AC-10003237,Technology,Accessories,Memorex Micro Travel Drive 4 GB
FUR-BUS-10004644,Furniture,Bookcases,"Bush Library with Doors, Pine"
TEC-AC-10002883,Technology,Accessories,"Belkin Flash Drive, USB"
TEC-AC-10002458,Technology,Accessories,"Logitech Mouse, Bluetooth"
TEC-CO-10001407,Technology,Copiers,"Canon Ink, Digital"
OFF-BI-10002523,Office Supplies,Binders,"Wilson Jones Index Tab, Economy"
OFF-PA-10002219,Office Supplies,Paper,"SanDisk Parchment Paper, Multicolor"
FUR-SAF-10003745,Furniture,Chairs,"SAFCO Rocking Chair, Set of Two"
OFF-EN-10003838,Office Supplies,Envelopes,"Cameo Peel and Seal, with clear poly window"
TEC-PH-10002555,Technology,Phones,Nortel Meridian M5316 Digital phone
OFF-HOO-10003653,Office Supplies,Appliances,"Hoover Stove, Silver"
TEC-AC-10001791,Technology,Accessories,"Memorex Mouse, Programmable"
TEC-KON-10000562,Technology,Machines,"Konica Phone, Wireless"
FUR-BO-10001708,Furniture,Bookcases,"Safco Stackable Bookrack, Pine"
OFF-ST-10000288,Office Supplies,Storage,"Fellowes Lockers, Industrial"
OFF-EN-10003669,Office Supplies,Envelopes,"Jiffy Mailers, Security-Tint"
OFF-SAN-10001542,Office Supplies,Paper,"SanDisk Note Cards, Multicolor"
OFF-LA-10002996,Office Supplies,Labels,"Avery Removable Labels, Laser Printer Compatible"
TEC-MA-10004626,Technology,Machines,Lexmark 20R1285 X6650 Wireless All-in-One Printer
FUR-TA-10001664,Furniture,Tables,"Chromcraft Conference Table, with Bottom Storage"
FUR-FU-10004816,Furniture,Furnishings,"Advantus Door Stop, Duo Pack"
FUR-CH-10002088,Furniture,Chairs,"Novimex Steel Folding Chair, Set of Two"
OFF-LA-10003327,Office Supplies,Labels,"Hon Legal Exhibit Labels, Adjustable"
FUR-OFF-10000303,Furniture,Chairs,"Office Star Rocking Chair, Set of Two"
FUR-BO-10002613,Furniture,Bookcases,"Atlantic Metals Mobile 4-Shelf Bookcases, Custom Colors"
FUR-BO-10003878,Furniture,Bookcases,"Safco Corner Shelving, Mobile"
OFF-FA-10003332,Office Supplies,Fasteners,"Accos Push Pins, 12 Pack"
OFF-AR-10001547,Office Supplies,Art,Newell 311
OFF-LA-10004487,Office Supplies,Labels,"Harbour Creations Shipping Labels, Alphabetical"
OFF-LA-10003210,Office Supplies,Labels,"Harbour Creations File Folder Labels, Laser Printer Compatible"
OFF-PA-10002377,Office Supplies,Paper,"Adams Telephone Message Book W/Dividers/Space For Phone Numbers, 5 1/4""X8 1/2"", 200/Messages"
FUR-TA-10004730,Furniture,Tables,"Barricks Training Table, Adjustable Height"
FUR-BO-10002324,Furniture,Bookcases,"Sauder Stackable Bookrack, Pine"
OFF-ST-10001932,Office Supplies,Storage,Fellowes Staxonsteel Drawer Files
TEC-PH-10002310,Technology,Phones,Plantronics Calisto P620-M USB Wireless Speakerphone System
OFF-EN-10002728,Office Supplies,Envelopes,"GlobeWeis Interoffice Envelope, Set of 50"
TEC-CO-10001630,Technology,Copiers,"Canon Personal Copier, Digital"
OFF-EAT-10003405,Office Supplies,Paper,"Eaton Parchment Paper, Multicolor"
OFF-LA-10000452,Office Supplies,Labels,Avery 488
TEC-MOT-10001535,Technology,Phones,"Motorola Headset, VoIP"
OFF-ENE-10001117,Office Supplies,Paper,"Enermax Message Books, 8.5 x 11"
OFF-LA-10002353,Office Supplies,Labels,"Harbour Creations Legal Exhibit Labels, Laser Printer Compatible"
FUR-FU-10001322,Furniture,Furnishings,"Deflect-O Clock, Durable"
TEC-SAM-10001843,Technology,Phones,"Samsung Audio Dock, Full Size"
OFF-AP-10004511,Office Supplies,Appliances,"Cuisinart Refrigerator, Black"
TEC-PH-10003457,Technology,Phones,"Cisco Smart Phone, Full Size"
OFF-SU-10003789,Office Supplies,Supplies,"Fiskars Box Cutter, Steel"
OFF-BI-10002296,Office Supplies,Binders,"Acco Binder Covers, Economy"
OFF-AP-10000335,Office Supplies,Appliances,"Cuisinart Microwave, Red"
TEC-CO-10001413,Technology,Copiers,"Hewlett Wireless Fax, High-Speed"
TEC-AC-10004001,Technology,Accessories,Logitech Wireless Headset H600 Over-The-Head Design
TEC-CO-10001301,Technology,Copiers,"Sharp Copy Machine, Laser"
OFF-SU-10002445,Office Supplies,Supplies,"Fiskars Trimmer, High Speed"
OFF-GLO-10000813,Office Supplies,Envelopes,"GlobeWeis Mailers, Recycled"
FUR-FU-10002699,Furniture,Furnishings,"Eldon Photo Frame, Erganomic"
FUR-FU-10000499,Furniture,Furnishings,"Tenex Light Bulb, Duo Pack"
OFF-BI-10000968,Office Supplies,Binders,"Acco Hole Reinforcements, Recycled"
TEC-CO-10003236,Technology,Copiers,Canon Image Class D660 Copier
OFF-ST-10000710,Office Supplies,Storage,"Smead Shelving, Blue"
OFF-BI-10002738,Office Supplies,Binders,"Acco Index Tab, Clear"
TEC-PH-10002392,Technology,Phones,"Nokia Signal Booster, Cordless"
OFF-SU-10001382,Office Supplies,Supplies,"Elite Trimmer, Steel"
TEC-AC-10004117,Technology,Accessories,"Logitech Flash Drive, Programmable"
TEC-PH-10000289,Technology,Phones,"Samsung Audio Dock, Full Size"
TEC-AC-10002153,Technology,Accessories,"Logitech Memory Card, Bluetooth"
FUR-SAU-10002642,Furniture,Bookcases,"Sauder 3-Shelf Cabinet, Traditional"
TEC-AC-10003814,Technology,Accessories,"Belkin Router, Programmable"
OFF-ST-10002085,Office Supplies,Storage,"Tenex File Cart, Industrial"
OFF-AP-10001299,Office Supplies,Appliances,"Cuisinart Microwave, Silver"
OFF-ST-10000872,Office Supplies,Storage,"Fellowes File Cart, Single Width"
OFF-PA-10002558,Office Supplies,Paper,Xerox 1938
TEC-PH-10002871,Technology,Phones,"Motorola Audio Dock, with Caller ID"
FUR-SAU-10003795,Furniture,Bookcases,"Sauder Corner Shelving, Traditional"
TEC-CO-10002113,Technology,Copiers,"Canon Ink, Digital"
OFF-PA-10001526,Office Supplies,Paper,Xerox 1949
OFF-STI-10001136,Office Supplies,Supplies,"Stiletto Letter Opener, Easy Grip"
OFF-AR-10002513,Office Supplies,Art,"Sanford Sketch Pad, Blue"
OFF-ELD-10000151,Office Supplies,Storage,"Eldon File Cart, Industrial"
OFF-OIC-10002160,Office Supplies,Fasteners,"OIC Rubber Bands, 12 Pack"
OFF-AR-10003217,Office Supplies,Art,"Sanford Highlighters, Fluorescent"
OFF-PA-10001085,Office Supplies,Paper,"Eaton Computer Printout Paper, Premium"
TEC-MA-10002428,Technology,Machines,Fellowes Powershred HS-440 4-Sheet High Security Shredder
OFF-PA-10003492,Office Supplies,Paper,"Green Bar Computer Printout Paper, Recycled"
OFF-LA-10003084,Office Supplies,Labels,"Avery File Folder Labels, Alphabetical"
OFF-SU-10000946,Office Supplies,Supplies,Staples
TEC-CO-10000660,Technology,Copiers,"Hewlett Copy Machine, Color"
OFF-AP-10003210,Office Supplies,Appliances,"Cuisinart Toaster, White"
FUR-FU-10000541,Furniture,Furnishings,"Advantus Frame, Duo Pack"
FUR-BO-10003206,Furniture,Bookcases,"Sauder Floating Shelf Set, Pine"
FUR-BO-10004999,Furniture,Bookcases,"Safco Classic Bookcase, Metal"
OFF-FA-10003139,Office Supplies,Fasteners,"Advantus Push Pins, Assorted Sizes"
OFF-PA-10002230,Office Supplies,Paper,Xerox 1897
FUR-TA-10004406,Furniture,Tables,"Bevis Computer Table, Fully Assembled"
OFF-ST-10000007,Office Supplies,Storage,"Fellowes File Cart, Single Width"
OFF-ST-10002605,Office Supplies,Storage,"Smead Box, Wire Frame"
OFF-BI-10002289,Office Supplies,Binders,"Ibico Binder, Economy"
FUR-BO-10002529,Furniture,Bookcases,"Safco Library with Doors, Metal"
OFF-PA-10001302,Office Supplies,Paper,"Eaton Memo Slips, Recycled"
OFF-ST-10002800,Office Supplies,Storage,"Tenex Folders, Industrial"
FUR-HON-10003080,Furniture,Tables,"Hon Computer Table, Adjustable Height"
TEC-SAN-10004027,Technology,Accessories,"SanDisk Memory Card, Bluetooth"
OFF-BOS-10001511,Office Supplies,Art,"Boston Canvas, Fluorescent"
OFF-AP-10003917,Office Supplies,Appliances,"KitchenAid Stove, Silver"
OFF-PA-10004948,Office Supplies,Paper,Xerox 190
OFF-EN-10001711,Office Supplies,Envelopes,"Ames Clasp Envelope, with clear poly window"
OFF-WIL-10001069,Office Supplies,Binders,"Wilson Jones Hole Reinforcements, Clear"
FUR-FU-10002665,Furniture,Furnishings,"Advantus Light Bulb, Erganomic"
OFF-AR-10001132,Office Supplies,Art,"BIC Markers, Blue"
OFF-ST-10000485,Office Supplies,Storage,"Fellowes Folders, Single Width"
FUR-TA-10002951,Furniture,Tables,"Barricks Round Table, Adjustable Height"
OFF-PA-10000483,Office Supplies,Paper,Xerox 19
OFF-BI-10001266,Office Supplies,Binders,"Acco 3-Hole Punch, Economy"
OFF-ST-10002670,Office Supplies,Storage,"Smead Folders, Industrial"
OFF-ACC-10004538,Office Supplies,Binders,"Acco Binder Covers, Recycled"
FUR-BO-10000087,Furniture,Bookcases,"Dania Classic Bookcase, Mobile"
TEC-CAN-10004913,Technology,Copiers,"Canon Copy Machine, Laser"
OFF-ROG-10004646,Office Supplies,Storage,"Rogers File Cart, Blue"
OFF-LA-10002469,Office Supplies,Labels,"Harbour Creations Shipping Labels, Laser Printer Compatible"
OFF-LA-10003372,Office Supplies,Labels,"Smead Round Labels, Alphabetical"
TEC-AC-10003262,Technology,Accessories,"Belkin Router, Erganomic"
TEC-MA-10003787,Technology,Machines,"Panasonic Inkjet, Wireless"
OFF-PA-10001516,Office Supplies,Paper,"Xerox Note Cards, Recycled"
OFF-ST-10004597,Office Supplies,Storage,"Eldon File Cart, Industrial"
OFF-HOO-10003246,Office Supplies,Appliances,"Hoover Blender, Black"
OFF-AR-10004424,Office Supplies,Art,"Boston Markers, Blue"
FUR-TA-10003055,Furniture,Tables,"Lesro Round Table, Fully Assembled"
TEC-PH-10002310,Technology,Phones,Panasonic KX T7731-B Digital phone
OFF-AVE-10000065,Office Supplies,Labels,"Avery Removable Labels, Alphabetical"
FUR-CH-10003353,Furniture,Chairs,"Hon Executive Leather Armchair, Black"
TEC-MA-10001372,Technology,Machines,"Konica Card Printer, White"
FUR-FU-10001979,Furniture,Furnishings,Dana Halogen Swing-Arm Architect Lamp
OFF-ST-10003638,Office Supplies,Storage,Mobile Personal File Cube
OFF-PA-10000682,Office Supplies,Paper,Xerox 1924
TEC-PH-10002018,Technology,Phones,"Samsung Audio Dock, VoIP"
FUR-FU-10000175,Furniture,Furnishings,DAX Wood Document Frame.
TEC-KON-10002309,Technology,Machines,"Konica Inkjet, Wireless"
OFF-STA-10004885,Office Supplies,Art,"Stanley Sketch Pad, Easy-Erase"
OFF-BI-10001058,Office Supplies,Binders,"Ibico Binding Machine, Clear"
OFF-AME-10002652,Office Supplies,Envelopes,"Ames Peel and Seal, Set of 50"
OFF-ST-10004660,Office Supplies,Storage,"Fellowes Box, Single Width"
TEC-AC-10003753,Technology,Accessories,"SanDisk Router, Programmable"
FUR-CH-10002060,Furniture,Chairs,"SAFCO Rocking Chair, Adjustable"
OFF-ACC-10003265,Office Supplies,Fasteners,"Accos Rubber Bands, Bulk Pack"
FUR-CH-10001271,Furniture,Chairs,"SAFCO Executive Leather Armchair, Red"
OFF-PA-10001971,Office Supplies,Paper,"Eaton Memo Slips, Premium"
OFF-BI-10001987,Office Supplies,Binders,"Acco Binding Machine, Economy"
OFF-PA-10001409,Office Supplies,Paper,"Green Bar Memo Slips, Multicolor"
FUR-FU-10001095,Furniture,Furnishings,DAX Black Cherry Wood-Tone Poster Frame
TEC-STA-10004927,Technology,Machines,"StarTech Receipt Printer, Wireless"
OFF-PA-10000069,Office Supplies,Paper,"TOPS 4 x 6 Fluorescent Color Memo Sheets, 500 Sheets per Pack"
TEC-PAN-10003382,Technology,Machines,"Panasonic Card Printer, Durable"
OFF-FA-10002264,Office Supplies,Fasteners,"Advantus Rubber Bands, Assorted Sizes"
OFF-AP-10004946,Office Supplies,Appliances,"KitchenAid Toaster, Black"
OFF-ST-10001186,Office Supplies,Storage,"Rogers Trays, Industrial"
TEC-CO-10001157,Technology,Copiers,"Hewlett Personal Copier, Color"
OFF-PA-10002499,Office Supplies,Paper,Xerox 1890
TEC-AC-10001432,Technology,Accessories,Enermax Aurora Lite Keyboard
OFF-AP-10001891,Office Supplies,Appliances,"Cuisinart Coffee Grinder, Black"
OFF-EN-10000615,Office Supplies,Envelopes,"Jiffy Mailers, Security-Tint"
OFF-BI-10000894,Office Supplies,Binders,"Avery Binder Covers, Clear"
OFF-LA-10002195,Office Supplies,Labels,Avery 481
OFF-BIC-10002722,Office Supplies,Art,"BIC Pens, Water Color"
OFF-FA-10001764,Office Supplies,Fasteners,"OIC Staples, Bulk Pack"
OFF-HAM-10002778,Office Supplies,Appliances,"Hamilton Beach Microwave, Black"
OFF-BI-10002859,Office Supplies,Binders,"Acco Binder, Clear"
TEC-MA-10001792,Technology,Machines,"Epson Inkjet, White"
OFF-AR-10003461,Office Supplies,Art,"Stanley Pencil Sharpener, Easy-Erase"
TEC-AC-10002389,Technology,Accessories,"Enermax Mouse, USB"
OFF-LA-10001731,Office Supplies,Labels,"Avery Removable Labels, Alphabetical"
TEC-AC-10001876,Technology,Accessories,"Logitech Memory Card, USB"
TEC-PH-10004184,Technology,Phones,"Motorola Headset, with Caller ID"
FUR-BO-10002981,Furniture,Bookcases,"Bush Floating Shelf Set, Metal"
OFF-EN-10003068,Office Supplies,Envelopes,#6 3/4 Gummed Flap White Envelopes
TEC-NOK-10001844,Technology,Phones,"Nokia Office Telephone, with Caller ID"
OFF-BI-10003718,Office Supplies,Binders,"Avery Index Tab, Clear"
TEC-MA-10000605,Technology,Machines,"Epson Card Printer, Wireless"
OFF-EN-10000898,Office Supplies,Envelopes,"Ames Interoffice Envelope, Security-Tint"
TEC-CO-10001008,Technology,Copiers,"Canon Fax and Copier, Laser"
OFF-SU-10003234,Office Supplies,Supplies,"Acme Box Cutter, Easy Grip"
FUR-FU-10004516,Furniture,Furnishings,"Deflect-O Frame, Black"
TEC-AC-10003407,Technology,Accessories,"Memorex Mouse, Erganomic"
TEC-PH-10002708,Technology,Phones,"Nokia Speaker Phone, with Caller ID"
FUR-TA-10000649,Furniture,Tables,"Bevis Computer Table, Adjustable Height"
FUR-BO-10000071,Furniture,Bookcases,"Safco 3-Shelf Cabinet, Metal"
OFF-FA-10002100,Office Supplies,Fasteners,"OIC Paper Clips, 12 Pack"
TEC-AC-10000540,Technology,Accessories,"Logitech Mouse, Erganomic"
FUR-IKE-10001301,Furniture,Bookcases,"Ikea Stackable Bookrack, Pine"
FUR-BO-10003103,Furniture,Bookcases,"Ikea Classic Bookcase, Metal"
OFF-BI-10003708,Office Supplies,Binders,"Avery Binder, Economy"
TEC-MA-10004249,Technology,Machines,"Epson Calculator, Durable"
OFF-PA-10001870,Office Supplies,Paper,Xerox 202
OFF-ST-10000419,Office Supplies,Storage,"Rogers Jumbo File, Granite"
OFF-PA-10003868,Office Supplies,Paper,"SanDisk Cards & Envelopes, Recycled"
OFF-BI-10001622,Office Supplies,Binders,"Acco 3-Hole Punch, Durable"
TEC-MEM-10000649,Technology,Accessories,"Memorex Numeric Keypad, Bluetooth"
OFF-FA-10002120,Office Supplies,Fasteners,"Advantus Paper Clips, Assorted Sizes"
TEC-PH-10000373,Technology,Phones,"Motorola Speaker Phone, with Caller ID"
OFF-PA-10003380,Office Supplies,Paper,"Green Bar Memo Slips, Multicolor"
FUR-FU-10000672,Furniture,Furnishings,"Executive Impressions 10"" Spectator Wall Clock"
OFF-OIC-10004999,Office Supplies,Fasteners,"OIC Push Pins, Metal"
OFF-EAT-10004051,Office Supplies,Paper,"Eaton Memo Slips, Recycled"
OFF-AP-10004755,Office Supplies,Appliances,"KitchenAid Microwave, Black"
OFF-GLO-10001688,Office Supplies,Envelopes,"GlobeWeis Manila Envelope, Recycled"
TEC-HP -10004149,Technology,Copiers,"HP Copy Machine, Color"
OFF-WIL-10001495,Office Supplies,Binders,"Wilson Jones Index Tab, Recycled"
OFF-BI-10004179,Office Supplies,Binders,"Avery 3-Hole Punch, Clear"
OFF-BI-10003305,Office Supplies,Binders,Avery Hanging File Binders
FUR-CH-10002768,Furniture,Chairs,"Office Star Swivel Stool, Black"
OFF-PA-10003892,Office Supplies,Paper,Xerox 1943
OFF-BI-10001927,Office Supplies,Binders,"Ibico Binding Machine, Durable"
TEC-PH-10001494,Technology,Phones,Polycom CX600 IP Phone VoIP phone
FUR-SAF-10004530,Furniture,Bookcases,"Safco Floating Shelf Set, Traditional"
FUR-CH-10002817,Furniture,Chairs,"Harbour Creations Chairmat, Set of Two"
TEC-PH-10000072,Technology,Phones,"Cisco Speaker Phone, VoIP"
FUR-BO-10002334,Furniture,Bookcases,"Ikea 3-Shelf Cabinet, Pine"
OFF-AP-10001058,Office Supplies,Appliances,Sanyo 2.5 Cubic Foot Mid-Size Office Refrigerators
OFF-IBI-10002805,Office Supplies,Binders,"Ibico 3-Hole Punch, Economy"
OFF-AP-10000226,Office Supplies,Appliances,"Hoover Coffee Grinder, Black"
OFF-PA-10003365,Office Supplies,Paper,"Eaton Cards & Envelopes, Multicolor"
TEC-MA-10000172,Technology,Machines,"StarTech Inkjet, Wireless"
FUR-BO-10000670,Furniture,Bookcases,"Dania Corner Shelving, Metal"
OFF-CAM-10001341,Office Supplies,Envelopes,"Cameo Business Envelopes, Recycled"
OFF-IBI-10001640,Office Supplies,Binders,"Ibico Hole Reinforcements, Economy"
OFF-LA-10001202,Office Supplies,Labels,"Avery Legal Exhibit Labels, 5000 Label Set"
OFF-AR-10000578,Office Supplies,Art,"BIC Pencil Sharpener, Fluorescent"
TEC-AC-10002145,Technology,Accessories,"Belkin Memory Card, Programmable"
FUR-BO-10001779,Furniture,Bookcases,"Safco Stackable Bookrack, Pine"
FUR-FU-10004017,Furniture,Furnishings,"Executive Impressions 13"" Chairman Wall Clock"
OFF-ST-10000423,Office Supplies,Storage,"Rogers Trays, Blue"
OFF-FA-10000801,Office Supplies,Fasteners,"Advantus Paper Clips, Assorted Sizes"
OFF-HAR-10000187,Office Supplies,Labels,"Harbour Creations Color Coded Labels, Alphabetical"
FUR-FU-10003264,Furniture,Furnishings,"Rubbermaid Clock, Black"
OFF-LA-10003285,Office Supplies,Labels,"Avery Removable Labels, Adjustable"
OFF-LA-10002475,Office Supplies,Labels,Avery 519
OFF-AP-10004220,Office Supplies,Appliances,"Hamilton Beach Coffee Grinder, White"
OFF-BI-10001397,Office Supplies,Binders,"Ibico Binder, Economy"
TEC-PH-10001128,Technology,Phones,Motorola Droid Maxx
FUR-HAR-10003770,Furniture,Chairs,"Harbour Creations Steel Folding Chair, Set of Two"
FUR-CH-10003312,Furniture,Chairs,"SAFCO Swivel Stool, Adjustable"
TEC-PH-10004085,Technology,Phones,"Apple Audio Dock, with Caller ID"
OFF-FA-10003266,Office Supplies,Fasteners,"Stockwell Clamps, Assorted Sizes"
OFF-LA-10001256,Office Supplies,Labels,"Novimex Round Labels, Alphabetical"
OFF-LA-10000707,Office Supplies,Labels,"Avery Legal Exhibit Labels, Adjustable"
TEC-CO-10000778,Technology,Copiers,"Sharp Fax and Copier, Color"
OFF-AVE-10000432,Office Supplies,Binders,"Avery Index Tab, Clear"
OFF-AR-10000614,Office Supplies,Art,"Sanford Markers, Blue"
OFF-EN-10002784,Office Supplies,Envelopes,"Cameo Manila Envelope, Recycled"
OFF-HAM-10001302,Office Supplies,Appliances,"Hamilton Beach Microwave, White"
TEC-CIS-10003501,Technology,Phones,"Cisco Signal Booster, Full Size"
OFF-SME-10003305,Office Supplies,Labels,"Smead File Folder Labels, Adjustable"
OFF-AP-10003590,Office Supplies,Appliances,Hoover WindTunnel Plus Canister Vacuum
FUR-CH-10004754,Furniture,Chairs,"Global Stack Chair with Arms, Black"
OFF-CUI-10002022,Office Supplies,Appliances,"Cuisinart Refrigerator, Black"
OFF-BI-10003429,Office Supplies,Binders,"Cardinal HOLDit! Binder Insert Strips,Extra Strips"
FUR-BO-10003159,Furniture,Bookcases,"Sauder Camden County Collection Libraries, Planked Cherry Finish"
OFF-BI-10004054,Office Supplies,Binders,"Cardinal Hole Reinforcements, Economy"
TEC-AC-10003824,Technology,Accessories,"Logitech Numeric Keypad, Bluetooth"
OFF-ST-10003206,Office Supplies,Storage,"Eldon Shelving, Blue"
TEC-BRO-10003986,Technology,Copiers,"Brother Personal Copier, Color"
OFF-PA-10001878,Office Supplies,Paper,Xerox 1891
TEC-AC-10002257,Technology,Accessories,"Logitech Numeric Keypad, Bluetooth"
OFF-AP-10004186,Office Supplies,Appliances,"Breville Refrigerator, Black"
FUR-FU-10002614,Furniture,Furnishings,"Tenex Door Stop, Black"
FUR-IKE-10003576,Furniture,Bookcases,"Ikea Floating Shelf Set, Pine"
OFF-BI-10004728,Office Supplies,Binders,Wilson Jones Turn Tabs Binder Tool for Ring Binders
TEC-AC-10003657,Technology,Accessories,Lenovo 17-Key USB Numeric Keypad
FUR-FU-10002659,Furniture,Furnishings,"Tenex Door Stop, Erganomic"
TEC-MA-10002779,Technology,Machines,"Panasonic Receipt Printer, Red"
OFF-FA-10001718,Office Supplies,Fasteners,"Accos Staples, Assorted Sizes"
OFF-BI-10002681,Office Supplies,Binders,"Ibico Binder, Clear"
OFF-GRE-10002561,Office Supplies,Paper,"Green Bar Message Books, Premium"
OFF-EN-10004744,Office Supplies,Envelopes,"GlobeWeis Mailers, with clear poly window"
OFF-ST-10000642,Office Supplies,Storage,"Tennsco Lockers, Gray"
OFF-KIT-10004515,Office Supplies,Appliances,"KitchenAid Microwave, Red"
FUR-TA-10000052,Furniture,Tables,"Hon Training Table, Adjustable Height"
FUR-TA-10001726,Furniture,Tables,"Bevis Coffee Table, Fully Assembled"
FUR-BO-10000288,Furniture,Bookcases,"Safco Classic Bookcase, Traditional"
OFF-FA-10004339,Office Supplies,Fasteners,"Stockwell Staples, Metal"
FUR-DEF-10000639,Furniture,Furnishings,"Deflect-O Photo Frame, Black"
TEC-AC-10003103,Technology,Accessories,"SanDisk Keyboard, Erganomic"
OFF-AP-10001274,Office Supplies,Appliances,"Hoover Microwave, Black"
OFF-EN-10003623,Office Supplies,Envelopes,"GlobeWeis Interoffice Envelope, Set of 50"
TEC-CO-10003226,Technology,Copiers,"Canon Fax Machine, Laser"
FUR-FU-10004503,Furniture,Furnishings,"Tenex Photo Frame, Black"
OFF-FA-10003817,Office Supplies,Fasteners,"Stockwell Clamps, Metal"
FUR-BO-10001271,Furniture,Bookcases,"Sauder Classic Bookcase, Pine"
FUR-DAN-10001557,Furniture,Bookcases,"Dania Floating Shelf Set, Pine"
OFF-BI-10004209,Office Supplies,Binders,"Fellowes Twister Kit, Gray/Clear, 3/pkg"
OFF-TEN-10002835,Office Supplies,Storage,"Tenex Lockers, Industrial"
OFF-AR-10002111,Office Supplies,Art,"Sanford Highlighters, Easy-Erase"
TEC-CO-10002083,Technology,Copiers,"HP Fax and Copier, High-Speed"
FUR-FU-10000816,Furniture,Furnishings,"Tenex Clock, Erganomic"
OFF-FIS-10004787,Office Supplies,Supplies,"Fiskars Box Cutter, Steel"
TEC-MA-10001972,Technology,Machines,Okidata C331dn Printer
OFF-ST-10003718,Office Supplies,Storage,"Fellowes Shelving, Single Width"
OFF-EN-10002007,Office Supplies,Envelopes,"Kraft Clasp Envelope, with clear poly window"
FUR-TA-10003887,Furniture,Tables,"Hon Conference Table, Adjustable Height"
FUR-FU-10004313,Furniture,Furnishings,"Eldon Light Bulb, Duo Pack"
OFF-PA-10003039,Office Supplies,Paper,"Xerox Note Cards, 8.5 x 11"
OFF-AR-10001545,Office Supplies,Art,Newell 326
OFF-ST-10002499,Office Supplies,Storage,"Eldon File Cart, Single Width"
OFF-FEL-10001343,Office Supplies,Storage,"Fellowes Box, Wire Frame"
OFF-PA-10002925,Office Supplies,Paper,"Enermax Cards & Envelopes, Multicolor"
FUR-CH-10002093,Furniture,Chairs,"Harbour Creations Rocking Chair, Adjustable"
FUR-CH-10004572,Furniture,Chairs,"Office Star Executive Leather Armchair, Adjustable"
TEC-MA-10000772,Technology,Machines,"Okidata Phone, Durable"
OFF-HOO-10002752,Office Supplies,Appliances,"Hoover Refrigerator, Red"
FUR-FU-10000073,Furniture,Furnishings,Deflect-O Glasstique Clear Desk Accessories
OFF-ACC-10004182,Office Supplies,Binders,"Acco Index Tab, Durable"
OFF-SU-10002448,Office Supplies,Supplies,"Stiletto Trimmer, High Speed"
OFF-FA-10004545,Office Supplies,Fasteners,"Stockwell Push Pins, Metal"
FUR-CH-10000783,Furniture,Chairs,"Office Star Executive Leather Armchair, Adjustable"
TEC-MA-10003329,Technology,Machines,"Vtech AT&T CL2940 Corded Speakerphone, Black"
TEC-NOK-10004339,Technology,Phones,"Nokia Smart Phone, Cordless"
OFF-AP-10000691,Office Supplies,Appliances,"Cuisinart Refrigerator, Red"
TEC-AC-10003776,Technology,Accessories,"Belkin Flash Drive, Programmable"
OFF-LA-10003766,Office Supplies,Labels,Self-Adhesive Removable Labels
TEC-PH-10002079,Technology,Phones,"Motorola Headset, with Caller ID"
OFF-LA-10003381,Office Supplies,Labels,"Novimex Removable Labels, Laser Printer Compatible"
OFF-AR-10000307,Office Supplies,Art,"Binney & Smith Markers, Easy-Erase"
FUR-BO-10003828,Furniture,Bookcases,"Bush 3-Shelf Cabinet, Metal"
TEC-MEM-10001409,Technology,Accessories,"Memorex Keyboard, Bluetooth"
FUR-TA-10003522,Furniture,Tables,"Chromcraft Conference Table, with Bottom Storage"
OFF-SU-10002993,Office Supplies,Supplies,"Fiskars Trimmer, High Speed"
OFF-SU-10002325,Office Supplies,Supplies,"Stiletto Trimmer, High Speed"
TEC-CO-10002586,Technology,Copiers,"Brother Ink, Color"
FUR-FU-10003424,Furniture,Furnishings,Nu-Dell Oak Frame
FUR-LES-10002852,Furniture,Tables,"Lesro Computer Table, Adjustable Height"
TEC-PH-10000774,Technology,Phones,"Motorola Signal Booster, VoIP"
OFF-SU-10002423,Office Supplies,Supplies,"Acme Shears, Steel"
FUR-BO-10003007,Furniture,Bookcases,"Ikea Stackable Bookrack, Metal"
OFF-EN-10000296,Office Supplies,Envelopes,"Cameo Business Envelopes, Security-Tint"
FUR-CH-10003392,Furniture,Chairs,"Novimex Steel Folding Chair, Red"
OFF-EN-10003737,Office Supplies,Envelopes,"Kraft Business Envelopes, Set of 50"
FUR-FU-10000606,Furniture,Furnishings,"Deflect-O Photo Frame, Durable"
TEC-CO-10004997,Technology,Copiers,"Hewlett Wireless Fax, Color"
TEC-CO-10003506,Technology,Copiers,"HP Fax Machine, Laser"
FUR-CH-10004151,Furniture,Chairs,"Harbour Creations Steel Folding Chair, Red"
FUR-BO-10003546,Furniture,Bookcases,Hon 4-Shelf Metal Bookcases
TEC-AC-10003668,Technology,Accessories,"Enermax Mouse, Programmable"
FUR-OFF-10004214,Furniture,Chairs,"Office Star Executive Leather Armchair, Red"
OFF-PA-10001950,Office Supplies,Paper,Southworth 25% Cotton Antique Laid Paper & Envelopes
FUR-TA-10003392,Furniture,Tables,Global Adaptabilities Conference Tables
OFF-ST-10002720,Office Supplies,Storage,"Rogers Shelving, Blue"
OFF-EN-10000606,Office Supplies,Envelopes,"Jiffy Peel and Seal, Set of 50"
OFF-PA-10000816,Office Supplies,Paper,"Enermax Memo Slips, Recycled"
TEC-AC-10002364,Technology,Accessories,"Enermax Router, USB"
OFF-PA-10004124,Office Supplies,Paper,"SanDisk Message Books, 8.5 x 11"
TEC-SAM-10004851,Technology,Phones,"Samsung Office Telephone, with Caller ID"
OFF-LA-10003273,Office Supplies,Labels,"Harbour Creations Color Coded Labels, Adjustable"
FUR-TA-10002931,Furniture,Tables,"Hon Round Table, with Bottom Storage"
TEC-CIS-10001938,Technology,Phones,"Cisco Audio Dock, VoIP"
OFF-FA-10004664,Office Supplies,Fasteners,"Advantus Push Pins, Bulk Pack"
TEC-PH-10002222,Technology,Phones,"Cisco Office Telephone, VoIP"
OFF-AP-10003334,Office Supplies,Appliances,"Cuisinart Coffee Grinder, Silver"
OFF-SAN-10000722,Office Supplies,Paper,"SanDisk Computer Printout Paper, Premium"
FUR-TA-10003008,Furniture,Tables,"Lesro Round Back Collection Coffee Table, End Table"
OFF-SU-10000932,Office Supplies,Supplies,"Fiskars Ruler, High Speed"
OFF-HON-10001204,Office Supplies,Labels,"Hon Color Coded Labels, Alphabetical"
FUR-FU-10001774,Furniture,Furnishings,"Eldon Door Stop, Durable"
TEC-PH-10001699,Technology,Phones,"Samsung Smart Phone, Full Size"
OFF-EAT-10000522,Office Supplies,Paper,"Eaton Computer Printout Paper, Multicolor"
OFF-LA-10000134,Office Supplies,Labels,Avery 511
OFF-HAR-10000495,Office Supplies,Labels,"Harbour Creations Shipping Labels, Adjustable"
OFF-LA-10003140,Office Supplies,Labels,"Harbour Creations Round Labels, Alphabetical"
FUR-FU-10000448,Furniture,Furnishings,Tenex Chairmats For Use With Carpeted Floors
OFF-AR-10004486,Office Supplies,Art,"Sanford Canvas, Blue"
OFF-SU-10004110,Office Supplies,Supplies,"Stiletto Scissors, Serrated"
OFF-FA-10002890,Office Supplies,Fasteners,"Accos Staples, Bulk Pack"
FUR-BO-10001967,Furniture,Bookcases,"Safco Corner Shelving, Mobile"
OFF-OIC-10004536,Office Supplies,Fasteners,"OIC Thumb Tacks, Assorted Sizes"
OFF-ST-10001646,Office Supplies,Storage,"Fellowes Box, Wire Frame"
OFF-AP-10001527,Office Supplies,Appliances,"Hamilton Beach Microwave, Black"
FUR-FU-10000921,Furniture,Furnishings,"Advantus Door Stop, Erganomic"
TEC-AC-10001047,Technology,Accessories,"SanDisk Router, Erganomic"
FUR-CH-10003365,Furniture,Chairs,"Office Star Executive Leather Armchair, Adjustable"
FUR-FU-10002506,Furniture,Furnishings,"Tensor ""Hersey Kiss"" Styled Floor Lamp"
OFF-AR-10002681,Office Supplies,Art,"Stanley Canvas, Fluorescent"
FUR-BO-10004665,Furniture,Bookcases,"Bush Classic Bookcase, Mobile"
OFF-FA-10001115,Office Supplies,Fasteners,"Accos Push Pins, Assorted Sizes"
OFF-AR-10004790,Office Supplies,Art,Staples
OFF-BI-10001359,Office Supplies,Binders,GBC DocuBind TL300 Electric Binding System
OFF-EN-10002973,Office Supplies,Envelopes,Ampad #10 Peel & Seel Holiday Envelopes
OFF-EN-10004846,Office Supplies,Envelopes,Letter or Legal Size Expandable Poly String Tie Envelopes
OFF-ST-10004159,Office Supplies,Storage,"Eldon Lockers, Blue"
OFF-LA-10004738,Office Supplies,Labels,"Harbour Creations Legal Exhibit Labels, Alphabetical"
OFF-BRE-10003382,Office Supplies,Appliances,"Breville Stove, Silver"
OFF-EN-10001038,Office Supplies,Envelopes,"Jiffy Mailers, Set of 50"
OFF-ST-10004835,Office Supplies,Storage,Plastic Stacking Crates & Casters
OFF-EN-10003316,Office Supplies,Envelopes,"Jiffy Business Envelopes, Recycled"
OFF-AME-10002956,Office Supplies,Envelopes,"Ames Business Envelopes, Security-Tint"
TEC-MA-10002633,Technology,Machines,"StarTech Inkjet, Durable"
FUR-CH-10001146,Furniture,Chairs,"Global Value Mid-Back Manager's Chair, Gray"
OFF-FA-10003659,Office Supplies,Fasteners,"Accos Paper Clips, Assorted Sizes"
TEC-CO-10001818,Technology,Copiers,"Brother Ink, Digital"
OFF-SU-10004198,Office Supplies,Supplies,"Kleencut Scissors, Easy Grip"
OFF-ST-10003132,Office Supplies,Storage,"Fellowes Box, Blue"
TEC-PH-10002483,Technology,Phones,Motorola Moto X
FUR-BUS-10003724,Furniture,Bookcases,"Bush Corner Shelving, Metal"
OFF-AR-10001607,Office Supplies,Art,"Stanley Pencil Sharpener, Water Color"
OFF-EN-10001202,Office Supplies,Envelopes,"Kraft Clasp Envelope, with clear poly window"
TEC-CO-10004998,Technology,Copiers,"HP Fax and Copier, Digital"
FUR-FU-10002185,Furniture,Furnishings,"Eldon Photo Frame, Durable"
TEC-AC-10001076,Technology,Accessories,"Memorex Keyboard, USB"
OFF-PA-10002811,Office Supplies,Paper,"Green Bar Message Books, 8.5 x 11"
TEC-AC-10001109,Technology,Accessories,Logitech Trackman Marble Mouse
FUR-CH-10004705,Furniture,Chairs,"Hon Executive Leather Armchair, Black"
OFF-BIN-10000308,Office Supplies,Art,"Binney & Smith Canvas, Water Color"
OFF-FA-10003462,Office Supplies,Fasteners,"Stockwell Thumb Tacks, Assorted Sizes"
OFF-STI-10003148,Office Supplies,Supplies,"Stiletto Trimmer, Serrated"
FUR-TA-10000147,Furniture,Tables,"Lesro Coffee Table, Rectangular"
FUR-FU-10003362,Furniture,Furnishings,"Rubbermaid Stacking Tray, Erganomic"
OFF-LA-10000216,Office Supplies,Labels,"Novimex Round Labels, Alphabetical"
TEC-PH-10003794,Technology,Phones,"Nokia Smart Phone, Full Size"
OFF-ST-10001648,Office Supplies,Storage,"Tenex Shelving, Blue"
FUR-CH-10000568,Furniture,Chairs,"Hon Bag Chairs, Black"
OFF-SU-10001592,Office Supplies,Supplies,"Kleencut Letter Opener, Easy Grip"
TEC-PH-10001117,Technology,Phones,"Apple Smart Phone, Full Size"
OFF-FA-10004108,Office Supplies,Fasteners,"Accos Rubber Bands, 12 Pack"
TEC-CIS-10002814,Technology,Phones,"Cisco Headset, Cordless"
TEC-MA-10001726,Technology,Machines,"Epson Receipt Printer, White"
OFF-AR-10004519,Office Supplies,Art,"Boston Canvas, Fluorescent"
OFF-LA-10004008,Office Supplies,Labels,Avery 507
OFF-STI-10001957,Office Supplies,Supplies,"Stiletto Ruler, Serrated"
FUR-ELD-10003479,Furniture,Furnishings,"Eldon Clock, Durable"
OFF-SU-10003191,Office Supplies,Supplies,"Stiletto Scissors, Easy Grip"
OFF-AR-10000785,Office Supplies,Art,"BIC Sketch Pad, Water Color"
OFF-SU-10000914,Office Supplies,Supplies,"Kleencut Scissors, Serrated"
OFF-PA-10002377,Office Supplies,Paper,Xerox 1916
OFF-JIF-10004616,Office Supplies,Envelopes,"Jiffy Manila Envelope, Security-Tint"
TEC-MA-10003998,Technology,Machines,"Epson Card Printer, Wireless"
OFF-FA-10000799,Office Supplies,Fasteners,"OIC Push Pins, Bulk Pack"
FUR-BO-10004103,Furniture,Bookcases,"Dania Library with Doors, Pine"
OFF-BI-10003718,Office Supplies,Binders,GBC Therma-A-Bind 250T Electric Binding System
OFF-SU-10001840,Office Supplies,Supplies,"Stiletto Box Cutter, High Speed"
OFF-LA-10001934,Office Supplies,Labels,Avery 516
FUR-CH-10004576,Furniture,Chairs,"Hon Bag Chairs, Adjustable"
OFF-AP-10003217,Office Supplies,Appliances,Eureka Sanitaire  Commercial Upright
FUR-ELD-10004973,Furniture,Furnishings,"Eldon Clock, Black"
FUR-CH-10003874,Furniture,Chairs,"Hon Chairmat, Red"
FUR-SAF-10000508,Furniture,Bookcases,"Safco Library with Doors, Traditional"
OFF-STO-10001693,Office Supplies,Fasteners,"Stockwell Paper Clips, Assorted Sizes"
OFF-CAR-10004293,Office Supplies,Binders,"Cardinal Binding Machine, Durable"
TEC-AC-10003969,Technology,Accessories,"SanDisk Memory Card, USB"
FUR-CH-10004669,Furniture,Chairs,"Novimex Executive Leather Armchair, Black"
OFF-BRE-10004310,Office Supplies,Appliances,"Breville Blender, Black"
FUR-CH-10000026,Furniture,Chairs,"SAFCO Rocking Chair, Black"
FUR-NOV-10001972,Furniture,Chairs,"Novimex Swivel Stool, Red"
OFF-SME-10000335,Office Supplies,Storage,"Smead Box, Wire Frame"
OFF-ENE-10002922,Office Supplies,Paper,"Enermax Note Cards, Premium"
FUR-BO-10004980,Furniture,Bookcases,"Bush Library with Doors, Mobile"
OFF-BIC-10001739,Office Supplies,Art,"BIC Sketch Pad, Fluorescent"
OFF-AR-10000720,Office Supplies,Art,"Binney & Smith Markers, Fluorescent"
FUR-BO-10001621,Furniture,Bookcases,"Dania Stackable Bookrack, Traditional"
OFF-PA-10003273,Office Supplies,Paper,"Green Bar Cards & Envelopes, Premium"
OFF-ST-10002352,Office Supplies,Storage,Iris Project Case
TEC-CO-10002686,Technology,Copiers,"Hewlett Fax Machine, Laser"
OFF-ACM-10000277,Office Supplies,Supplies,"Acme Ruler, High Speed"
OFF-AP-10000696,Office Supplies,Appliances,Holmes Odor Grabber
TEC-PH-10002103,Technology,Phones,Jabra SPEAK 410
OFF-AP-10003500,Office Supplies,Appliances,"KitchenAid Microwave, White"
OFF-ST-10002161,Office Supplies,Storage,"Tenex Trays, Single Width"
OFF-PA-10004675,Office Supplies,Paper,"Telephone Message Books with Fax/Mobile Section, 5 1/2"" x 3 3/16"""
FUR-CH-10000333,Furniture,Chairs,"SAFCO Swivel Stool, Black"
TEC-PH-10001459,Technology,Phones,Samsung Galaxy Mega 6.3
OFF-STO-10000007,Office Supplies,Fasteners,"Stockwell Staples, Bulk Pack"
OFF-AR-10002818,Office Supplies,Art,Panasonic KP-310 Heavy-Duty Electric Pencil Sharpener
FUR-FU-10004460,Furniture,Furnishings,"Howard Miller 12"" Round Wall Clock"
TEC-AC-10000596,Technology,Accessories,"Enermax Memory Card, Erganomic"
OFF-FA-10003716,Office Supplies,Fasteners,"OIC Rubber Bands, Metal"
OFF-SAN-10000844,Office Supplies,Paper,"SanDisk Parchment Paper, Recycled"
TEC-CAN-10002337,Technology,Copiers,"Canon Ink, Color"
FUR-CH-10000454,Furniture,Chairs,"Hon Deluxe Fabric Upholstered Stacking Chairs, Rounded Back"
TEC-PH-10002115,Technology,Phones,Plantronics 81402
FUR-CH-10001153,Furniture,Chairs,"Harbour Creations Bag Chairs, Adjustable"
TEC-APP-10002310,Technology,Phones,"Apple Office Telephone, Cordless"
OFF-EN-10000556,Office Supplies,Envelopes,"Kraft Interoffice Envelope, Security-Tint"
OFF-AP-10001178,Office Supplies,Appliances,"KitchenAid Stove, Red"
FUR-TA-10003594,Furniture,Tables,"Hon Conference Table, with Bottom Storage"
TEC-PH-10003601,Technology,Phones,"Apple Office Telephone, with Caller ID"
OFF-BI-10004330,Office Supplies,Binders,"GBC Velobind Prepunched Cover Sets, Regency Series"
OFF-BI-10002609,Office Supplies,Binders,Avery Hidden Tab Dividers for Binding Systems
TEC-PH-10000923,Technology,Phones,"Belkin SportFit Armband For iPhone 5s/5c, Fuchsia"
FUR-BO-10002390,Furniture,Bookcases,"Ikea Library with Doors, Metal"
OFF-SAN-10004706,Office Supplies,Paper,"SanDisk Note Cards, Premium"
OFF-SU-10003229,Office Supplies,Supplies,"Stiletto Trimmer, Easy Grip"
OFF-EN-10003176,Office Supplies,Envelopes,"Cameo Manila Envelope, Set of 50"
TEC-MA-10001015,Technology,Machines,"StarTech Card Printer, Durable"
FUR-BO-10000883,Furniture,Bookcases,"Dania Corner Shelving, Mobile"
OFF-EAT-10004908,Office Supplies,Paper,"Eaton Message Books, Recycled"
OFF-SU-10000782,Office Supplies,Supplies,"Fiskars Shears, Serrated"
FUR-FU-10002486,Furniture,Furnishings,"Advantus Clock, Durable"
TEC-APP-10002966,Technology,Phones,"Apple Smart Phone, Full Size"
OFF-FA-10004795,Office Supplies,Fasteners,"Advantus Paper Clips, Assorted Sizes"
OFF-FA-10001228,Office Supplies,Fasteners,"Accos Clamps, Bulk Pack"
TEC-PH-10000237,Technology,Phones,"Motorola Office Telephone, with Caller ID"
TEC-BEL-10002207,Technology,Accessories,"Belkin Memory Card, USB"
OFF-SU-10003343,Office Supplies,Supplies,"Fiskars Scissors, Serrated"
OFF-EN-10001852,Office Supplies,Envelopes,"Cameo Manila Envelope, with clear poly window"
FUR-BO-10003966,Furniture,Bookcases,"Sauder Facets Collection Library, Sky Alder Finish"
OFF-NOV-10004968,Office Supplies,Labels,"Novimex Removable Labels, Adjustable"
OFF-BI-10000185,Office Supplies,Binders,"Cardinal Binder Covers, Recycled"
OFF-EN-10003834,Office Supplies,Envelopes,"Cameo Business Envelopes, Recycled"
TEC-SAM-10003520,Technology,Phones,"Samsung Headset, VoIP"
OFF-GRE-10002738,Office Supplies,Paper,"Green Bar Cards & Envelopes, Premium"
OFF-EN-10000826,Office Supplies,Envelopes,"GlobeWeis Manila Envelope, Set of 50"
FUR-BO-10000120,Furniture,Bookcases,"Sauder Stackable Bookrack, Mobile"
OFF-LA-10002995,Office Supplies,Labels,"Avery Removable Labels, Adjustable"
OFF-BI-10001621,Office Supplies,Binders,"Cardinal Binding Machine, Economy"
OFF-LA-10001771,Office Supplies,Labels,Avery 513
OFF-ST-10002233,Office Supplies,Storage,"Smead Trays, Single Width"
FUR-NOV-10002453,Furniture,Chairs,"Novimex Rocking Chair, Black"
FUR-BAR-10002449,Furniture,Tables,"Barricks Training Table, Adjustable Height"
OFF-AP-10003909,Office Supplies,Appliances,"KitchenAid Blender, Black"
OFF-LA-10000845,Office Supplies,Labels,"Novimex Round Labels, Adjustable"
OFF-ST-10000321,Office Supplies,Storage,Akro Stacking Bins
OFF-SU-10000272,Office Supplies,Supplies,"Stiletto Letter Opener, Easy Grip"
TEC-PH-10001382,Technology,Phones,"Apple Office Telephone, Cordless"
FUR-BO-10003272,Furniture,Bookcases,O'Sullivan Living Dimensions 5-Shelf Bookcases
TEC-CO-10000388,Technology,Copiers,"Canon Fax Machine, Color"
OFF-PA-10000859,Office Supplies,Paper,Unpadded Memo Slips
FUR-TA-10001602,Furniture,Tables,"Barricks Round Table, Adjustable Height"
FUR-DAN-10001340,Furniture,Bookcases,"Dania Corner Shelving, Mobile"
OFF-SME-10004740,Office Supplies,Labels,"Smead Shipping Labels, Adjustable"
FUR-BO-10003968,Furniture,Bookcases,"Sauder Library with Doors, Mobile"
FUR-FU-10002157,Furniture,Furnishings,Artistic Insta-Plaque
OFF-BI-10002712,Office Supplies,Binders,"Acco Hole Reinforcements, Durable"
OFF-FA-10000522,Office Supplies,Fasteners,"Stockwell Thumb Tacks, 12 Pack"
OFF-SU-10001233,Office Supplies,Supplies,"Stiletto Trimmer, Serrated"
FUR-FU-10000163,Furniture,Furnishings,"Deflect-O Frame, Duo Pack"
FUR-ADV-10004159,Furniture,Furnishings,"Advantus Frame, Durable"
OFF-AR-10000904,Office Supplies,Art,"Sanford Sketch Pad, Blue"
FUR-FU-10001452,Furniture,Furnishings,"Rubbermaid Door Stop, Black"
OFF-ST-10002505,Office Supplies,Storage,"Tenex Box, Wire Frame"
OFF-EN-10001939,Office Supplies,Envelopes,"Kraft Manila Envelope, Security-Tint"
OFF-ST-10000636,Office Supplies,Storage,Rogers Profile Extra Capacity Storage Tub
TEC-PH-10002867,Technology,Phones,"Apple Signal Booster, Cordless"
OFF-ST-10002566,Office Supplies,Storage,"Tenex Lockers, Wire Frame"
FUR-TA-10003954,Furniture,Tables,Hon 94000 Series Round Tables
OFF-SU-10001869,Office Supplies,Supplies,"Stiletto Scissors, Steel"
FUR-TA-10003228,Furniture,Tables,"Hon Computer Table, Fully Assembled"
OFF-PA-10000947,Office Supplies,Paper,"Eaton Memo Slips, Premium"
OFF-BI-10002040,Office Supplies,Binders,"Ibico 3-Hole Punch, Recycled"
FUR-BO-10003221,Furniture,Bookcases,"Safco Corner Shelving, Mobile"
TEC-APP-10004912,Technology,Phones,"Apple Speaker Phone, with Caller ID"
OFF-EN-10003055,Office Supplies,Envelopes,"Blue String-Tie & Button Interoffice Envelopes, 10 x 13"
OFF-FA-10004410,Office Supplies,Fasteners,"Stockwell Staples, Metal"
OFF-AP-10002625,Office Supplies,Appliances,"Cuisinart Microwave, Black"
OFF-AP-10003177,Office Supplies,Appliances,"Hamilton Beach Toaster, White"
OFF-PA-10000976,Office Supplies,Paper,"Green Bar Cards & Envelopes, Premium"
OFF-AP-10004201,Office Supplies,Appliances,"Breville Refrigerator, White"
OFF-BI-10004801,Office Supplies,Binders,"Acco Binding Machine, Durable"
OFF-PA-10002749,Office Supplies,Paper,"Wirebound Message Books, 5-1/2 x 4 Forms, 2 or 4 Forms per Page"
FUR-FU-10001640,Furniture,Furnishings,"Eldon Photo Frame, Black"
TEC-AC-10000926,Technology,Accessories,NETGEAR RangeMax WNR1000 Wireless Router
FUR-FU-10001135,Furniture,Furnishings,"Eldon Door Stop, Duo Pack"
OFF-AP-10003779,Office Supplies,Appliances,Kensington 7 Outlet MasterPiece Power Center with Fax/Phone Line Protection
FUR-RUB-10003004,Furniture,Furnishings,"Rubbermaid Frame, Durable"
OFF-SME-10000950,Office Supplies,Labels,"Smead Color Coded Labels, 5000 Label Set"
FUR-CH-10004242,Furniture,Chairs,"Office Star Steel Folding Chair, Black"
OFF-SU-10004261,Office Supplies,Supplies,"Fiskars 8"" Scissors, 2/Pack"
OFF-PA-10001470,Office Supplies,Paper,"Green Bar Message Books, 8.5 x 11"
OFF-LA-10004112,Office Supplies,Labels,"Hon Shipping Labels, Alphabetical"
FUR-BO-10001358,Furniture,Bookcases,"Bush 3-Shelf Cabinet, Traditional"
FUR-FU-10002848,Furniture,Furnishings,"Advantus Stacking Tray, Black"
TEC-AC-10003080,Technology,Accessories,"Logitech Memory Card, USB"
FUR-BO-10003174,Furniture,Bookcases,"Dania Floating Shelf Set, Pine"
OFF-AR-10003620,Office Supplies,Art,"Boston Pencil Sharpener, Water Color"
OFF-ROG-10002866,Office Supplies,Storage,"Rogers Folders, Blue"
TEC-AC-10004188,Technology,Accessories,"Belkin Keyboard, USB"
OFF-BI-10002570,Office Supplies,Binders,"Acco Binder Covers, Clear"
OFF-ST-10001562,Office Supplies,Storage,"Fellowes Box, Industrial"
TEC-AC-10004334,Technology,Accessories,"Belkin Mouse, Programmable"
TEC-PH-10003913,Technology,Phones,"Samsung Signal Booster, Cordless"
OFF-ST-10004226,Office Supplies,Storage,"Fellowes File Cart, Blue"
TEC-PH-10001396,Technology,Phones,"Nokia Smart Phone, Cordless"
OFF-PA-10001878,Office Supplies,Paper,"Enermax Cards & Envelopes, Premium"
OFF-EN-10001449,Office Supplies,Envelopes,"Kraft Manila Envelope, with clear poly window"
FUR-FU-10002223,Furniture,Furnishings,"Deflect-O Stacking Tray, Durable"
OFF-PA-10004041,Office Supplies,Paper,"It's Hot Message Books with Stickers, 2 3/4"" x 5"""
OFF-ST-10003111,Office Supplies,Storage,"Eldon Trays, Single Width"
OFF-FA-10001045,Office Supplies,Fasteners,"Stockwell Staples, 12 Pack"
TEC-AC-10000883,Technology,Accessories,"Belkin Mouse, Bluetooth"
OFF-AP-10000124,Office Supplies,Appliances,Acco 6 Outlet Guardian Basic Surge Suppressor
OFF-TEN-10004210,Office Supplies,Storage,"Tenex Trays, Wire Frame"
OFF-BI-10004600,Office Supplies,Binders,Ibico Ibimaster 300 Manual Binding System
OFF-LA-10001402,Office Supplies,Labels,"Smead Color Coded Labels, 5000 Label Set"
FUR-CH-10001278,Furniture,Chairs,"SAFCO Chairmat, Black"
OFF-KRA-10000492,Office Supplies,Envelopes,"Kraft Manila Envelope, Recycled"
OFF-SU-10001512,Office Supplies,Supplies,"Stiletto Shears, Easy Grip"
OFF-AP-10001305,Office Supplies,Appliances,"Breville Microwave, White"
TEC-MA-10002992,Technology,Machines,"Konica Card Printer, Wireless"
TEC-AC-10002324,Technology,Accessories,"Enermax Numeric Keypad, Bluetooth"
OFF-BI-10000632,Office Supplies,Binders,Satellite Sectional Post Binders
OFF-EN-10002700,Office Supplies,Envelopes,"Ames Business Envelopes, Recycled"
OFF-LA-10000370,Office Supplies,Labels,"Hon Color Coded Labels, Laser Printer Compatible"
OFF-LA-10004318,Office Supplies,Labels,"Hon Color Coded Labels, Adjustable"
OFF-AVE-10004909,Office Supplies,Binders,"Avery 3-Hole Punch, Durable"
TEC-PH-10001835,Technology,Phones,Jawbone JAMBOX Wireless Bluetooth Speaker
OFF-SU-10003739,Office Supplies,Supplies,"Elite Scissors, Easy Grip"
OFF-SU-10004095,Office Supplies,Supplies,"Fiskars Shears, Serrated"
TEC-PH-10004901,Technology,Phones,"Nokia Office Telephone, Cordless"
FUR-SAU-10000209,Furniture,Bookcases,"Sauder Corner Shelving, Metal"
OFF-WIL-10001889,Office Supplies,Binders,"Wilson Jones Hole Reinforcements, Economy"
OFF-BOS-10001753,Office Supplies,Art,"Boston Highlighters, Water Color"
TEC-AC-10004566,Technology,Accessories,"Belkin Mouse, USB"
OFF-FA-10001128,Office Supplies,Fasteners,"Stockwell Clamps, Bulk Pack"
FUR-FU-10004790,Furniture,Furnishings,"Advantus Photo Frame, Erganomic"
TEC-MOT-10004345,Technology,Phones,"Motorola Office Telephone, Full Size"
FUR-CH-10000774,Furniture,Chairs,"SAFCO Rocking Chair, Set of Two"
FUR-SAU-10000893,Furniture,Bookcases,"Sauder Stackable Bookrack, Mobile"
TEC-AC-10001998,Technology,Accessories,Logitech LS21 Speaker System - PC Multimedia - 2.1-CH - Wired
FUR-CHR-10000585,Furniture,Tables,"Chromcraft Coffee Table, Adjustable Height"
TEC-HEW-10004833,Technology,Copiers,"Hewlett Ink, Color"
OFF-BI-10000707,Office Supplies,Binders,"Wilson Jones 3-Hole Punch, Economy"
FUR-FU-10003970,Furniture,Furnishings,"Rubbermaid Clock, Durable"
OFF-BI-10004593,Office Supplies,Binders,Ibico Laser Imprintable Binding System Covers
OFF-LA-10000379,Office Supplies,Labels,"Harbour Creations Legal Exhibit Labels, 5000 Label Set"
OFF-BI-10001643,Office Supplies,Binders,"Acco Binder, Recycled"
TEC-CO-10002601,Technology,Copiers,"Brother Fax and Copier, Digital"
TEC-MA-10003607,Technology,Machines,"Okidata Receipt Printer, Red"
OFF-ST-10003256,Office Supplies,Storage,"Eldon Shelving, Wire Frame"
OFF-PA-10003673,Office Supplies,Paper,Strathmore Photo Mount Cards
OFF-AP-10000329,Office Supplies,Appliances,"KitchenAid Refrigerator, White"
TEC-PH-10003580,Technology,Phones,"Apple Speaker Phone, Full Size"
OFF-KRA-10002828,Office Supplies,Envelopes,"Kraft Peel and Seal, Security-Tint"
OFF-AP-10004540,Office Supplies,Appliances,"Eureka The Boss Lite 10-Amp Upright Vacuum, Blue"
TEC-KON-10004519,Technology,Machines,"Konica Card Printer, Red"
OFF-AP-10000717,Office Supplies,Appliances,"Hoover Microwave, Black"
OFF-AR-10000505,Office Supplies,Art,"Binney & Smith Pens, Easy-Erase"
OFF-PA-10004092,Office Supplies,Paper,Tops Green Bar Computer Printout Paper
OFF-BI-10000590,Office Supplies,Binders,"Wilson Jones Binding Machine, Clear"
FUR-BO-10000780,Furniture,Bookcases,O'Sullivan Plantations 2-Door Library in Landvery Oak
OFF-SU-10000113,Office Supplies,Supplies,"Acme Shears, Easy Grip"
TEC-CO-10000953,Technology,Copiers,"HP Wireless Fax, Laser"
OFF-FA-10000154,Office Supplies,Fasteners,"OIC Paper Clips, Bulk Pack"
OFF-ST-10004576,Office Supplies,Storage,"Rogers File Cart, Single Width"
OFF-LA-10002900,Office Supplies,Labels,"Harbour Creations File Folder Labels, Alphabetical"
FUR-FU-10000188,Furniture,Furnishings,"Tenex Frame, Duo Pack"
OFF-HON-10002456,Office Supplies,Labels,"Hon Color Coded Labels, Laser Printer Compatible"
FUR-TA-10001726,Furniture,Tables,"Bevis Conference Table, with Bottom Storage"
OFF-PA-10001166,Office Supplies,Paper,Xerox 2
OFF-EN-10004493,Office Supplies,Envelopes,"GlobeWeis Manila Envelope, Security-Tint"
OFF-AP-10000078,Office Supplies,Appliances,"Breville Toaster, Silver"
TEC-PH-10000576,Technology,Phones,AT&T 1080 Corded phone
OFF-FEL-10001776,Office Supplies,Storage,"Fellowes File Cart, Single Width"
OFF-SAN-10004824,Office Supplies,Art,"Sanford Pencil Sharpener, Water Color"
OFF-ACM-10002301,Office Supplies,Supplies,"Acme Trimmer, Serrated"
OFF-SU-10002750,Office Supplies,Supplies,"Kleencut Box Cutter, Steel"
FUR-TA-10000665,Furniture,Tables,"Bevis Computer Table, Fully Assembled"
FUR-TA-10003963,Furniture,Tables,"Bevis Conference Table, Fully Assembled"
OFF-LA-10004969,Office Supplies,Labels,"Novimex Legal Exhibit Labels, Adjustable"
OFF-EN-10002725,Office Supplies,Envelopes,"Ames Manila Envelope, Set of 50"
OFF-EN-10004885,Office Supplies,Envelopes,"Jiffy Interoffice Envelope, Recycled"
OFF-SU-10001407,Office Supplies,Supplies,"Fiskars Trimmer, Easy Grip"
OFF-ST-10004035,Office Supplies,Storage,"Rogers Box, Wire Frame"
TEC-PH-10004261,Technology,Phones,"Nokia Signal Booster, Full Size"
OFF-BI-10000312,Office Supplies,Binders,"Cardinal Binder Covers, Economy"
OFF-CAR-10000150,Office Supplies,Binders,"Cardinal Binder, Clear"
TEC-AC-10004864,Technology,Accessories,Memorex Micro Travel Drive 32 GB
TEC-MOT-10000939,Technology,Phones,"Motorola Speaker Phone, Cordless"
FUR-CH-10000027,Furniture,Chairs,"SAFCO Executive Leather Armchair, Black"
OFF-PA-10003907,Office Supplies,Paper,"Eaton Message Books, Premium"
OFF-FA-10000260,Office Supplies,Fasteners,"Stockwell Push Pins, Metal"
FUR-BO-10004080,Furniture,Bookcases,"Ikea Stackable Bookrack, Traditional"
FUR-FU-10002250,Furniture,Furnishings,"Advantus Photo Frame, Durable"
OFF-SU-10003582,Office Supplies,Supplies,"Elite Scissors, High Speed"
FUR-BO-10001342,Furniture,Bookcases,"Safco Corner Shelving, Metal"
TEC-CO-10000972,Technology,Copiers,"Sharp Fax and Copier, Digital"
OFF-AP-10003562,Office Supplies,Appliances,"Hamilton Beach Toaster, Silver"
OFF-STO-10002026,Office Supplies,Fasteners,"Stockwell Clamps, Bulk Pack"
OFF-AP-10001975,Office Supplies,Appliances,"Cuisinart Microwave, Black"
TEC-PH-10003522,Technology,Phones,"Apple Headset, Full Size"
TEC-PH-10004237,Technology,Phones,"Nokia Office Telephone, with Caller ID"
TEC-AC-10003548,Technology,Accessories,"Logitech Flash Drive, Bluetooth"
OFF-BI-10004140,Office Supplies,Binders,"Cardinal Index Tab, Clear"
OFF-ST-10000934,Office Supplies,Storage,"Contico 72""H Heavy-Duty Storage System"
OFF-PA-10000552,Office Supplies,Paper,Xerox 200
TEC-CIS-10002259,Technology,Phones,"Cisco Smart Phone, Cordless"
FUR-BO-10004630,Furniture,Bookcases,"Ikea Library with Doors, Mobile"
TEC-AC-10004761,Technology,Accessories,Maxell 4.7GB DVD+RW 3/Pack
FUR-FU-10004842,Furniture,Furnishings,"Advantus Light Bulb, Erganomic"
OFF-LA-10000713,Office Supplies,Labels,"Novimex Removable Labels, Adjustable"
TEC-MA-10001681,Technology,Machines,Lexmark MarkNet N8150 Wireless Print Server
OFF-CUI-10002269,Office Supplies,Appliances,"Cuisinart Refrigerator, Red"
OFF-PA-10001609,Office Supplies,Paper,Tops Wirebound Message Log Books
OFF-FA-10000353,Office Supplies,Fasteners,"Stockwell Clamps, Assorted Sizes"
OFF-SU-10002357,Office Supplies,Supplies,"Kleencut Trimmer, High Speed"
TEC-CO-10004171,Technology,Copiers,"Sharp Fax and Copier, Digital"
FUR-FU-10004164,Furniture,Furnishings,"Eldon 300 Class Desk Accessories, Black"
OFF-EN-10002986,Office Supplies,Envelopes,"#10-4 1/8"" x 9 1/2"" Premium Diagonal Seam Envelopes"
OFF-AR-10002156,Office Supplies,Art,"Stanley Highlighters, Blue"
OFF-AP-10002403,Office Supplies,Appliances,Acco Smartsocket Color-Coded Six-Outlet AC Adapter Model Surge Protectors
OFF-LA-10001546,Office Supplies,Labels,"Avery Shipping Labels, Adjustable"
FUR-TA-10003164,Furniture,Tables,"Bevis Wood Table, Rectangular"
OFF-AP-10000213,Office Supplies,Appliances,"Cuisinart Refrigerator, Black"
OFF-ACC-10003745,Office Supplies,Fasteners,"Accos Paper Clips, Assorted Sizes"
FUR-FU-10003219,Furniture,Furnishings,"Eldon Frame, Erganomic"
TEC-SHA-10003670,Technology,Copiers,"Sharp Wireless Fax, Laser"
OFF-ST-10004646,Office Supplies,Storage,"Fellowes Lockers, Blue"
TEC-AC-10004334,Technology,Accessories,"Logitech Router, Erganomic"
OFF-ACC-10001285,Office Supplies,Binders,"Acco Index Tab, Clear"
OFF-AP-10001617,Office Supplies,Appliances,"KitchenAid Blender, Silver"
OFF-AP-10001563,Office Supplies,Appliances,Belkin Premiere Surge Master II 8-outlet surge protector
TEC-PH-10004404,Technology,Phones,"Samsung Headset, VoIP"
OFF-XER-10002982,Office Supplies,Paper,"Xerox Memo Slips, 8.5 x 11"
TEC-CO-10003901,Technology,Copiers,"HP Copy Machine, Color"
FUR-DEF-10000495,Furniture,Furnishings,"Deflect-O Clock, Black"
OFF-AR-10002816,Office Supplies,Art,"Boston Canvas, Blue"
OFF-PA-10004385,Office Supplies,Paper,"Eaton Parchment Paper, Premium"
FUR-CH-10000422,Furniture,Chairs,Global Highback Leather Tilter in Burgundy
TEC-NOK-10003560,Technology,Phones,"Nokia Headset, VoIP"
TEC-PH-10001555,Technology,Phones,"Motorola Signal Booster, Full Size"
OFF-PA-10004665,Office Supplies,Paper,Advantus Motivational Note Cards
FUR-CH-10004219,Furniture,Chairs,"Office Star Bag Chairs, Red"
TEC-SAN-10004885,Technology,Accessories,"SanDisk Flash Drive, Erganomic"
OFF-AP-10003184,Office Supplies,Appliances,"KitchenAid Stove, Silver"
TEC-MA-10002711,Technology,Machines,"Epson Card Printer, Durable"
OFF-AVE-10004148,Office Supplies,Labels,"Avery Color Coded Labels, Laser Printer Compatible"
OFF-HAM-10004896,Office Supplies,Appliances,"Hamilton Beach Microwave, Red"
OFF-EN-10000812,Office Supplies,Envelopes,"GlobeWeis Clasp Envelope, Set of 50"
TEC-PH-10000286,Technology,Phones,"Motorola Signal Booster, with Caller ID"
OFF-AR-10000203,Office Supplies,Art,Newell 336
OFF-EN-10002630,Office Supplies,Envelopes,"Ames Business Envelopes, Recycled"
OFF-BIN-10000712,Office Supplies,Art,"Binney & Smith Canvas, Blue"
OFF-STO-10001150,Office Supplies,Fasteners,"Stockwell Rubber Bands, 12 Pack"
FUR-FU-10000193,Furniture,Furnishings,Tenex Chairmats For Use with Hard Floors
OFF-PA-10002109,Office Supplies,Paper,"SanDisk Message Books, Premium"
FUR-RUB-10003518,Furniture,Furnishings,"Rubbermaid Door Stop, Erganomic"
FUR-FU-10000762,Furniture,Furnishings,"Advantus Light Bulb, Black"
TEC-AC-10000736,Technology,Accessories,Logitech G600 MMO Gaming Mouse
TEC-MA-10004997,Technology,Machines,"Konica Receipt Printer, Red"
OFF-BI-10000631,Office Supplies,Binders,"Wilson Jones 3-Hole Punch, Economy"
TEC-CIS-10001717,Technology,Phones,"Cisco Smart Phone, with Caller ID"
OFF-EN-10001311,Office Supplies,Envelopes,"GlobeWeis Business Envelopes, with clear poly window"
OFF-FA-10003897,Office Supplies,Fasteners,"Stockwell Push Pins, Metal"
OFF-CUI-10000140,Office Supplies,Appliances,"Cuisinart Microwave, Silver"
FUR-BAR-10000831,Furniture,Tables,"Barricks Training Table, Fully Assembled"
FUR-FU-10001371,Furniture,Furnishings,"Deflect-O Stacking Tray, Black"
OFF-AP-10002933,Office Supplies,Appliances,"Hoover Blender, Silver"
FUR-TA-10001371,Furniture,Tables,"Chromcraft Coffee Table, Fully Assembled"
TEC-PH-10004028,Technology,Phones,"Apple Headset, Full Size"
TEC-AC-10001754,Technology,Accessories,"SanDisk Memory Card, Bluetooth"
TEC-PH-10000011,Technology,Phones,PureGear Roll-On Screen Protector
OFF-NOV-10000808,Office Supplies,Labels,"Novimex Round Labels, Adjustable"
TEC-CO-10000208,Technology,Copiers,"Brother Wireless Fax, Color"
OFF-PA-10001212,Office Supplies,Paper,"Xerox Message Books, Recycled"
OFF-LA-10002063,Office Supplies,Labels,"Hon Round Labels, 5000 Label Set"
OFF-SU-10000817,Office Supplies,Supplies,"Acme Box Cutter, Serrated"
TEC-CO-10001309,Technology,Copiers,"Hewlett Wireless Fax, Laser"
TEC-SHA-10001413,Technology,Copiers,"Sharp Personal Copier, Color"
TEC-PH-10004105,Technology,Phones,"Motorola Speaker Phone, VoIP"
FUR-CH-10001429,Furniture,Chairs,"SAFCO Executive Leather Armchair, Adjustable"
OFF-LA-10002630,Office Supplies,Labels,"Novimex Legal Exhibit Labels, Laser Printer Compatible"
OFF-ST-10001999,Office Supplies,Storage,"Tenex Folders, Wire Frame"
TEC-APP-10001732,Technology,Phones,"Apple Headset, Cordless"
OFF-AR-10001208,Office Supplies,Art,"Binney & Smith Canvas, Water Color"
OFF-SU-10000969,Office Supplies,Supplies,"Fiskars Box Cutter, Serrated"
OFF-LA-10004234,Office Supplies,Labels,"Smead File Folder Labels, 5000 Label Set"
TEC-AC-10001197,Technology,Accessories,"Logitech Memory Card, Erganomic"
TEC-AC-10002172,Technology,Accessories,"Memorex Keyboard, Programmable"
OFF-LA-10001672,Office Supplies,Labels,"Avery Legal Exhibit Labels, Alphabetical"
TEC-CO-10000259,Technology,Copiers,"Hewlett Ink, Color"
TEC-AC-10004801,Technology,Accessories,"Logitech Mouse, Programmable"
OFF-EN-10002119,Office Supplies,Envelopes,"Ames Manila Envelope, Security-Tint"
TEC-SAN-10001506,Technology,Accessories,"SanDisk Router, Programmable"
OFF-KRA-10002085,Office Supplies,Envelopes,"Kraft Clasp Envelope, with clear poly window"
TEC-MA-10002040,Technology,Machines,"Panasonic Card Printer, Durable"
OFF-BI-10004644,Office Supplies,Binders,"Cardinal Index Tab, Durable"
TEC-AC-10000510,Technology,Accessories,"SanDisk Flash Drive, Bluetooth"
FUR-TA-10000403,Furniture,Tables,"Barricks Computer Table, Fully Assembled"
OFF-LA-10001063,Office Supplies,Labels,"Novimex Removable Labels, 5000 Label Set"
TEC-AC-10004353,Technology,Accessories,Hypercom P1300 Pinpad
FUR-FU-10004090,Furniture,Furnishings,"Executive Impressions 14"" Contract Wall Clock"
TEC-CO-10001818,Technology,Copiers,"Sharp Wireless Fax, Digital"
TEC-LOG-10003896,Technology,Accessories,"Logitech Router, Erganomic"
TEC-PH-10002042,Technology,Phones,"Cisco Audio Dock, Full Size"
OFF-HAR-10003514,Office Supplies,Labels,"Harbour Creations Removable Labels, Laser Printer Compatible"
OFF-BI-10004028,Office Supplies,Binders,"Ibico Index Tab, Durable"
OFF-ACM-10001587,Office Supplies,Supplies,"Acme Box Cutter, Easy Grip"
TEC-PH-10000014,Technology,Phones,"Motorola Headset, VoIP"
OFF-EN-10003094,Office Supplies,Envelopes,"Ames Peel and Seal, with clear poly window"
OFF-EN-10003737,Office Supplies,Envelopes,"Cameo Interoffice Envelope, Set of 50"
OFF-AR-10001462,Office Supplies,Art,"Stanley Highlighters, Fluorescent"
OFF-FA-10003749,Office Supplies,Fasteners,"Advantus Rubber Bands, 12 Pack"
OFF-FA-10000720,Office Supplies,Fasteners,"Advantus Rubber Bands, Bulk Pack"
OFF-PA-10000300,Office Supplies,Paper,Xerox 1936
OFF-ST-10000661,Office Supplies,Storage,"Tenex Box, Industrial"
OFF-TEN-10000360,Office Supplies,Storage,"Tenex Folders, Wire Frame"
FUR-TA-10004086,Furniture,Tables,KI Adjustable-Height Table
OFF-SU-10001552,Office Supplies,Supplies,"Kleencut Trimmer, Easy Grip"
OFF-BI-10001662,Office Supplies,Binders,"Wilson Jones Binder Covers, Durable"
OFF-ST-10000546,Office Supplies,Storage,"Tenex Lockers, Wire Frame"
FUR-FU-10004800,Furniture,Furnishings,"Eldon Stacking Tray, Black"
FUR-HON-10002570,Furniture,Chairs,"Hon Chairmat, Set of Two"
TEC-AC-10002688,Technology,Accessories,"Memorex Memory Card, Bluetooth"
FUR-BO-10002680,Furniture,Bookcases,"Sauder 3-Shelf Cabinet, Traditional"
FUR-TA-10003449,Furniture,Tables,"Chromcraft Coffee Table, Rectangular"
FUR-TA-10000478,Furniture,Tables,"Bevis Round Table, Fully Assembled"
OFF-PA-10001712,Office Supplies,Paper,Xerox 1948
TEC-PH-10003439,Technology,Phones,"Apple Audio Dock, VoIP"
TEC-PH-10002428,Technology,Phones,"Apple Headset, VoIP"
OFF-LA-10000973,Office Supplies,Labels,Avery 502
FUR-CH-10003249,Furniture,Chairs,"Office Star Steel Folding Chair, Black"
TEC-PH-10000647,Technology,Phones,"Samsung Office Telephone, VoIP"
OFF-BI-10003025,Office Supplies,Binders,"Cardinal Binding Machine, Durable"
OFF-LA-10000155,Office Supplies,Labels,"Novimex Round Labels, Alphabetical"
OFF-ST-10003722,Office Supplies,Storage,Project Tote Personal File
FUR-BO-10004529,Furniture,Bookcases,"Sauder 3-Shelf Cabinet, Pine"
FUR-FU-10004181,Furniture,Furnishings,"Rubbermaid Photo Frame, Black"
OFF-LA-10002490,Office Supplies,Labels,"Hon Round Labels, Alphabetical"
TEC-PH-10000562,Technology,Phones,Samsung Convoy 3
FUR-BO-10001192,Furniture,Bookcases,"Bush Library with Doors, Mobile"
FUR-BO-10002042,Furniture,Bookcases,"Bush Classic Bookcase, Metal"
FUR-IKE-10002894,Furniture,Bookcases,"Ikea Library with Doors, Traditional"
TEC-CO-10003951,Technology,Copiers,"HP Copy Machine, High-Speed"
TEC-AC-10002158,Technology,Accessories,"Enermax Memory Card, Erganomic"
OFF-BOS-10002041,Office Supplies,Art,"Boston Highlighters, Water Color"
TEC-CO-10004507,Technology,Copiers,"Brother Fax and Copier, Digital"
OFF-LA-10000477,Office Supplies,Labels,"Smead Round Labels, Alphabetical"
OFF-AR-10000475,Office Supplies,Art,"Hunt BOSTON Vista Battery-Operated Pencil Sharpener, Black"
TEC-MA-10003337,Technology,Machines,Okidata B401 Printer
OFF-SU-10004249,Office Supplies,Supplies,"Stiletto Shears, High Speed"
FUR-CH-10004355,Furniture,Chairs,"Harbour Creations Rocking Chair, Set of Two"
FUR-CH-10002542,Furniture,Chairs,"Office Star Steel Folding Chair, Set of Two"
OFF-ST-10004847,Office Supplies,Storage,"Tenex File Cart, Blue"
FUR-TA-10004249,Furniture,Tables,"Lesro Wood Table, Fully Assembled"
OFF-AR-10000097,Office Supplies,Art,"BIC Sketch Pad, Blue"
OFF-FA-10002991,Office Supplies,Fasteners,"Stockwell Thumb Tacks, Bulk Pack"
OFF-AR-10003630,Office Supplies,Art,"Stanley Sketch Pad, Easy-Erase"
OFF-SU-10004737,Office Supplies,Supplies,Acme Design Stainless Steel Bent Scissors
OFF-AR-10004151,Office Supplies,Art,"BIC Sketch Pad, Blue"
FUR-FU-10003901,Furniture,Furnishings,"Advantus Stacking Tray, Erganomic"
TEC-AC-10000896,Technology,Accessories,"Belkin Numeric Keypad, Erganomic"
TEC-AC-10001341,Technology,Accessories,"Enermax Memory Card, USB"
FUR-FU-10001691,Furniture,Furnishings,"Deflect-O Photo Frame, Black"
OFF-OIC-10004255,Office Supplies,Fasteners,"OIC Paper Clips, Assorted Sizes"
OFF-AP-10002709,Office Supplies,Appliances,"Breville Coffee Grinder, White"
FUR-FU-10003507,Furniture,Furnishings,"Deflect-O Stacking Tray, Erganomic"
OFF-ST-10000643,Office Supplies,Storage,"Eldon Trays, Industrial"
OFF-FA-10000585,Office Supplies,Fasteners,OIC Bulk Pack Metal Binder Clips
OFF-ST-10004228,Office Supplies,Storage,"Tenex Shelving, Industrial"
OFF-AR-10002745,Office Supplies,Art,"BIC Canvas, Blue"
FUR-TA-10004607,Furniture,Tables,Hon 2111 Invitation Series Straight Table
OFF-ADV-10000177,Office Supplies,Fasteners,"Advantus Staples, Metal"
FUR-CH-10001237,Furniture,Chairs,"Hon Swivel Stool, Black"
TEC-AC-10004855,Technology,Accessories,V7 USB Numeric Keypad
OFF-ACC-10003636,Office Supplies,Binders,"Acco Binding Machine, Durable"
FUR-CH-10004062,Furniture,Chairs,"Office Star Rocking Chair, Adjustable"
OFF-BI-10002281,Office Supplies,Binders,"Ibico Binder Covers, Clear"
OFF-ST-10000604,Office Supplies,Storage,Home/Office Personal File Carts
OFF-BI-10004876,Office Supplies,Binders,Wilson Jones Suede Grain Vinyl Binders
TEC-CO-10001674,Technology,Copiers,"Sharp Personal Copier, Color"
TEC-STA-10000699,Technology,Machines,"StarTech Phone, Red"
OFF-ST-10002642,Office Supplies,Storage,"Eldon Lockers, Single Width"
OFF-BIN-10002407,Office Supplies,Art,"Binney & Smith Highlighters, Water Color"
OFF-AP-10002425,Office Supplies,Appliances,"Hamilton Beach Refrigerator, Black"
FUR-TA-10000022,Furniture,Tables,"Hon Conference Table, Adjustable Height"
OFF-ACC-10001993,Office Supplies,Binders,"Acco Binder Covers, Clear"
OFF-AP-10002041,Office Supplies,Appliances,"Cuisinart Toaster, White"
FUR-FU-10003192,Furniture,Furnishings,Luxo Adjustable Task Clamp Lamp
OFF-AR-10003896,Office Supplies,Art,"Stride Job 150 Highlighters, Chisel Tip, Assorted Colors"
OFF-EN-10001028,Office Supplies,Envelopes,Staples
OFF-ST-10001818,Office Supplies,Storage,"Smead Trays, Blue"
OFF-FA-10000621,Office Supplies,Fasteners,"OIC Colored Binder Clips, Assorted Sizes"
OFF-SU-10000925,Office Supplies,Supplies,"Fiskars Box Cutter, High Speed"
OFF-LA-10004400,Office Supplies,Labels,"Hon Legal Exhibit Labels, Laser Printer Compatible"
OFF-AP-10001233,Office Supplies,Appliances,"Hamilton Beach Toaster, Red"
OFF-FIS-10004183,Office Supplies,Supplies,"Fiskars Scissors, Serrated"
FUR-DEF-10003140,Furniture,Furnishings,"Deflect-O Light Bulb, Duo Pack"
TEC-CO-10002062,Technology,Copiers,"Brother Personal Copier, Digital"
FUR-SAF-10004173,Furniture,Bookcases,"Safco Corner Shelving, Traditional"
TEC-AC-10004713,Technology,Accessories,"Logitech Mouse, Erganomic"
OFF-FA-10002719,Office Supplies,Fasteners,"OIC Rubber Bands, Bulk Pack"
TEC-CO-10003819,Technology,Copiers,"Sharp Copy Machine, High-Speed"
OFF-OIC-10003028,Office Supplies,Fasteners,"OIC Staples, Bulk Pack"
TEC-PH-10004272,Technology,Phones,"Nokia Headset, Cordless"
TEC-AC-10002013,Technology,Accessories,"SanDisk Numeric Keypad, Bluetooth"
OFF-EN-10001539,Office Supplies,Envelopes,Staples
OFF-EN-10001535,Office Supplies,Envelopes,Grip Seal Envelopes
FUR-BO-10003384,Furniture,Bookcases,"Ikea Corner Shelving, Traditional"
TEC-NOK-10001282,Technology,Phones,"Nokia Signal Booster, with Caller ID"
OFF-PA-10003790,Office Supplies,Paper,Xerox 1991
OFF-ST-10000632,Office Supplies,Storage,"Rogers Shelving, Single Width"
OFF-SU-10000954,Office Supplies,Supplies,"Acme Scissors, High Speed"
TEC-CO-10002434,Technology,Copiers,"Canon Fax and Copier, Laser"
OFF-AR-10002952,Office Supplies,Art,Stanley Contemporary Battery Pencil Sharpeners
OFF-ST-10001547,Office Supplies,Storage,"Rogers Lockers, Industrial"
OFF-AR-10003794,Office Supplies,Art,"Boston Pencil Sharpener, Water Color"
TEC-CO-10000560,Technology,Copiers,"Hewlett Ink, High-Speed"
OFF-AR-10000729,Office Supplies,Art,"Stanley Highlighters, Fluorescent"
FUR-BO-10001798,Furniture,Bookcases,Bush Somerset Collection Bookcase
FUR-FU-10001424,Furniture,Furnishings,Dax Clear Box Frame
OFF-BIC-10004557,Office Supplies,Art,"BIC Canvas, Blue"
FUR-FU-10000548,Furniture,Furnishings,"Tenex Stacking Tray, Durable"
FUR-BO-10004917,Furniture,Bookcases,"Dania Stackable Bookrack, Mobile"
FUR-RUB-10003724,Furniture,Furnishings,"Rubbermaid Frame, Duo Pack"
TEC-PH-10004503,Technology,Phones,"Apple Audio Dock, VoIP"
TEC-MOT-10003366,Technology,Phones,"Motorola Audio Dock, Full Size"
FUR-FU-10000514,Furniture,Furnishings,"Deflect-O Photo Frame, Erganomic"
OFF-ST-10001031,Office Supplies,Storage,Adjustable Personal File Tote
TEC-AC-10003413,Technology,Accessories,"Logitech Router, Programmable"
TEC-PH-10002468,Technology,Phones,"Plantronics CS 50-USB - headset - Convertible, Monaural"
TEC-STA-10002286,Technology,Machines,"StarTech Receipt Printer, White"
TEC-CO-10003393,Technology,Copiers,"Sharp Personal Copier, Digital"
OFF-ST-10004794,Office Supplies,Storage,"Rogers Shelving, Blue"
TEC-MA-10004535,Technology,Machines,"Konica Printer, White"
FUR-TEN-10003552,Furniture,Furnishings,"Tenex Clock, Durable"
FUR-HON-10001851,Furniture,Chairs,"Hon Executive Leather Armchair, Black"
OFF-ENE-10000516,Office Supplies,Paper,"Enermax Note Cards, Multicolor"
TEC-AC-10003927,Technology,Accessories,"Belkin Numeric Keypad, Bluetooth"
OFF-CAR-10001911,Office Supplies,Binders,"Cardinal Binder Covers, Clear"
FUR-CH-10001797,Furniture,Chairs,"Safco Chair Connectors, 6/Carton"
FUR-TA-10003273,Furniture,Tables,"Lesro Training Table, Rectangular"
TEC-CO-10003135,Technology,Copiers,"Canon Fax and Copier, High-Speed"
OFF-ST-10004412,Office Supplies,Storage,"Smead Shelving, Wire Frame"
OFF-EN-10002491,Office Supplies,Envelopes,"GlobeWeis Mailers, Recycled"
OFF-FA-10001800,Office Supplies,Fasteners,"Accos Paper Clips, Metal"
TEC-EPS-10004965,Technology,Machines,"Epson Inkjet, Wireless"
OFF-AR-10001615,Office Supplies,Art,Newell 34
OFF-BI-10003724,Office Supplies,Binders,"Cardinal Index Tab, Economy"
OFF-BI-10001989,Office Supplies,Binders,Premium Transparent Presentation Covers by GBC
OFF-ST-10004549,Office Supplies,Storage,"Smead File Cart, Blue"
FUR-FU-10001588,Furniture,Furnishings,"Deflect-o SuperTray Unbreakable Stackable Tray, Letter, Black"
FUR-FU-10001254,Furniture,Furnishings,"Deflect-O Light Bulb, Black"
OFF-AP-10001824,Office Supplies,Appliances,"Hamilton Beach Blender, Silver"
OFF-NOV-10004585,Office Supplies,Labels,"Novimex Legal Exhibit Labels, Laser Printer Compatible"
OFF-AP-10002311,Office Supplies,Appliances,"Holmes Replacement Filter for HEPA Air Cleaner, Very Large Room, HEPA Filter"
OFF-AR-10004441,Office Supplies,Art,BIC Brite Liner Highlighters
OFF-SU-10004919,Office Supplies,Supplies,"Acme Letter Opener, High Speed"
FUR-FU-10003336,Furniture,Furnishings,"Eldon Door Stop, Erganomic"
FUR-HON-10000339,Furniture,Chairs,"Hon Bag Chairs, Set of Two"
OFF-PA-10000522,Office Supplies,Paper,"Green Bar Message Books, Multicolor"
TEC-PAN-10004651,Technology,Machines,"Panasonic Phone, White"
OFF-SU-10000153,Office Supplies,Supplies,"Acme Shears, High Speed"
FUR-CH-10001215,Furniture,Chairs,Global Troy Executive Leather Low-Back Tilter
OFF-AR-10001162,Office Supplies,Art,"BIC Pencil Sharpener, Blue"
OFF-LA-10001803,Office Supplies,Labels,"Avery Legal Exhibit Labels, Adjustable"
FUR-TA-10003179,Furniture,Tables,"Lesro Wood Table, Fully Assembled"
OFF-FIS-10000628,Office Supplies,Supplies,"Fiskars Ruler, Easy Grip"
OFF-FA-10002280,Office Supplies,Fasteners,Advantus Plastic Paper Clips
OFF-AR-10004115,Office Supplies,Art,"Sanford Markers, Blue"
OFF-SU-10003966,Office Supplies,Supplies,"Kleencut Trimmer, Serrated"
OFF-ENE-10000199,Office Supplies,Paper,"Enermax Computer Printout Paper, Multicolor"
OFF-PA-10003556,Office Supplies,Paper,"Eaton Computer Printout Paper, 8.5 x 11"
OFF-AP-10001926,Office Supplies,Appliances,"Hamilton Beach Refrigerator, White"
FUR-BO-10002510,Furniture,Bookcases,"Bush 3-Shelf Cabinet, Mobile"
OFF-EN-10002959,Office Supplies,Envelopes,"GlobeWeis Mailers, with clear poly window"
TEC-PH-10004896,Technology,Phones,Nokia Lumia 521 (T-Mobile)
OFF-AVE-10000608,Office Supplies,Binders,"Avery Index Tab, Economy"
FUR-CH-10000974,Furniture,Chairs,"Harbour Creations Executive Leather Armchair, Black"
TEC-PAN-10004360,Technology,Machines,"Panasonic Calculator, White"
OFF-ST-10003810,Office Supplies,Storage,"Tenex Box, Single Width"
OFF-AP-10001529,Office Supplies,Appliances,"Hamilton Beach Toaster, White"
OFF-PA-10001790,Office Supplies,Paper,Xerox 1910
FUR-CH-10004694,Furniture,Chairs,"Office Star Rocking Chair, Black"
FUR-FU-10003960,Furniture,Furnishings,"Deflect-O Stacking Tray, Erganomic"
OFF-EN-10000507,Office Supplies,Envelopes,"GlobeWeis Peel and Seal, Set of 50"
OFF-ST-10002485,Office Supplies,Storage,Rogers Deluxe File Chest
OFF-AP-10000005,Office Supplies,Appliances,"KitchenAid Microwave, Red"
FUR-FU-10002972,Furniture,Furnishings,"Advantus Light Bulb, Duo Pack"
OFF-CAR-10003373,Office Supplies,Binders,"Cardinal Hole Reinforcements, Durable"
TEC-CO-10002284,Technology,Copiers,"Hewlett Copy Machine, Color"
OFF-BIN-10000711,Office Supplies,Art,"Binney & Smith Markers, Fluorescent"
TEC-PH-10000141,Technology,Phones,Clearsounds A400
TEC-PH-10004094,Technology,Phones,Motorola L703CM
TEC-PH-10003220,Technology,Phones,"Cisco Headset, VoIP"
TEC-AC-10002629,Technology,Accessories,"Belkin Memory Card, Programmable"
TEC-AC-10002218,Technology,Accessories,"Memorex Keyboard, Erganomic"
FUR-CH-10004992,Furniture,Chairs,"Hon Bag Chairs, Red"
TEC-MA-10001298,Technology,Machines,"StarTech Receipt Printer, Wireless"
FUR-BO-10004098,Furniture,Bookcases,"Ikea Stackable Bookrack, Pine"
TEC-AC-10002901,Technology,Accessories,"Memorex Mouse, Bluetooth"
OFF-ST-10000645,Office Supplies,Storage,"Tenex File Cart, Industrial"
OFF-AR-10002672,Office Supplies,Art,"Boston Highlighters, Blue"
FUR-FU-10001731,Furniture,Furnishings,Acrylic Self-Standing Desk Frames
OFF-EN-10004212,Office Supplies,Envelopes,"Kraft Manila Envelope, Recycled"
OFF-FA-10001184,Office Supplies,Fasteners,"Stockwell Staples, Assorted Sizes"
OFF-ST-10002221,Office Supplies,Storage,"Rogers Lockers, Industrial"
TEC-MA-10000488,Technology,Machines,Bady BDG101FRU Card Printer
FUR-FU-10001487,Furniture,Furnishings,"Eldon Expressions Wood and Plastic Desk Accessories, Cherry Wood"
TEC-CO-10001787,Technology,Copiers,"HP Fax and Copier, Laser"
OFF-ACC-10004910,Office Supplies,Fasteners,"Accos Rubber Bands, Metal"
TEC-PH-10000437,Technology,Phones,"Cisco Signal Booster, VoIP"
OFF-AP-10000802,Office Supplies,Appliances,"Hoover Microwave, White"
OFF-ST-10000439,Office Supplies,Storage,"Rogers Lockers, Single Width"
OFF-AR-10004900,Office Supplies,Art,"Boston Canvas, Easy-Erase"
OFF-SU-10001573,Office Supplies,Supplies,"Kleencut Shears, Serrated"
OFF-LA-10004034,Office Supplies,Labels,"Harbour Creations Color Coded Labels, Alphabetical"
FUR-BO-10003034,Furniture,Bookcases,"O'Sullivan Elevations Bookcase, Cherry Finish"
OFF-SU-10000047,Office Supplies,Supplies,"Kleencut Box Cutter, Steel"
FUR-BO-10003589,Furniture,Bookcases,"Dania Floating Shelf Set, Traditional"
FUR-CH-10001138,Furniture,Chairs,"Office Star Swivel Stool, Black"
OFF-SU-10004932,Office Supplies,Supplies,"Stiletto Ruler, Easy Grip"
OFF-BI-10000006,Office Supplies,Binders,"Ibico Binder, Durable"
FUR-CH-10002010,Furniture,Chairs,"Office Star Bag Chairs, Adjustable"
OFF-LA-10003390,Office Supplies,Labels,"Harbour Creations File Folder Labels, 5000 Label Set"
OFF-ELD-10000124,Office Supplies,Storage,"Eldon Trays, Single Width"
FUR-TA-10002101,Furniture,Tables,"Bevis Conference Table, Fully Assembled"
FUR-HON-10001847,Furniture,Chairs,"Hon Executive Leather Armchair, Adjustable"
OFF-PA-10001905,Office Supplies,Paper,"Eaton Message Books, Recycled"
FUR-BO-10004560,Furniture,Bookcases,"Bush Floating Shelf Set, Mobile"
OFF-PA-10000745,Office Supplies,Paper,"Green Bar Memo Slips, Recycled"
OFF-AR-10001714,Office Supplies,Art,"Binney & Smith Markers, Fluorescent"
TEC-PH-10000148,Technology,Phones,Cyber Acoustics AC-202b Speech Recognition Stereo Headset
OFF-ST-10000078,Office Supplies,Storage,"Eldon Trays, Single Width"
OFF-AP-10002904,Office Supplies,Appliances,"Hamilton Beach Refrigerator, Silver"
FUR-FU-10000350,Furniture,Furnishings,"Rubbermaid Light Bulb, Duo Pack"
OFF-BIC-10002440,Office Supplies,Art,"BIC Sketch Pad, Blue"
OFF-LA-10003898,Office Supplies,Labels,"Hon Removable Labels, 5000 Label Set"
TEC-MA-10003780,Technology,Machines,"Epson Card Printer, White"
OFF-AP-10002118,Office Supplies,Appliances,"1.7 Cubic Foot Compact ""Cube"" Office Refrigerators"
FUR-CH-10001701,Furniture,Chairs,"Hon Chairmat, Set of Two"
OFF-IBI-10000779,Office Supplies,Binders,"Ibico Index Tab, Economy"
FUR-CH-10002372,Furniture,Chairs,Office Star - Ergonomically Designed Knee Chair
OFF-AP-10002651,Office Supplies,Appliances,Hoover Upright Vacuum With Dirt Cup
OFF-ST-10000351,Office Supplies,Storage,"Smead Shelving, Wire Frame"
FUR-CH-10001423,Furniture,Chairs,"Harbour Creations Rocking Chair, Black"
OFF-LA-10001417,Office Supplies,Labels,"Hon File Folder Labels, Alphabetical"
OFF-FA-10003604,Office Supplies,Fasteners,"Stockwell Paper Clips, Assorted Sizes"
OFF-AVE-10004512,Office Supplies,Binders,"Avery Hole Reinforcements, Economy"
FUR-FU-10004730,Furniture,Furnishings,"Rubbermaid Light Bulb, Erganomic"
OFF-LA-10001469,Office Supplies,Labels,"Smead File Folder Labels, Laser Printer Compatible"
OFF-PA-10003571,Office Supplies,Paper,"Enermax Cards & Envelopes, Recycled"
OFF-AR-10002852,Office Supplies,Art,"Stanley Pens, Fluorescent"
OFF-EN-10003040,Office Supplies,Envelopes,Quality Park Security Envelopes
OFF-AVE-10003504,Office Supplies,Labels,"Avery Legal Exhibit Labels, 5000 Label Set"
OFF-AR-10004165,Office Supplies,Art,"Binney & Smith inkTank Erasable Pocket Highlighter, Chisel Tip, Yellow"
OFF-AR-10002882,Office Supplies,Art,"BIC Sketch Pad, Water Color"
FUR-TA-10003926,Furniture,Tables,"Hon Wood Table, with Bottom Storage"
FUR-FU-10000674,Furniture,Furnishings,"Rubbermaid Photo Frame, Erganomic"
TEC-MA-10003101,Technology,Machines,"Panasonic Printer, Red"
TEC-KON-10003211,Technology,Machines,"Konica Inkjet, White"
OFF-SU-10000618,Office Supplies,Supplies,"Acme Trimmer, High Speed"
OFF-AP-10002191,Office Supplies,Appliances,Belkin 8 Outlet SurgeMaster II Gold Surge Protector
FUR-CH-10002362,Furniture,Chairs,"Hon Bag Chairs, Red"
FUR-TA-10000310,Furniture,Tables,"Barricks Training Table, Rectangular"
OFF-STO-10000753,Office Supplies,Fasteners,"Stockwell Thumb Tacks, 12 Pack"
FUR-FU-10004270,Furniture,Furnishings,"Executive Impressions 13"" Clairmont Wall Clock"
TEC-PH-10001557,Technology,Phones,"Apple Speaker Phone, VoIP"
OFF-LA-10000341,Office Supplies,Labels,"Smead Shipping Labels, 5000 Label Set"
TEC-PH-10002398,Technology,Phones,AT&T 1070 Corded Phone
TEC-MA-10003923,Technology,Machines,"Okidata Receipt Printer, Durable"
OFF-PA-10000130,Office Supplies,Paper,Xerox 199
OFF-ST-10004479,Office Supplies,Storage,"Eldon Shelving, Industrial"
FUR-BO-10003903,Furniture,Bookcases,"Dania 3-Shelf Cabinet, Pine"
OFF-STA-10003756,Office Supplies,Art,"Stanley Sketch Pad, Blue"
OFF-ST-10002340,Office Supplies,Storage,"Fellowes Shelving, Industrial"
OFF-ENE-10001291,Office Supplies,Paper,"Enermax Computer Printout Paper, Premium"
OFF-AR-10003811,Office Supplies,Art,Newell 327
TEC-PH-10002898,Technology,Phones,"Samsung Smart Phone, Full Size"
OFF-LA-10002598,Office Supplies,Labels,"Harbour Creations Removable Labels, Laser Printer Compatible"
TEC-PH-10002563,Technology,Phones,Adtran 1202752G1
OFF-AP-10003380,Office Supplies,Appliances,"KitchenAid Coffee Grinder, Black"
TEC-MA-10004772,Technology,Machines,"Konica Inkjet, White"
OFF-ST-10003411,Office Supplies,Storage,"Eldon Trays, Wire Frame"
TEC-AC-10001592,Technology,Accessories,"Enermax Flash Drive, Programmable"
OFF-FA-10003799,Office Supplies,Fasteners,"Accos Clamps, Metal"
OFF-LA-10002609,Office Supplies,Labels,"Avery Color Coded Labels, Alphabetical"
TEC-PH-10003772,Technology,Phones,"Cisco Headset, Cordless"
TEC-EPS-10004558,Technology,Machines,"Epson Inkjet, Durable"
OFF-AP-10001931,Office Supplies,Appliances,"Cuisinart Stove, Red"
OFF-PA-10003303,Office Supplies,Paper,"Xerox Computer Printout Paper, Multicolor"
OFF-ST-10003489,Office Supplies,Storage,"Smead Shelving, Wire Frame"
TEC-PH-10004093,Technology,Phones,"Motorola Audio Dock, VoIP"
OFF-BI-10000440,Office Supplies,Binders,"Acco Index Tab, Economy"
TEC-PH-10000895,Technology,Phones,Polycom VVX 310 VoIP phone
OFF-ROG-10001735,Office Supplies,Storage,"Rogers Lockers, Blue"
OFF-ST-10004489,Office Supplies,Storage,"Smead Lockers, Single Width"
FUR-BO-10001256,Furniture,Bookcases,"Ikea Corner Shelving, Pine"
OFF-PA-10002818,Office Supplies,Paper,"Enermax Parchment Paper, Premium"
OFF-AR-10000660,Office Supplies,Art,"Boston Canvas, Water Color"
OFF-EN-10004788,Office Supplies,Envelopes,"Cameo Manila Envelope, Recycled"
OFF-ST-10000557,Office Supplies,Storage,"Tenex Box, Blue"
OFF-STO-10001791,Office Supplies,Fasteners,"Stockwell Clamps, Bulk Pack"
OFF-BI-10002990,Office Supplies,Binders,"Acco Index Tab, Clear"
OFF-ST-10004983,Office Supplies,Storage,"Smead Shelving, Wire Frame"
TEC-PH-10000307,Technology,Phones,Shocksock Galaxy S4 Armband
OFF-SU-10004655,Office Supplies,Supplies,"Stiletto Trimmer, Steel"
OFF-FA-10000670,Office Supplies,Fasteners,"Advantus Clamps, Assorted Sizes"
OFF-TEN-10001129,Office Supplies,Storage,"Tenex Shelving, Blue"
FUR-ELD-10000963,Furniture,Furnishings,"Eldon Stacking Tray, Durable"
OFF-BI-10000963,Office Supplies,Binders,"Acco Index Tab, Clear"
TEC-PH-10000365,Technology,Phones,"Cisco Office Telephone, with Caller ID"
OFF-TEN-10004194,Office Supplies,Storage,"Tenex File Cart, Single Width"
TEC-AC-10000633,Technology,Accessories,"Enermax Memory Card, USB"
OFF-STI-10000114,Office Supplies,Supplies,"Stiletto Letter Opener, High Speed"
FUR-CH-10002273,Furniture,Chairs,"Harbour Creations Rocking Chair, Black"
TEC-AC-10003063,Technology,Accessories,Micro Innovations USB RF Wireless Keyboard with Mouse
TEC-AC-10004904,Technology,Accessories,"Enermax Mouse, Erganomic"
FUR-CH-10002970,Furniture,Chairs,"Harbour Creations Chairmat, Black"
FUR-FU-10002335,Furniture,Furnishings,"Rubbermaid Light Bulb, Durable"
TEC-MOT-10001927,Technology,Phones,"Motorola Speaker Phone, VoIP"
OFF-FA-10003815,Office Supplies,Fasteners,"Stockwell Clamps, Metal"
OFF-PA-10002616,Office Supplies,Paper,"Green Bar Parchment Paper, Multicolor"
FUR-FU-10004960,Furniture,Furnishings,"Deflect-O Photo Frame, Duo Pack"
TEC-CO-10004365,Technology,Copiers,"HP Wireless Fax, Color"
TEC-PH-10004241,Technology,Phones,Nokia Lumia 1020
FUR-BO-10001834,Furniture,Bookcases,"Ikea 3-Shelf Cabinet, Mobile"
TEC-MA-10004116,Technology,Machines,"StarTech Inkjet, Wireless"
OFF-FA-10004698,Office Supplies,Fasteners,"Stockwell Staples, Metal"
OFF-SU-10003659,Office Supplies,Supplies,"Fiskars Trimmer, Steel"
OFF-ROG-10002682,Office Supplies,Storage,"Rogers Box, Industrial"
OFF-ST-10002289,Office Supplies,Storage,"Safco Wire Cube Shelving System, For Use as 4 or 5 14"" Cubes, Black"
OFF-STO-10000128,Office Supplies,Fasteners,"Stockwell Push Pins, Metal"
OFF-PA-10004200,Office Supplies,Paper,"Xerox Note Cards, Multicolor"
OFF-ST-10004186,Office Supplies,Storage,"Stur-D-Stor Shelving, Vertical 5-Shelf: 72""H x 36""W x 18 1/2""D"
TEC-CO-10001595,Technology,Copiers,"Brother Copy Machine, Color"
OFF-AME-10000870,Office Supplies,Envelopes,"Ames Peel and Seal, Recycled"
OFF-CUI-10002314,Office Supplies,Appliances,"Cuisinart Coffee Grinder, Silver"
TEC-PH-10004437,Technology,Phones,"Cisco Speaker Phone, with Caller ID"
TEC-PH-10003823,Technology,Phones,"Apple Headset, Full Size"
FUR-CH-10003848,Furniture,Chairs,"Office Star Rocking Chair, Adjustable"
TEC-PH-10003652,Technology,Phones,"Motorola Headset, Cordless"
OFF-PA-10001850,Office Supplies,Paper,"Eaton Note Cards, Premium"
OFF-BI-10003676,Office Supplies,Binders,"GBC Standard Recycled Report Covers, Clear Plastic Sheets"
FUR-BO-10000684,Furniture,Bookcases,"Sauder Corner Shelving, Traditional"
FUR-HAR-10001144,Furniture,Chairs,"Harbour Creations Bag Chairs, Adjustable"
TEC-PH-10004578,Technology,Phones,"Nokia Office Telephone, with Caller ID"
OFF-EN-10001647,Office Supplies,Envelopes,"GlobeWeis Interoffice Envelope, Security-Tint"
TEC-PH-10001573,Technology,Phones,"Nokia Smart Phone, with Caller ID"
FUR-BO-10004404,Furniture,Bookcases,"Ikea 3-Shelf Cabinet, Pine"
FUR-FU-10003066,Furniture,Furnishings,"Deflect-O Frame, Duo Pack"
TEC-MA-10004446,Technology,Machines,"StarTech Printer, Wireless"
FUR-SAF-10002757,Furniture,Chairs,"SAFCO Rocking Chair, Red"
TEC-PH-10004057,Technology,Phones,"Motorola Smart Phone, with Caller ID"
FUR-FU-10002116,Furniture,Furnishings,"Tenex Carpeted, Granite-Look or Clear Contemporary Contour Shape Chair Mats"
FUR-CHR-10004803,Furniture,Tables,"Chromcraft Wood Table, Fully Assembled"
FUR-FU-10004778,Furniture,Furnishings,"Deflect-O Light Bulb, Duo Pack"
OFF-AR-10002037,Office Supplies,Art,"Stanley Sketch Pad, Fluorescent"
TEC-PH-10001795,Technology,Phones,ClearOne CHATAttach 160 - speaker phone
TEC-CO-10004078,Technology,Copiers,"Sharp Fax Machine, Laser"
TEC-PH-10004287,Technology,Phones,"Cisco Headset, Cordless"
OFF-BI-10003475,Office Supplies,Binders,"Wilson Jones Index Tab, Recycled"
OFF-SU-10004904,Office Supplies,Supplies,"Fiskars Scissors, Serrated"
OFF-AR-10004986,Office Supplies,Art,"Boston Pens, Easy-Erase"
TEC-AC-10003172,Technology,Accessories,"Memorex Numeric Keypad, Bluetooth"
OFF-LA-10004320,Office Supplies,Labels,"Avery Legal Exhibit Labels, Alphabetical"
TEC-STA-10003550,Technology,Machines,"StarTech Card Printer, Red"
FUR-CH-10000171,Furniture,Chairs,"SAFCO Steel Folding Chair, Adjustable"
FUR-FU-10002111,Furniture,Furnishings,"Master Caster Door Stop, Large Brown"
FUR-HAR-10003548,Furniture,Chairs,"Harbour Creations Bag Chairs, Set of Two"
OFF-FA-10004684,Office Supplies,Fasteners,"Advantus Thumb Tacks, Metal"
TEC-CO-10003420,Technology,Copiers,"Sharp Wireless Fax, High-Speed"
OFF-BOS-10002472,Office Supplies,Art,"Boston Sketch Pad, Blue"
OFF-ST-10000103,Office Supplies,Storage,"Smead Lockers, Industrial"
OFF-CAM-10002734,Office Supplies,Envelopes,"Cameo Clasp Envelope, with clear poly window"
OFF-SU-10002710,Office Supplies,Supplies,"Fiskars Trimmer, High Speed"
TEC-AC-10000263,Technology,Accessories,"Belkin Mouse, USB"
OFF-BI-10000389,Office Supplies,Binders,"Ibico Binding Machine, Clear"
TEC-AC-10000199,Technology,Accessories,Kingston Digital DataTraveler 8GB USB 2.0
TEC-AC-10004877,Technology,Accessories,Imation 30456 USB Flash Drive 8GB
OFF-PA-10004600,Office Supplies,Paper,"Xerox Cards & Envelopes, Premium"
TEC-AC-10001114,Technology,Accessories,Microsoft Wireless Mobile Mouse 4000
TEC-PH-10003764,Technology,Phones,"Cisco Office Telephone, Cordless"
TEC-STA-10003386,Technology,Machines,"StarTech Inkjet, Wireless"
OFF-STA-10000155,Office Supplies,Art,"Stanley Pencil Sharpener, Water Color"
FUR-TA-10002607,Furniture,Tables,KI Conference Tables
OFF-LA-10004749,Office Supplies,Labels,"Novimex Removable Labels, Adjustable"
OFF-SU-10000148,Office Supplies,Supplies,"Stiletto Ruler, Serrated"
OFF-PA-10001667,Office Supplies,Paper,Great White Multi-Use Recycled Paper (20Lb. and 84 Bright)
OFF-AP-10002134,Office Supplies,Appliances,"KitchenAid Coffee Grinder, White"
OFF-AP-10001005,Office Supplies,Appliances,Honeywell Quietcare HEPA Air Cleaner
TEC-CO-10002465,Technology,Copiers,"HP Copy Machine, Color"
TEC-ENE-10004192,Technology,Accessories,"Enermax Keyboard, Bluetooth"
FUR-BO-10002906,Furniture,Bookcases,"Ikea Corner Shelving, Traditional"
FUR-HON-10001622,Furniture,Chairs,"Hon Chairmat, Red"
OFF-AR-10001958,Office Supplies,Art,Stanley Bostitch Contemporary Electric Pencil Sharpeners
FUR-FU-10003855,Furniture,Furnishings,"Rubbermaid Clock, Erganomic"
FUR-TA-10001633,Furniture,Tables,"Bevis Wood Table, with Bottom Storage"
OFF-BI-10003529,Office Supplies,Binders,Avery Round Ring Poly Binders
OFF-AR-10002535,Office Supplies,Art,"Stanley Markers, Water Color"
OFF-BI-10002841,Office Supplies,Binders,"Cardinal Binding Machine, Durable"
FUR-TA-10000558,Furniture,Tables,"Hon Wood Table, Rectangular"
TEC-PH-10003102,Technology,Phones,"Samsung Audio Dock, with Caller ID"
OFF-BI-10003372,Office Supplies,Binders,"Ibico Binding Machine, Durable"
OFF-BI-10002511,Office Supplies,Binders,"Avery 3-Hole Punch, Clear"
OFF-HON-10004621,Office Supplies,Labels,"Hon Color Coded Labels, Adjustable"
OFF-AP-10003287,Office Supplies,Appliances,"KitchenAid Stove, Silver"
OFF-SU-10002189,Office Supplies,Supplies,Acme Rosewood Handle Letter Opener
FUR-RUB-10002507,Furniture,Furnishings,"Rubbermaid Stacking Tray, Black"
OFF-EN-10001997,Office Supplies,Envelopes,"GlobeWeis Business Envelopes, with clear poly window"
OFF-CAR-10003259,Office Supplies,Binders,"Cardinal Binder, Recycled"
OFF-HAR-10001531,Office Supplies,Labels,"Harbour Creations Removable Labels, Adjustable"
OFF-LA-10004462,Office Supplies,Labels,"Smead Shipping Labels, Adjustable"
TEC-PH-10002538,Technology,Phones,Grandstream GXP1160 VoIP phone
FUR-CH-10000336,Furniture,Chairs,"SAFCO Chairmat, Set of Two"
OFF-LA-10002043,Office Supplies,Labels,Avery 489
OFF-PA-10003943,Office Supplies,Paper,"Green Bar Computer Printout Paper, Multicolor"
FUR-FU-10002659,Furniture,Furnishings,"Eldon Clock, Black"
OFF-AR-10003658,Office Supplies,Art,"Boston Markers, Water Color"
OFF-AR-10004022,Office Supplies,Art,Panasonic KP-380BK Classic Electric Pencil Sharpener
OFF-AR-10003336,Office Supplies,Art,"Sanford Pencil Sharpener, Easy-Erase"
FUR-FU-10002648,Furniture,Furnishings,"Rubbermaid Stacking Tray, Erganomic"
FUR-CH-10000666,Furniture,Chairs,"SAFCO Chairmat, Black"
FUR-FU-10000620,Furniture,Furnishings,"Advantus Clock, Black"
OFF-BIC-10003841,Office Supplies,Art,"BIC Canvas, Water Color"
OFF-PA-10004429,Office Supplies,Paper,"Xerox Memo Slips, Premium"
OFF-LA-10002289,Office Supplies,Labels,"Hon Shipping Labels, Adjustable"
OFF-PA-10000806,Office Supplies,Paper,Xerox 1934
FUR-BO-10001541,Furniture,Bookcases,"Bush Stackable Bookrack, Traditional"
OFF-AR-10004746,Office Supplies,Art,"Binney & Smith Highlighters, Easy-Erase"
TEC-MOT-10002855,Technology,Phones,"Motorola Speaker Phone, with Caller ID"
OFF-ST-10000430,Office Supplies,Storage,"Tenex File Cart, Blue"
OFF-FA-10003836,Office Supplies,Fasteners,"Stockwell Rubber Bands, 12 Pack"
FUR-BO-10001746,Furniture,Bookcases,"Dania 3-Shelf Cabinet, Pine"
TEC-AC-10002323,Technology,Accessories,SanDisk Ultra 32 GB MicroSDHC Class 10 Memory Card
OFF-BI-10004352,Office Supplies,Binders,Wilson Jones DublLock D-Ring Binders
OFF-ST-10001869,Office Supplies,Storage,"Eldon Box, Single Width"
OFF-ST-10002622,Office Supplies,Storage,"Smead File Cart, Single Width"
OFF-BI-10001524,Office Supplies,Binders,GBC Premium Transparent Covers with Diagonal Lined Pattern
OFF-AR-10002415,Office Supplies,Art,"Stanley Markers, Easy-Erase"
FUR-TA-10001786,Furniture,Tables,"Chromcraft Computer Table, with Bottom Storage"
TEC-CO-10002404,Technology,Copiers,"HP Fax Machine, Color"
OFF-EN-10000084,Office Supplies,Envelopes,"Jiffy Manila Envelope, with clear poly window"
OFF-ST-10004638,Office Supplies,Storage,"Eldon File Cart, Blue"
OFF-AR-10002485,Office Supplies,Art,"Boston Markers, Easy-Erase"
TEC-PH-10000879,Technology,Phones,"Cisco Smart Phone, Full Size"
OFF-LA-10002731,Office Supplies,Labels,"Smead Removable Labels, Laser Printer Compatible"
OFF-PA-10002109,Office Supplies,Paper,Wirebound Voice Message Log Book
TEC-PH-10002070,Technology,Phones,"Apple Headset, with Caller ID"
OFF-BI-10000206,Office Supplies,Binders,"Wilson Jones Binder Covers, Economy"
FUR-CH-10001043,Furniture,Chairs,"Harbour Creations Bag Chairs, Red"
FUR-TA-10003485,Furniture,Tables,"Bevis Training Table, Rectangular"
OFF-SU-10001624,Office Supplies,Supplies,"Kleencut Ruler, High Speed"
TEC-PH-10002759,Technology,Phones,"Cisco Smart Phone, Cordless"
FUR-CH-10004255,Furniture,Chairs,"SAFCO Executive Leather Armchair, Red"
FUR-CH-10000373,Furniture,Chairs,"Hon Steel Folding Chair, Set of Two"
OFF-ROG-10001372,Office Supplies,Storage,"Rogers Trays, Blue"
OFF-EN-10003661,Office Supplies,Envelopes,"Cameo Clasp Envelope, Recycled"
TEC-CO-10001419,Technology,Copiers,"Hewlett Copy Machine, Color"
TEC-PH-10001615,Technology,Phones,AT&T CL82213
OFF-SU-10001368,Office Supplies,Supplies,"Fiskars Ruler, Serrated"
FUR-TA-10000962,Furniture,Tables,"Hon Conference Table, Adjustable Height"
FUR-FU-10002818,Furniture,Furnishings,"Advantus Stacking Tray, Black"
OFF-ST-10004191,Office Supplies,Storage,"Tenex Lockers, Blue"
OFF-AP-10004841,Office Supplies,Appliances,"Hamilton Beach Toaster, Silver"
TEC-AC-10002335,Technology,Accessories,Logitech Media Keyboard K200
TEC-CO-10002659,Technology,Copiers,"Sharp Fax Machine, Color"
OFF-ST-10003322,Office Supplies,Storage,"Eldon Shelving, Wire Frame"
OFF-HOO-10002715,Office Supplies,Appliances,"Hoover Coffee Grinder, White"
TEC-AC-10001056,Technology,Accessories,"Belkin Router, USB"
OFF-AP-10002941,Office Supplies,Appliances,"Breville Refrigerator, Silver"
OFF-PA-10004174,Office Supplies,Paper,"Enermax Computer Printout Paper, 8.5 x 11"
OFF-BI-10000518,Office Supplies,Binders,"Wilson Jones Index Tab, Clear"
TEC-MA-10002080,Technology,Machines,"Epson Printer, Durable"
OFF-EN-10002406,Office Supplies,Envelopes,"Kraft Business Envelopes, Recycled"
TEC-AC-10000483,Technology,Accessories,"SanDisk Memory Card, Bluetooth"
OFF-AP-10003304,Office Supplies,Appliances,"Cuisinart Microwave, White"
TEC-AC-10003280,Technology,Accessories,Belkin F8E887 USB Wired Ergonomic Keyboard
FUR-TEN-10004147,Furniture,Furnishings,"Tenex Clock, Erganomic"
OFF-AP-10003598,Office Supplies,Appliances,"Breville Refrigerator, Red"
FUR-TA-10001866,Furniture,Tables,Bevis Round Conference Room Tables and Bases
OFF-PA-10004741,Office Supplies,Paper,"SanDisk Cards & Envelopes, 8.5 x 11"
FUR-FU-10004954,Furniture,Furnishings,"Tenex Clock, Duo Pack"
TEC-MA-10003112,Technology,Machines,"StarTech Phone, Durable"
OFF-SU-10000175,Office Supplies,Supplies,"Elite Scissors, Easy Grip"
FUR-CH-10003981,Furniture,Chairs,Global Commerce Series Low-Back Swivel/Tilt Chairs
TEC-AC-10002712,Technology,Accessories,"Enermax Keyboard, Erganomic"
OFF-LA-10000984,Office Supplies,Labels,"Hon Round Labels, Alphabetical"
OFF-PA-10003518,Office Supplies,Paper,"Enermax Computer Printout Paper, Multicolor"
FUR-CH-10004746,Furniture,Chairs,"Office Star Executive Leather Armchair, Adjustable"
FUR-BO-10000034,Furniture,Bookcases,"Safco Classic Bookcase, Pine"
FUR-CH-10002610,Furniture,Chairs,"Novimex Swivel Stool, Black"
TEC-PH-10003486,Technology,Phones,"Apple Audio Dock, Cordless"
FUR-FU-10001667,Furniture,Furnishings,"Rubbermaid Stacking Tray, Black"
OFF-EN-10000338,Office Supplies,Envelopes,"Kraft Mailers, Recycled"
OFF-SU-10003719,Office Supplies,Supplies,"Stiletto Scissors, Steel"
OFF-ST-10001490,Office Supplies,Storage,"Hot File 7-Pocket, Floor Stand"
OFF-BI-10004632,Office Supplies,Binders,GBC Binding covers
OFF-LA-10001444,Office Supplies,Labels,"Avery Round Labels, Alphabetical"
FUR-BO-10001668,Furniture,Bookcases,"Ikea Floating Shelf Set, Pine"
TEC-MA-10002109,Technology,Machines,"HP Officejet Pro 8600 e-All-In-One Printer, Copier, Scanner, Fax"
OFF-AP-10004859,Office Supplies,Appliances,Acco 6 Outlet Guardian Premium Surge Suppressor
TEC-AC-10001987,Technology,Accessories,"Memorex Numeric Keypad, Bluetooth"
TEC-MA-10000010,Technology,Machines,Hewlett-Packard Deskjet 3050a All-in-One Color Inkjet Printer
TEC-CO-10001001,Technology,Copiers,"HP Fax Machine, Digital"
TEC-EPS-10002711,Technology,Machines,"Epson Card Printer, Red"
OFF-AR-10000227,Office Supplies,Art,"BIC Sketch Pad, Fluorescent"
FUR-ADV-10000190,Furniture,Furnishings,"Advantus Frame, Duo Pack"
OFF-FA-10001010,Office Supplies,Fasteners,"Stockwell Clamps, Metal"
OFF-SU-10001080,Office Supplies,Supplies,"Acme Letter Opener, High Speed"
OFF-SU-10001731,Office Supplies,Supplies,"Elite Letter Opener, High Speed"
OFF-PA-10004943,Office Supplies,Paper,"Enermax Memo Slips, 8.5 x 11"
OFF-FA-10003991,Office Supplies,Fasteners,"Stockwell Staples, Bulk Pack"
TEC-PH-10001870,Technology,Phones,Lunatik TT5L-002 Taktik Strike Impact Protection System for iPhone 5
FUR-FU-10000550,Furniture,Furnishings,Stacking Trays by OIC
TEC-PH-10004631,Technology,Phones,"Cisco Audio Dock, with Caller ID"
OFF-SU-10000289,Office Supplies,Supplies,"Kleencut Ruler, Easy Grip"
OFF-SU-10003991,Office Supplies,Supplies,"Fiskars Shears, Steel"
OFF-ST-10003835,Office Supplies,Storage,"Rogers Folders, Single Width"
FUR-FU-10000507,Furniture,Furnishings,"Tenex Photo Frame, Duo Pack"
OFF-SU-10000429,Office Supplies,Supplies,"Elite Ruler, Easy Grip"
FUR-CH-10004338,Furniture,Chairs,"Hon Bag Chairs, Red"
OFF-ST-10001496,Office Supplies,Storage,Standard Rollaway File with Lock
FUR-CH-10001726,Furniture,Chairs,"Office Star Steel Folding Chair, Adjustable"
TEC-AC-10004094,Technology,Accessories,"SanDisk Keyboard, Programmable"
OFF-PA-10004450,Office Supplies,Paper,"Xerox Cards & Envelopes, Recycled"
OFF-PA-10000176,Office Supplies,Paper,Xerox 1887
OFF-NOV-10000986,Office Supplies,Labels,"Novimex File Folder Labels, Adjustable"
OFF-ST-10002499,Office Supplies,Storage,"Fellowes Shelving, Single Width"
FUR-BO-10004926,Furniture,Bookcases,"Safco 3-Shelf Cabinet, Traditional"
TEC-CO-10001824,Technology,Copiers,"Sharp Personal Copier, Color"
OFF-BI-10000538,Office Supplies,Binders,"Acco Binding Machine, Clear"
OFF-AR-10001195,Office Supplies,Art,"Stanley Canvas, Water Color"
OFF-AR-10003031,Office Supplies,Art,"Binney & Smith Pens, Fluorescent"
OFF-EN-10003838,Office Supplies,Envelopes,"Cameo Business Envelopes, Security-Tint"
OFF-SU-10001595,Office Supplies,Supplies,"Kleencut Shears, Serrated"
OFF-FIS-10004067,Office Supplies,Supplies,"Fiskars Ruler, Steel"
OFF-ST-10003837,Office Supplies,Storage,"Tenex Lockers, Single Width"
FUR-FU-10000260,Furniture,Furnishings,"6"" Cubicle Wall Clock, Black"
FUR-CH-10000608,Furniture,Chairs,"Office Star Chairmat, Set of Two"
FUR-TA-10000687,Furniture,Tables,"Bevis Conference Table, with Bottom Storage"
FUR-TA-10000164,Furniture,Tables,"Lesro Training Table, Fully Assembled"
TEC-PH-10002102,Technology,Phones,"Nokia Headset, Cordless"
OFF-AR-10004010,Office Supplies,Art,"Sanford Pencil Sharpener, Water Color"
OFF-SU-10000256,Office Supplies,Supplies,"Acme Scissors, Steel"
OFF-PA-10004355,Office Supplies,Paper,Xerox 231
OFF-AR-10000823,Office Supplies,Art,"Stanley Pens, Water Color"
OFF-FA-10001727,Office Supplies,Fasteners,"Advantus Thumb Tacks, Assorted Sizes"
FUR-TA-10003030,Furniture,Tables,"Lesro Training Table, Adjustable Height"
FUR-FU-10000702,Furniture,Furnishings,"Tenex Frame, Black"
TEC-PH-10000990,Technology,Phones,"Cisco Signal Booster, with Caller ID"
TEC-AC-10003499,Technology,Accessories,Memorex Mini Travel Drive 8 GB USB 2.0 Flash Drive
FUR-FU-10000641,Furniture,Furnishings,"Deflect-O Door Stop, Durable"
OFF-ST-10002714,Office Supplies,Storage,"Eldon Box, Industrial"
FUR-TA-10004175,Furniture,Tables,"Hon 30"" x 60"" Table with Locking Drawer"
TEC-MA-10001016,Technology,Machines,Canon PC170 Desktop Personal Copier
OFF-PA-10000758,Office Supplies,Paper,"SanDisk Computer Printout Paper, 8.5 x 11"
OFF-NOV-10000787,Office Supplies,Labels,"Novimex Removable Labels, Laser Printer Compatible"
OFF-SAN-10003226,Office Supplies,Paper,"SanDisk Message Books, Recycled"
FUR-FU-10001290,Furniture,Furnishings,Executive Impressions Supervisor Wall Clock
TEC-MA-10002249,Technology,Machines,"StarTech Calculator, Wireless"
TEC-MOT-10002560,Technology,Phones,"Motorola Signal Booster, Full Size"
OFF-AP-10000391,Office Supplies,Appliances,"Hamilton Beach Coffee Grinder, Black"
OFF-AP-10002476,Office Supplies,Appliances,"Cuisinart Blender, Red"
TEC-MA-10001139,Technology,Machines,"Okidata Receipt Printer, Wireless"
OFF-AR-10002067,Office Supplies,Art,Newell 334
TEC-PH-10002127,Technology,Phones,"Cisco Smart Phone, Cordless"
FUR-BO-10001452,Furniture,Bookcases,"Dania Stackable Bookrack, Pine"
OFF-AP-10001191,Office Supplies,Appliances,"Hoover Blender, White"
OFF-AP-10003278,Office Supplies,Appliances,Belkin 7-Outlet SurgeMaster Home Series
OFF-PA-10003969,Office Supplies,Paper,"Green Bar Note Cards, 8.5 x 11"
TEC-MOT-10000851,Technology,Phones,"Motorola Headset, with Caller ID"
FUR-BUS-10000984,Furniture,Bookcases,"Bush 3-Shelf Cabinet, Traditional"
FUR-TA-10001237,Furniture,Tables,"Barricks Coffee Table, Fully Assembled"
OFF-ST-10002539,Office Supplies,Storage,"Fellowes Shelving, Single Width"
OFF-AR-10001402,Office Supplies,Art,"Sanford Highlighters, Water Color"
TEC-OKI-10001433,Technology,Machines,"Okidata Calculator, Red"
FUR-CH-10003606,Furniture,Chairs,SAFCO Folding Chair Trolley
TEC-CO-10001487,Technology,Copiers,"Canon Ink, Digital"
TEC-PH-10004940,Technology,Phones,"Nokia Signal Booster, with Caller ID"
OFF-AR-10001221,Office Supplies,Art,"Dixon Ticonderoga Erasable Colored Pencil Set, 12-Color"
OFF-BI-10000070,Office Supplies,Binders,"Wilson Jones 3-Hole Punch, Clear"
OFF-PA-10004835,Office Supplies,Paper,"Enermax Computer Printout Paper, Multicolor"
OFF-STA-10000298,Office Supplies,Art,"Stanley Canvas, Blue"
TEC-MA-10003704,Technology,Machines,"StarTech Printer, Wireless"
TEC-AC-10004883,Technology,Accessories,"Logitech Keyboard, Bluetooth"
FUR-BO-10001831,Furniture,Bookcases,"Sauder Floating Shelf Set, Metal"
FUR-SAF-10003540,Furniture,Bookcases,"Safco Floating Shelf Set, Metal"
OFF-EN-10001979,Office Supplies,Envelopes,"Cameo Clasp Envelope, Security-Tint"
TEC-MA-10001279,Technology,Machines,"Panasonic Calculator, Wireless"
OFF-KIT-10003683,Office Supplies,Appliances,"KitchenAid Stove, Silver"
OFF-ST-10001590,Office Supplies,Storage,"Tenex Personal Project File with Scoop Front Design, Black"
OFF-FA-10001086,Office Supplies,Fasteners,"Accos Rubber Bands, Assorted Sizes"
OFF-AP-10002698,Office Supplies,Appliances,"Cuisinart Microwave, Black"
OFF-BI-10003196,Office Supplies,Binders,Accohide Poly Flexible Ring Binders
OFF-AP-10001103,Office Supplies,Appliances,"Breville Microwave, Silver"
TEC-AC-10000865,Technology,Accessories,"Enermax Keyboard, Bluetooth"
FUR-CH-10000825,Furniture,Chairs,"SAFCO Chairmat, Red"
TEC-HEW-10000930,Technology,Copiers,"Hewlett Ink, Digital"
TEC-BEL-10003985,Technology,Accessories,"Belkin Router, USB"
FUR-BUS-10002639,Furniture,Bookcases,"Bush Corner Shelving, Mobile"
FUR-BO-10001934,Furniture,Bookcases,"Bush Library with Doors, Metal"
OFF-EN-10004051,Office Supplies,Envelopes,"Ames Manila Envelope, Set of 50"
FUR-BO-10000268,Furniture,Bookcases,"Ikea 3-Shelf Cabinet, Traditional"
OFF-AR-10004825,Office Supplies,Art,"BIC Canvas, Fluorescent"
TEC-AC-10001728,Technology,Accessories,"SanDisk Flash Drive, Programmable"
TEC-CAN-10003392,Technology,Copiers,"Canon Copy Machine, Color"
OFF-ST-10003293,Office Supplies,Storage,"Smead File Cart, Single Width"
OFF-FA-10001698,Office Supplies,Fasteners,"Stockwell Clamps, Assorted Sizes"
TEC-CO-10003702,Technology,Copiers,"Brother Ink, Digital"
FUR-CH-10004063,Furniture,Chairs,Global Deluxe High-Back Manager's Chair
OFF-PA-10004151,Office Supplies,Paper,"SanDisk Note Cards, Multicolor"
FUR-OFF-10003019,Furniture,Chairs,"Office Star Steel Folding Chair, Adjustable"
FUR-BO-10003028,Furniture,Bookcases,"Sauder 3-Shelf Cabinet, Mobile"
OFF-AP-10002794,Office Supplies,Appliances,"KitchenAid Microwave, Black"
OFF-ST-10000675,Office Supplies,Storage,"File Shuttle II and Handi-File, Black"
TEC-MA-10000752,Technology,Machines,Texas Instrument TI-15 Fraction Calculator
FUR-TA-10000317,Furniture,Tables,"Barricks Computer Table, Fully Assembled"
TEC-PH-10001336,Technology,Phones,Digium D40 VoIP phone
TEC-CO-10000666,Technology,Copiers,"Hewlett Copy Machine, Laser"
OFF-ST-10003446,Office Supplies,Storage,"Smead Trays, Single Width"
TEC-APP-10004657,Technology,Phones,"Apple Smart Phone, Cordless"
OFF-EN-10003619,Office Supplies,Envelopes,"Kraft Manila Envelope, with clear poly window"
OFF-STO-10003605,Office Supplies,Fasteners,"Stockwell Paper Clips, Metal"
OFF-LA-10001065,Office Supplies,Labels,"Avery Round Labels, Alphabetical"
TEC-CO-10000534,Technology,Copiers,"Sharp Copy Machine, Color"
OFF-PA-10001294,Office Supplies,Paper,"Enermax Cards & Envelopes, Multicolor"
FUR-CH-10004477,Furniture,Chairs,"Global Push Button Manager's Chair, Indigo"
OFF-ST-10003641,Office Supplies,Storage,Space Solutions Industrial Galvanized Steel Shelving.
TEC-PH-10000730,Technology,Phones,Samsung Galaxy S4 Active
FUR-BO-10000980,Furniture,Bookcases,"Bush Library with Doors, Traditional"
OFF-PA-10002689,Office Supplies,Paper,Weyerhaeuser First Choice Laser/Copy Paper (20Lb. and 88 Bright)
TEC-ENE-10003873,Technology,Accessories,"Enermax Numeric Keypad, Bluetooth"
OFF-HAR-10000242,Office Supplies,Labels,"Harbour Creations Round Labels, Laser Printer Compatible"
FUR-CH-10000843,Furniture,Chairs,"SAFCO Executive Leather Armchair, Set of Two"
FUR-CH-10004095,Furniture,Chairs,"SAFCO Executive Leather Armchair, Adjustable"
TEC-AC-10004478,Technology,Accessories,"SanDisk Numeric Keypad, Bluetooth"
OFF-BI-10002071,Office Supplies,Binders,Fellowes Black Plastic Comb Bindings
OFF-BI-10002160,Office Supplies,Binders,Acco Hanging Data Binders
OFF-SAN-10000335,Office Supplies,Paper,"SanDisk Parchment Paper, Premium"
FUR-CH-10001270,Furniture,Chairs,Harbour Creations Steel Folding Chair
TEC-CO-10001382,Technology,Copiers,"HP Personal Copier, Laser"
FUR-FU-10001488,Furniture,Furnishings,"Tenex 46"" x 60"" Computer Anti-Static Chairmat, Rectangular Shaped"
OFF-SU-10002135,Office Supplies,Supplies,"Fiskars Shears, Easy Grip"
OFF-SU-10002032,Office Supplies,Supplies,"Stiletto Scissors, Easy Grip"
FUR-BO-10003965,Furniture,Bookcases,O'Sullivan Manor Hill 2-Door Library in Brianna Oak
FUR-FU-10003036,Furniture,Furnishings,"Eldon Door Stop, Durable"
TEC-MA-10004064,Technology,Machines,"Panasonic Calculator, Red"
FUR-SAF-10002940,Furniture,Bookcases,"Safco Corner Shelving, Mobile"
OFF-BI-10002711,Office Supplies,Binders,"Acco Binding Machine, Clear"
OFF-EN-10003416,Office Supplies,Envelopes,"Jiffy Peel and Seal, with clear poly window"
TEC-AC-10001500,Technology,Accessories,"Logitech Memory Card, Erganomic"
OFF-BI-10003874,Office Supplies,Binders,"Avery Index Tab, Clear"
OFF-EN-10003444,Office Supplies,Envelopes,"Jiffy Clasp Envelope, with clear poly window"
OFF-BI-10002012,Office Supplies,Binders,Wilson Jones Easy Flow II Sheet Lifters
FUR-FU-10000546,Furniture,Furnishings,"Eldon Door Stop, Erganomic"
TEC-PH-10003361,Technology,Phones,"Samsung Signal Booster, with Caller ID"
OFF-FA-10001237,Office Supplies,Fasteners,"Stockwell Push Pins, Bulk Pack"
FUR-CH-10004194,Furniture,Chairs,"Novimex Bag Chairs, Red"
TEC-CO-10004252,Technology,Copiers,"HP Ink, Color"
TEC-AC-10001703,Technology,Accessories,"Memorex Keyboard, USB"
FUR-TA-10003179,Furniture,Tables,"Chromcraft Round Table, Adjustable Height"
FUR-FU-10004241,Furniture,Furnishings,"Deflect-O Light Bulb, Black"
FUR-FU-10001791,Furniture,Furnishings,"Tenex Photo Frame, Durable"
OFF-ST-10001780,Office Supplies,Storage,Tennsco 16-Compartment Lockers with Coat Rack
FUR-BO-10004032,Furniture,Bookcases,"Bush Corner Shelving, Pine"
OFF-SU-10000596,Office Supplies,Supplies,"Stiletto Trimmer, Steel"
FUR-FU-10004952,Furniture,Furnishings,"C-Line Cubicle Keepers Polyproplyene Holder w/Velcro Back, 8-1/2x11, 25/Bx"
OFF-ST-10001755,Office Supplies,Storage,"Smead Lockers, Single Width"
TEC-MA-10004553,Technology,Machines,"Epson Receipt Printer, Red"
OFF-FA-10000191,Office Supplies,Fasteners,"Stockwell Rubber Bands, 12 Pack"
OFF-ST-10001357,Office Supplies,Storage,"Eldon Lockers, Single Width"
OFF-BI-10003367,Office Supplies,Binders,"Wilson Jones Binder, Recycled"
FUR-FU-10004995,Furniture,Furnishings,"Deflect-O Light Bulb, Durable"
OFF-AP-10000490,Office Supplies,Appliances,"Hamilton Beach Coffee Grinder, Silver"
FUR-TA-10004745,Furniture,Tables,"Chromcraft Conference Table, Rectangular"
OFF-AR-10004648,Office Supplies,Art,Boston 19500 Mighty Mite Electric Pencil Sharpener
OFF-STO-10003329,Office Supplies,Fasteners,"Stockwell Thumb Tacks, Metal"
OFF-EN-10004649,Office Supplies,Envelopes,"Ames Mailers, Recycled"
TEC-CO-10000427,Technology,Copiers,"HP Fax Machine, Color"
OFF-AP-10004425,Office Supplies,Appliances,"Hoover Coffee Grinder, White"
OFF-BI-10003476,Office Supplies,Binders,Avery Metallic Poly Binders
OFF-EN-10004667,Office Supplies,Envelopes,"Kraft Interoffice Envelope, Set of 50"
FUR-RUB-10004633,Furniture,Furnishings,"Rubbermaid Stacking Tray, Durable"
OFF-BI-10000506,Office Supplies,Binders,"Ibico Binder, Economy"
TEC-PH-10003078,Technology,Phones,"Cisco Speaker Phone, with Caller ID"
TEC-PH-10001300,Technology,Phones,"iKross Bluetooth Portable Keyboard + Cell Phone Stand Holder + Brush for Apple iPhone 5S 5C 5, 4S 4"
OFF-PA-10000908,Office Supplies,Paper,"Xerox Note Cards, Premium"
TEC-PH-10003683,Technology,Phones,"Motorola Audio Dock, VoIP"
TEC-MA-10003198,Technology,Machines,"Konica Phone, White"
OFF-LA-10000506,Office Supplies,Labels,"Harbour Creations Legal Exhibit Labels, Laser Printer Compatible"
OFF-FA-10002175,Office Supplies,Fasteners,"OIC Push Pins, Assorted Sizes"
TEC-AC-10000519,Technology,Accessories,"Belkin Keyboard, Programmable"
FUR-BO-10003181,Furniture,Bookcases,"Safco Corner Shelving, Metal"
TEC-MA-10004655,Technology,Machines,"Konica Receipt Printer, White"
OFF-PA-10003252,Office Supplies,Paper,"Xerox Note Cards, 8.5 x 11"
TEC-PH-10003877,Technology,Phones,"Samsung Office Telephone, Cordless"
OFF-LA-10001471,Office Supplies,Labels,"Harbour Creations File Folder Labels, Alphabetical"
FUR-FU-10003975,Furniture,Furnishings,Eldon Advantage Chair Mats for Low to Medium Pile Carpets
TEC-MA-10003353,Technology,Machines,Xerox WorkCentre 6505DN Laser Multifunction Printer
TEC-PH-10000106,Technology,Phones,"Apple Smart Phone, Full Size"
OFF-LA-10000134,Office Supplies,Labels,"Harbour Creations Removable Labels, 5000 Label Set"
OFF-SU-10002323,Office Supplies,Supplies,"Elite Shears, Steel"
OFF-BIC-10002270,Office Supplies,Art,"BIC Pencil Sharpener, Water Color"
OFF-BI-10000081,Office Supplies,Binders,"Ibico Index Tab, Clear"
TEC-LOG-10003079,Technology,Accessories,"Logitech Flash Drive, Erganomic"
FUR-BO-10000734,Furniture,Bookcases,"Bush Corner Shelving, Pine"
OFF-AR-10001278,Office Supplies,Art,"Binney & Smith Pens, Water Color"
OFF-PA-10001979,Office Supplies,Paper,"Enermax Message Books, Premium"
OFF-BIC-10000582,Office Supplies,Art,"BIC Sketch Pad, Water Color"
TEC-AC-10001748,Technology,Accessories,"SanDisk Flash Drive, USB"
TEC-OKI-10003221,Technology,Machines,"Okidata Receipt Printer, Red"
TEC-CO-10002065,Technology,Copiers,"Hewlett Copy Machine, Laser"
OFF-FA-10004449,Office Supplies,Fasteners,"OIC Clamps, Assorted Sizes"
OFF-PA-10003939,Office Supplies,Paper,"Enermax Note Cards, Multicolor"
OFF-FA-10004792,Office Supplies,Fasteners,"Advantus Staples, Bulk Pack"
OFF-FA-10000227,Office Supplies,Fasteners,"OIC Clamps, Metal"
OFF-AP-10001266,Office Supplies,Appliances,"Hoover Toaster, Black"
OFF-STO-10003082,Office Supplies,Fasteners,"Stockwell Staples, Assorted Sizes"
OFF-AR-10004303,Office Supplies,Art,"Stanley Markers, Blue"
OFF-JIF-10002228,Office Supplies,Envelopes,"Jiffy Interoffice Envelope, with clear poly window"
TEC-AC-10002702,Technology,Accessories,"Enermax Keyboard, Bluetooth"
OFF-SAN-10001074,Office Supplies,Paper,"SanDisk Message Books, Premium"
FUR-BO-10004055,Furniture,Bookcases,"Safco Corner Shelving, Metal"
TEC-MA-10004609,Technology,Machines,"Okidata Inkjet, White"
OFF-SME-10001852,Office Supplies,Labels,"Smead Removable Labels, Laser Printer Compatible"
OFF-BI-10004142,Office Supplies,Binders,"Acco Index Tab, Clear"
TEC-CO-10003807,Technology,Copiers,"HP Personal Copier, Laser"
FUR-TA-10004575,Furniture,Tables,Hon 5100 Series Wood Tables
OFF-ST-10003931,Office Supplies,Storage,"Smead Lockers, Blue"
OFF-BI-10003142,Office Supplies,Binders,"Acco Binder Covers, Clear"
TEC-EPS-10000774,Technology,Machines,"Epson Phone, Red"
OFF-PA-10000673,Office Supplies,Paper,"Post-it “Important Message” Note Pad, Neon Colors, 50 Sheets/Pad"
FUR-TA-10003006,Furniture,Tables,"Hon Wood Table, Rectangular"
TEC-SAM-10000779,Technology,Phones,"Samsung Signal Booster, Cordless"
OFF-AR-10001216,Office Supplies,Art,"BIC Pencil Sharpener, Easy-Erase"
FUR-BO-10001042,Furniture,Bookcases,"Dania 3-Shelf Cabinet, Pine"
OFF-BI-10004053,Office Supplies,Binders,"Cardinal Binder Covers, Durable"
FUR-FU-10002122,Furniture,Furnishings,"Rubbermaid Frame, Duo Pack"
OFF-STI-10001955,Office Supplies,Supplies,"Stiletto Box Cutter, Easy Grip"
OFF-AVE-10004412,Office Supplies,Labels,"Avery Color Coded Labels, Alphabetical"
FUR-FU-10001086,Furniture,Furnishings,"Advantus Frame, Black"
TEC-CO-10001145,Technology,Copiers,"Canon Personal Copier, Digital"
OFF-AP-10001154,Office Supplies,Appliances,Bionaire Personal Warm Mist Humidifier/Vaporizer
OFF-AVE-10004570,Office Supplies,Binders,"Avery Binder Covers, Economy"
FUR-BO-10002975,Furniture,Bookcases,"Dania Stackable Bookrack, Traditional"
FUR-RUB-10001796,Furniture,Furnishings,"Rubbermaid Light Bulb, Erganomic"
OFF-CUI-10001302,Office Supplies,Appliances,"Cuisinart Blender, Silver"
OFF-STI-10000697,Office Supplies,Supplies,"Stiletto Ruler, High Speed"
OFF-EN-10002634,Office Supplies,Envelopes,"Jiffy Clasp Envelope, Set of 50"
TEC-AC-10000420,Technology,Accessories,Logitech G500s Laser Gaming Mouse with Adjustable Weight Tuning
OFF-SU-10002653,Office Supplies,Supplies,"Kleencut Letter Opener, High Speed"
OFF-ACC-10004713,Office Supplies,Fasteners,"Accos Staples, Assorted Sizes"
TEC-MA-10000154,Technology,Machines,"Panasonic Receipt Printer, Red"
TEC-SHA-10002753,Technology,Copiers,"Sharp Fax and Copier, High-Speed"
FUR-SAU-10002540,Furniture,Bookcases,"Sauder Stackable Bookrack, Traditional"
OFF-FA-10003467,Office Supplies,Fasteners,"Alliance Big Bands Rubber Bands, 12/Pack"
OFF-EN-10004495,Office Supplies,Envelopes,"Kraft Peel and Seal, Security-Tint"
OFF-ADV-10002593,Office Supplies,Fasteners,"Advantus Clamps, Bulk Pack"
OFF-FA-10002728,Office Supplies,Fasteners,"Advantus Paper Clips, Assorted Sizes"
OFF-AP-10002413,Office Supplies,Appliances,"Breville Coffee Grinder, Black"
OFF-ST-10004972,Office Supplies,Storage,"Eldon Shelving, Blue"
OFF-SU-10001682,Office Supplies,Supplies,"Kleencut Letter Opener, High Speed"
FUR-HAR-10002328,Furniture,Chairs,"Harbour Creations Swivel Stool, Black"
OFF-AP-10003965,Office Supplies,Appliances,"Cuisinart Stove, White"
FUR-BO-10000259,Furniture,Bookcases,"Safco Classic Bookcase, Traditional"
OFF-IBI-10004074,Office Supplies,Binders,"Ibico 3-Hole Punch, Clear"
TEC-PH-10004188,Technology,Phones,OtterBox Commuter Series Case - Samsung Galaxy S4
FUR-BO-10000038,Furniture,Bookcases,"Bush Library with Doors, Pine"
OFF-AR-10003683,Office Supplies,Art,"Boston Sketch Pad, Fluorescent"
FUR-BO-10001326,Furniture,Bookcases,"Bush 3-Shelf Cabinet, Pine"
OFF-EN-10004120,Office Supplies,Envelopes,"Jiffy Peel and Seal, Set of 50"
TEC-CO-10003589,Technology,Copiers,"HP Fax Machine, Digital"
OFF-BI-10004436,Office Supplies,Binders,"Acco Hole Reinforcements, Recycled"
OFF-ST-10003964,Office Supplies,Storage,"Fellowes Lockers, Industrial"
OFF-EN-10003862,Office Supplies,Envelopes,Laser & Ink Jet Business Envelopes
TEC-MA-10001308,Technology,Machines,"Okidata Printer, Durable"
TEC-BRO-10002103,Technology,Copiers,"Brother Ink, Color"
OFF-ST-10003994,Office Supplies,Storage,"Belkin 19"" Center-Weighted Shelf, Gray"
OFF-AR-10003021,Office Supplies,Art,"BIC Sketch Pad, Water Color"
TEC-AC-10003951,Technology,Accessories,"Logitech Numeric Keypad, USB"
OFF-FA-10001925,Office Supplies,Fasteners,"Advantus Staples, 12 Pack"
FUR-BO-10004434,Furniture,Bookcases,"Ikea Library with Doors, Traditional"
OFF-PA-10002534,Office Supplies,Paper,"Green Bar Memo Slips, Multicolor"
OFF-LA-10004543,Office Supplies,Labels,"Novimex Shipping Labels, Adjustable"
OFF-AR-10000845,Office Supplies,Art,"Binney & Smith Pens, Water Color"
OFF-AP-10002932,Office Supplies,Appliances,"Breville Refrigerator, White"
FUR-BO-10004399,Furniture,Bookcases,"Bush Floating Shelf Set, Pine"
OFF-EN-10004784,Office Supplies,Envelopes,"Kraft Business Envelopes, Recycled"
OFF-FA-10002639,Office Supplies,Fasteners,"Advantus Staples, Metal"
TEC-MA-10000258,Technology,Machines,"Panasonic Inkjet, Wireless"
OFF-SU-10002522,Office Supplies,Supplies,Acme Kleen Earth Office Shears
TEC-PH-10000342,Technology,Phones,"Samsung Office Telephone, Full Size"
FUR-FU-10001091,Furniture,Furnishings,"Eldon Photo Frame, Erganomic"
TEC-MA-10003349,Technology,Machines,"Panasonic Calculator, Wireless"
FUR-CH-10001819,Furniture,Chairs,"Office Star Chairmat, Set of Two"
TEC-PH-10002590,Technology,Phones,"Motorola Audio Dock, Cordless"
OFF-BI-10003784,Office Supplies,Binders,"Ibico Index Tab, Economy"
FUR-BO-10001309,Furniture,Bookcases,"Ikea Classic Bookcase, Traditional"
TEC-NOK-10004278,Technology,Phones,"Nokia Signal Booster, Full Size"
OFF-FA-10003954,Office Supplies,Fasteners,"Stockwell Rubber Bands, Assorted Sizes"
TEC-PH-10000499,Technology,Phones,"Motorola Smart Phone, Full Size"
FUR-FU-10004704,Furniture,Furnishings,"Deflect-O Door Stop, Black"
OFF-EAT-10004036,Office Supplies,Paper,"Eaton Parchment Paper, Premium"
OFF-BI-10002133,Office Supplies,Binders,"Wilson Jones Elliptical Ring 3 1/2"" Capacity Binders, 800 sheets"
OFF-SU-10003697,Office Supplies,Supplies,"Elite Scissors, High Speed"
FUR-CH-10002940,Furniture,Chairs,"Harbour Creations Chairmat, Black"
TEC-AC-10000110,Technology,Accessories,"Belkin Numeric Keypad, Bluetooth"
FUR-BO-10003559,Furniture,Bookcases,"Sauder Stackable Bookrack, Pine"
TEC-PAN-10000878,Technology,Machines,"Panasonic Phone, Wireless"
FUR-OFF-10003703,Furniture,Chairs,"Office Star Chairmat, Set of Two"
TEC-AC-10004195,Technology,Accessories,"Memorex Numeric Keypad, Bluetooth"
FUR-BO-10004162,Furniture,Bookcases,"Ikea Floating Shelf Set, Pine"
OFF-LA-10003498,Office Supplies,Labels,Avery 475
OFF-SU-10003688,Office Supplies,Supplies,"Acme Shears, High Speed"
OFF-AR-10003680,Office Supplies,Art,"BIC Markers, Water Color"
FUR-FU-10001902,Furniture,Furnishings,"Deflect-O Stacking Tray, Durable"
FUR-CH-10002335,Furniture,Chairs,"Hon Steel Folding Chair, Red"
TEC-AC-10003738,Technology,Accessories,"Enermax Mouse, Erganomic"
OFF-EN-10002936,Office Supplies,Envelopes,"GlobeWeis Business Envelopes, with clear poly window"
FUR-BO-10001888,Furniture,Bookcases,"Dania Floating Shelf Set, Pine"
OFF-BI-10003440,Office Supplies,Binders,"Avery Binder Covers, Economy"
TEC-CO-10000777,Technology,Copiers,"Brother Personal Copier, Laser"
OFF-AR-10000538,Office Supplies,Art,"Boston Model 1800 Electric Pencil Sharpener, Gray"
OFF-AR-10000380,Office Supplies,Art,"Hunt PowerHouse Electric Pencil Sharpener, Blue"
TEC-SAM-10001985,Technology,Phones,"Samsung Headset, Cordless"
OFF-AR-10001850,Office Supplies,Art,"Boston Sketch Pad, Water Color"
OFF-ST-10004097,Office Supplies,Storage,"Tenex Box, Wire Frame"
TEC-PH-10004586,Technology,Phones,Wilson SignalBoost 841262 DB PRO Amplifier Kit
TEC-PH-10004402,Technology,Phones,"Cisco Headset, with Caller ID"
TEC-AC-10001410,Technology,Accessories,"Memorex Memory Card, Bluetooth"
FUR-FU-10004182,Furniture,Furnishings,"Eldon Stacking Tray, Black"
OFF-BI-10000279,Office Supplies,Binders,"Acco Recycled 2"" Capacity Laser Printer Hanging Data Binders"
FUR-TA-10003790,Furniture,Tables,"Bevis Computer Table, Fully Assembled"
OFF-CUI-10001990,Office Supplies,Appliances,"Cuisinart Refrigerator, White"
TEC-AC-10004196,Technology,Accessories,"Belkin Memory Card, USB"
FUR-OFF-10002395,Furniture,Chairs,"Office Star Rocking Chair, Red"
TEC-PH-10001002,Technology,Phones,"Apple Signal Booster, Full Size"
OFF-GRE-10004604,Office Supplies,Paper,"Green Bar Cards & Envelopes, 8.5 x 11"
FUR-HON-10003593,Furniture,Chairs,"Hon Steel Folding Chair, Adjustable"
OFF-EN-10001832,Office Supplies,Envelopes,"Kraft Clasp Envelope, Set of 50"
OFF-AP-10004249,Office Supplies,Appliances,Staples
TEC-AC-10002601,Technology,Accessories,"SanDisk Router, Bluetooth"
OFF-AP-10001492,Office Supplies,Appliances,"Acco Six-Outlet Power Strip, 4' Cord Length"
OFF-ACM-10000671,Office Supplies,Supplies,"Acme Ruler, Steel"
OFF-HON-10001783,Office Supplies,Labels,"Hon Shipping Labels, 5000 Label Set"
TEC-AC-10002340,Technology,Accessories,"Logitech Router, Bluetooth"
TEC-CO-10001741,Technology,Copiers,"Brother Copy Machine, Color"
OFF-AR-10003012,Office Supplies,Art,"Sanford Markers, Easy-Erase"
TEC-EPS-10003473,Technology,Machines,"Epson Phone, Wireless"
TEC-MEM-10001163,Technology,Accessories,"Memorex Mouse, Erganomic"
FUR-CH-10003282,Furniture,Chairs,"SAFCO Bag Chairs, Black"
OFF-JIF-10004747,Office Supplies,Envelopes,"Jiffy Manila Envelope, with clear poly window"
OFF-PA-10002585,Office Supplies,Paper,"Eaton Memo Slips, Multicolor"
OFF-PA-10002137,Office Supplies,Paper,"Southworth 100% Résumé Paper, 24lb."
OFF-ST-10000875,Office Supplies,Storage,"Smead Shelving, Single Width"
OFF-BI-10002718,Office Supplies,Binders,"Avery Binder, Durable"
OFF-LA-10004918,Office Supplies,Labels,"Harbour Creations Round Labels, Alphabetical"
TEC-STA-10003447,Technology,Machines,"StarTech Printer, White"
FUR-BO-10004161,Furniture,Bookcases,"Bush Corner Shelving, Mobile"
OFF-PA-10003424,Office Supplies,Paper,"Enermax Computer Printout Paper, 8.5 x 11"
OFF-ST-10003953,Office Supplies,Storage,"Smead File Cart, Industrial"
OFF-AR-10004078,Office Supplies,Art,Newell 312
OFF-FA-10003529,Office Supplies,Fasteners,"Stockwell Thumb Tacks, Metal"
OFF-AR-10002458,Office Supplies,Art,"Stanley Canvas, Easy-Erase"
FUR-TA-10001386,Furniture,Tables,"Lesro Conference Table, Fully Assembled"
OFF-LA-10002334,Office Supplies,Labels,"Smead Shipping Labels, Alphabetical"
OFF-BI-10001399,Office Supplies,Binders,"Avery Binder Covers, Clear"
OFF-ST-10004754,Office Supplies,Storage,"Fellowes Lockers, Single Width"
OFF-AP-10003717,Office Supplies,Appliances,"Breville Coffee Grinder, White"
OFF-PA-10003640,Office Supplies,Paper,"Eaton Cards & Envelopes, Recycled"
FUR-CH-10000513,Furniture,Chairs,High-Back Leather Manager's Chair
OFF-ST-10004930,Office Supplies,Storage,"Tenex Trays, Single Width"
TEC-CO-10002538,Technology,Copiers,"Brother Fax and Copier, Color"
OFF-PA-10000393,Office Supplies,Paper,"Xerox Memo Slips, 8.5 x 11"
OFF-PA-10003936,Office Supplies,Paper,Xerox 1994
TEC-HP -10001115,Technology,Copiers,"HP Ink, Digital"
TEC-PH-10002890,Technology,Phones,AT&T 17929 Lendline Telephone
FUR-CH-10004983,Furniture,Chairs,Office Star - Mid Back Dual function Ergonomic High Back Chair with 2-Way Adjustable Arms
OFF-EN-10001771,Office Supplies,Envelopes,"Kraft Mailers, Set of 50"
FUR-BO-10000160,Furniture,Bookcases,"Safco Library with Doors, Pine"
OFF-AP-10000569,Office Supplies,Appliances,"KitchenAid Coffee Grinder, Black"
OFF-EN-10004422,Office Supplies,Envelopes,"Cameo Peel and Seal, Set of 50"
OFF-ACC-10002167,Office Supplies,Fasteners,"Accos Paper Clips, Metal"
OFF-FA-10004854,Office Supplies,Fasteners,"Vinyl Coated Wire Paper Clips in Organizer Box, 800/Box"
FUR-NOV-10003053,Furniture,Chairs,"Novimex Bag Chairs, Set of Two"
OFF-ST-10003305,Office Supplies,Storage,"Rogers Box, Blue"
FUR-FU-10003464,Furniture,Furnishings,"Seth Thomas 8 1/2"" Cubicle Clock"
FUR-CH-10004447,Furniture,Chairs,"Harbour Creations Rocking Chair, Set of Two"
OFF-SME-10002823,Office Supplies,Storage,"Smead Trays, Blue"
OFF-BI-10003281,Office Supplies,Binders,"Ibico Binder, Recycled"
FUR-BO-10000021,Furniture,Bookcases,"Dania Corner Shelving, Metal"
TEC-AC-10004044,Technology,Accessories,"SanDisk Mouse, Programmable"
TEC-PH-10000960,Technology,Phones,"Samsung Headset, with Caller ID"
FUR-CH-10003423,Furniture,Chairs,"Novimex Rocking Chair, Set of Two"
TEC-CO-10002201,Technology,Copiers,"Sharp Ink, Color"
OFF-PA-10001223,Office Supplies,Paper,"SanDisk Cards & Envelopes, Premium"
OFF-LA-10003778,Office Supplies,Labels,"Novimex File Folder Labels, Alphabetical"
OFF-AR-10000658,Office Supplies,Art,Newell 324
OFF-AR-10002804,Office Supplies,Art,Faber Castell Col-Erase Pencils
FUR-FU-10001317,Furniture,Furnishings,"Eldon Photo Frame, Erganomic"
TEC-CO-10002157,Technology,Copiers,"Canon Fax Machine, Laser"
OFF-PA-10001650,Office Supplies,Paper,"Xerox Message Books, Premium"
TEC-MA-10001624,Technology,Machines,"Panasonic Phone, Red"
OFF-AR-10001266,Office Supplies,Art,"Boston Canvas, Blue"
OFF-AR-10003158,Office Supplies,Art,Fluorescent Highlighters by Dixon
TEC-CO-10001978,Technology,Copiers,"Hewlett Fax and Copier, High-Speed"
FUR-BO-10003301,Furniture,Bookcases,"Dania Floating Shelf Set, Metal"
TEC-AC-10003441,Technology,Accessories,Kingston Digital DataTraveler 32GB USB 2.0
TEC-AC-10000254,Technology,Accessories,"Belkin Keyboard, Programmable"
TEC-BRO-10000663,Technology,Copiers,"Brother Fax and Copier, Color"
FUR-FU-10004864,Furniture,Furnishings,Eldon 500 Class Desk Accessories
FUR-BO-10003126,Furniture,Bookcases,"Dania Library with Doors, Traditional"
OFF-SU-10004177,Office Supplies,Supplies,"Fiskars Box Cutter, Easy Grip"
FUR-TA-10000991,Furniture,Tables,"Lesro Computer Table, Adjustable Height"
TEC-PH-10002623,Technology,Phones,"Cisco Smart Phone, with Caller ID"
TEC-CO-10001846,Technology,Copiers,"Hewlett Fax and Copier, Digital"
OFF-AP-10003559,Office Supplies,Appliances,"Hamilton Beach Stove, Red"
FUR-SAF-10000565,Furniture,Chairs,"SAFCO Bag Chairs, Adjustable"
FUR-FU-10002168,Furniture,Furnishings,"Eldon Photo Frame, Black"
TEC-MA-10002680,Technology,Machines,"Konica Inkjet, White"
OFF-HON-10001723,Office Supplies,Labels,"Hon Color Coded Labels, 5000 Label Set"
TEC-PH-10000840,Technology,Phones,"Cisco Audio Dock, VoIP"
TEC-AC-10003569,Technology,Accessories,"Logitech Numeric Keypad, Erganomic"
TEC-MA-10000572,Technology,Machines,"Epson Card Printer, Red"
FUR-BO-10000711,Furniture,Bookcases,"Hon Metal Bookcases, Gray"
OFF-CAM-10001177,Office Supplies,Envelopes,"Cameo Manila Envelope, Recycled"
FUR-CH-10001944,Furniture,Chairs,"Harbour Creations Rocking Chair, Red"
FUR-ADV-10004499,Furniture,Furnishings,"Advantus Photo Frame, Durable"
FUR-CH-10001802,Furniture,Chairs,Hon Every-Day Chair Series Swivel Task Chairs
TEC-AC-10004102,Technology,Accessories,"SanDisk Mouse, USB"
OFF-EN-10003520,Office Supplies,Envelopes,"Kraft Mailers, Recycled"
TEC-APP-10000308,Technology,Phones,"Apple Smart Phone, Full Size"
OFF-AR-10001329,Office Supplies,Art,"BIC Pens, Fluorescent"
FUR-FU-10003237,Furniture,Furnishings,"Eldon Stacking Tray, Durable"
OFF-EN-10003853,Office Supplies,Envelopes,"Cameo Peel and Seal, Recycled"
TEC-AC-10000957,Technology,Accessories,"Logitech Memory Card, Bluetooth"
OFF-HOO-10003269,Office Supplies,Appliances,"Hoover Toaster, Red"
OFF-SU-10001382,Office Supplies,Supplies,"Acme Trimmer, Serrated"
TEC-PH-10004977,Technology,Phones,GE 30524EE4
FUR-BO-10003029,Furniture,Bookcases,"Sauder Library with Doors, Traditional"
TEC-CO-10000915,Technology,Copiers,"Hewlett Ink, High-Speed"
TEC-BRO-10000463,Technology,Copiers,"Brother Copy Machine, Color"
OFF-PA-10003832,Office Supplies,Paper,"Xerox Message Books, 8.5 x 11"
FUR-BO-10001585,Furniture,Bookcases,"Sauder Floating Shelf Set, Mobile"
OFF-ST-10001974,Office Supplies,Storage,"Rogers File Cart, Industrial"
TEC-AC-10001705,Technology,Accessories,"Logitech Keyboard, Bluetooth"
OFF-LA-10000471,Office Supplies,Labels,"Smead Shipping Labels, 5000 Label Set"
OFF-AP-10001469,Office Supplies,Appliances,Fellowes 8 Outlet Superior Workstation Surge Protector
TEC-MA-10002039,Technology,Machines,"Panasonic Calculator, Wireless"
OFF-BIN-10001274,Office Supplies,Art,"Binney & Smith Pens, Blue"
OFF-SU-10001406,Office Supplies,Supplies,"Fiskars Box Cutter, High Speed"
OFF-HAR-10003659,Office Supplies,Labels,"Harbour Creations Color Coded Labels, Adjustable"
OFF-AR-10002400,Office Supplies,Art,"Boston Highlighters, Water Color"
FUR-TA-10001433,Furniture,Tables,"Bevis Round Table, with Bottom Storage"
FUR-CH-10000553,Furniture,Chairs,"Metal Folding Chairs, Beige, 4/Carton"
OFF-ROG-10001101,Office Supplies,Storage,"Rogers Shelving, Wire Frame"
FUR-FU-10000972,Furniture,Furnishings,"Rubbermaid Clock, Erganomic"
OFF-FA-10002803,Office Supplies,Fasteners,"Accos Staples, Metal"
TEC-MA-10001825,Technology,Machines,"Epson Calculator, Durable"
FUR-SAF-10002846,Furniture,Bookcases,"Safco Classic Bookcase, Pine"
OFF-FA-10003595,Office Supplies,Fasteners,"OIC Thumb Tacks, Assorted Sizes"
OFF-SU-10004008,Office Supplies,Supplies,"Kleencut Letter Opener, Steel"
FUR-FU-10003276,Furniture,Furnishings,"Rubbermaid Light Bulb, Durable"
OFF-AR-10003631,Office Supplies,Art,Staples
OFF-SU-10004899,Office Supplies,Supplies,"Acme Scissors, Easy Grip"
TEC-PH-10001468,Technology,Phones,Panasonic Business Telephones KX-T7736
FUR-FU-10000790,Furniture,Furnishings,"Rubbermaid Light Bulb, Black"
OFF-ST-10000022,Office Supplies,Storage,"Eldon Folders, Industrial"
FUR-BO-10001892,Furniture,Bookcases,"Sauder Library with Doors, Pine"
FUR-CH-10004506,Furniture,Chairs,"Novimex Steel Folding Chair, Set of Two"
TEC-CO-10001626,Technology,Copiers,"Brother Copy Machine, Color"
OFF-PA-10004124,Office Supplies,Paper,"Xerox Message Books, Multicolor"
OFF-PA-10004343,Office Supplies,Paper,"Enermax Memo Slips, Premium"
TEC-AC-10000203,Technology,Accessories,"SanDisk Router, Bluetooth"
OFF-AP-10001329,Office Supplies,Appliances,"KitchenAid Stove, White"
FUR-FU-10002834,Furniture,Furnishings,"Deflect-O Light Bulb, Erganomic"
OFF-EN-10004899,Office Supplies,Envelopes,"Jiffy Mailers, Recycled"
OFF-ST-10002437,Office Supplies,Storage,"Eldon Trays, Blue"
TEC-PH-10004959,Technology,Phones,Classic Ivory Antique Telephone ZL1810
OFF-PA-10003686,Office Supplies,Paper,"SanDisk Message Books, Multicolor"
FUR-FU-10001196,Furniture,Furnishings,DAX Cubicle Frames - 8x10
TEC-MA-10004423,Technology,Machines,"StarTech Card Printer, White"
OFF-LA-10000709,Office Supplies,Labels,"Avery Color Coded Labels, Alphabetical"
TEC-AC-10000241,Technology,Accessories,"Enermax Numeric Keypad, Bluetooth"
OFF-SU-10004452,Office Supplies,Supplies,"Elite Ruler, Steel"
OFF-AR-10004707,Office Supplies,Art,Staples
TEC-MOT-10004682,Technology,Phones,"Motorola Office Telephone, VoIP"
OFF-FA-10004171,Office Supplies,Fasteners,"Accos Paper Clips, Assorted Sizes"
OFF-LA-10002752,Office Supplies,Labels,"Smead Legal Exhibit Labels, 5000 Label Set"
OFF-ACC-10000375,Office Supplies,Fasteners,"Accos Staples, 12 Pack"
OFF-LA-10002180,Office Supplies,Labels,"Hon Color Coded Labels, 5000 Label Set"
OFF-LA-10001297,Office Supplies,Labels,Avery 473
OFF-ST-10000649,Office Supplies,Storage,Hanging Personal Folder File
FUR-CH-10004810,Furniture,Chairs,"Hon Swivel Stool, Set of Two"
TEC-PH-10001051,Technology,Phones,HTC One
OFF-FA-10000256,Office Supplies,Fasteners,"Advantus Clamps, Bulk Pack"
OFF-FA-10003218,Office Supplies,Fasteners,"Advantus Push Pins, Assorted Sizes"
TEC-AC-10002244,Technology,Accessories,"Enermax Router, Erganomic"
OFF-AR-10003989,Office Supplies,Art,"Sanford Pencil Sharpener, Fluorescent"
FUR-BO-10000321,Furniture,Bookcases,"Dania Floating Shelf Set, Mobile"
OFF-AR-10003394,Office Supplies,Art,Newell 332
OFF-EN-10001476,Office Supplies,Envelopes,"Ames Interoffice Envelope, Set of 50"
FUR-CH-10004101,Furniture,Chairs,"SAFCO Swivel Stool, Adjustable"
OFF-SU-10004711,Office Supplies,Supplies,"Acme Trimmer, Serrated"
TEC-MA-10003515,Technology,Machines,"Panasonic Printer, Red"
OFF-AR-10004068,Office Supplies,Art,"Boston Markers, Fluorescent"
OFF-BI-10002562,Office Supplies,Binders,"Ibico Binding Machine, Durable"
TEC-SAM-10000588,Technology,Phones,"Samsung Office Telephone, Full Size"
OFF-PA-10002767,Office Supplies,Paper,"Enermax Message Books, Premium"
OFF-PA-10000318,Office Supplies,Paper,"Green Bar Parchment Paper, 8.5 x 11"
OFF-BI-10003925,Office Supplies,Binders,Fellowes PB300 Plastic Comb Binding Machine
OFF-CAM-10004338,Office Supplies,Envelopes,"Cameo Interoffice Envelope, Set of 50"
OFF-NOV-10003964,Office Supplies,Labels,"Novimex File Folder Labels, 5000 Label Set"
OFF-AP-10000043,Office Supplies,Appliances,"Cuisinart Toaster, Silver"
OFF-AR-10001423,Office Supplies,Art,"BIC Canvas, Water Color"
OFF-ST-10000560,Office Supplies,Storage,"Fellowes Trays, Industrial"
OFF-EN-10000648,Office Supplies,Envelopes,"Jiffy Peel and Seal, with clear poly window"
FUR-BO-10004547,Furniture,Bookcases,"Bush Stackable Bookrack, Traditional"
OFF-STI-10002519,Office Supplies,Supplies,"Stiletto Trimmer, High Speed"
OFF-EAT-10001137,Office Supplies,Paper,"Eaton Parchment Paper, 8.5 x 11"
OFF-FA-10000549,Office Supplies,Fasteners,"Advantus Staples, Metal"
OFF-LA-10001299,Office Supplies,Labels,"Avery File Folder Labels, Adjustable"
OFF-FA-10001613,Office Supplies,Fasteners,"OIC Thumb Tacks, Bulk Pack"
OFF-FA-10003931,Office Supplies,Fasteners,"Stockwell Push Pins, 12 Pack"
OFF-AR-10000513,Office Supplies,Art,"BIC Pencil Sharpener, Easy-Erase"
TEC-BRO-10000917,Technology,Copiers,"Brother Fax Machine, Digital"
OFF-SAN-10001681,Office Supplies,Paper,"SanDisk Computer Printout Paper, 8.5 x 11"
OFF-BIN-10000170,Office Supplies,Art,"Binney & Smith Pencil Sharpener, Fluorescent"
OFF-LA-10000779,Office Supplies,Labels,"Hon Removable Labels, Laser Printer Compatible"
OFF-SU-10002363,Office Supplies,Supplies,"Fiskars Letter Opener, Easy Grip"
FUR-BAR-10004682,Furniture,Tables,"Barricks Round Table, Fully Assembled"
OFF-STO-10003395,Office Supplies,Fasteners,"Stockwell Rubber Bands, Metal"
OFF-ST-10004325,Office Supplies,Storage,"Eldon Box, Single Width"
OFF-SU-10004279,Office Supplies,Supplies,"Kleencut Shears, Serrated"
FUR-FU-10004224,Furniture,Furnishings,"Deflect-O Photo Frame, Erganomic"
OFF-AR-10000719,Office Supplies,Art,"Boston Pencil Sharpener, Water Color"
OFF-AR-10001898,Office Supplies,Art,"Binney & Smith Pencil Sharpener, Fluorescent"
OFF-AR-10000027,Office Supplies,Art,"Binney & Smith Pencil Sharpener, Easy-Erase"
OFF-OIC-10003518,Office Supplies,Fasteners,"OIC Rubber Bands, Assorted Sizes"
FUR-NOV-10004602,Furniture,Chairs,"Novimex Executive Leather Armchair, Red"
OFF-AP-10001366,Office Supplies,Appliances,Staples
FUR-TA-10001691,Furniture,Tables,"Barricks Non-Folding Utility Table with Steel Legs, Laminate Tops"
OFF-LA-10000959,Office Supplies,Labels,"Harbour Creations Round Labels, Alphabetical"
OFF-PA-10004911,Office Supplies,Paper,"Rediform S.O.S. 1-Up Phone Message Bk, 4-1/4x3-1/16 Bk, 1 Form/Pg, 40 Messages/Bk, 3/Pk"
OFF-LA-10000990,Office Supplies,Labels,"Harbour Creations Legal Exhibit Labels, Alphabetical"
OFF-LA-10003969,Office Supplies,Labels,"Novimex Legal Exhibit Labels, Laser Printer Compatible"
FUR-CH-10002989,Furniture,Chairs,"SAFCO Bag Chairs, Adjustable"
OFF-AR-10001833,Office Supplies,Art,"Boston Highlighters, Easy-Erase"
TEC-PH-10003793,Technology,Phones,"Nokia Office Telephone, VoIP"
OFF-KLE-10000296,Office Supplies,Supplies,"Kleencut Letter Opener, Steel"
TEC-MA-10003251,Technology,Machines,"Konica Phone, White"
OFF-BI-10001808,Office Supplies,Binders,"Cardinal Binding Machine, Clear"
OFF-AP-10003561,Office Supplies,Appliances,"Breville Microwave, Black"
OFF-PA-10000277,Office Supplies,Paper,"SanDisk Computer Printout Paper, Premium"
OFF-SU-10000343,Office Supplies,Supplies,"Stiletto Trimmer, Serrated"
OFF-FA-10000197,Office Supplies,Fasteners,"Stockwell Push Pins, Metal"
OFF-FA-10000304,Office Supplies,Fasteners,Advantus Push Pins
TEC-AC-10004586,Technology,Accessories,"Belkin Flash Drive, Bluetooth"
OFF-FA-10000207,Office Supplies,Fasteners,"OIC Clamps, Assorted Sizes"
OFF-ST-10003203,Office Supplies,Storage,"Eldon Lockers, Wire Frame"
FUR-CH-10002288,Furniture,Chairs,"SAFCO Bag Chairs, Red"
TEC-CO-10001703,Technology,Copiers,"Brother Fax and Copier, High-Speed"
OFF-AP-10001254,Office Supplies,Appliances,"KitchenAid Coffee Grinder, Red"
OFF-FA-10001213,Office Supplies,Fasteners,"Advantus Push Pins, 12 Pack"
OFF-ELD-10002578,Office Supplies,Storage,"Eldon Box, Single Width"
TEC-PH-10001079,Technology,Phones,Polycom SoundPoint Pro SE-225 Corded phone
TEC-PH-10001921,Technology,Phones,"Nokia Signal Booster, with Caller ID"
OFF-HOO-10001448,Office Supplies,Appliances,"Hoover Blender, White"
OFF-ST-10001213,Office Supplies,Storage,"Smead Shelving, Industrial"
OFF-AP-10001067,Office Supplies,Appliances,"Hoover Blender, Silver"
TEC-CO-10002009,Technology,Copiers,"Brother Wireless Fax, High-Speed"
FUR-RUB-10003699,Furniture,Furnishings,"Rubbermaid Light Bulb, Duo Pack"
OFF-KLE-10000466,Office Supplies,Supplies,"Kleencut Letter Opener, Easy Grip"
OFF-AR-10004656,Office Supplies,Art,"Boston Sketch Pad, Easy-Erase"
OFF-PA-10004155,Office Supplies,Paper,"Eaton Computer Printout Paper, 8.5 x 11"
FUR-FU-10004474,Furniture,Furnishings,"Rubbermaid Door Stop, Duo Pack"
FUR-FU-10001185,Furniture,Furnishings,"Advantus Employee of the Month Certificate Frame, 11 x 13-1/2"
FUR-CH-10000788,Furniture,Chairs,"Hon Rocking Chair, Adjustable"
OFF-FA-10001375,Office Supplies,Fasteners,"Accos Clamps, 12 Pack"
OFF-NOV-10003499,Office Supplies,Labels,"Novimex Removable Labels, Adjustable"
TEC-PH-10004577,Technology,Phones,"Samsung Office Telephone, with Caller ID"
TEC-AC-10002076,Technology,Accessories,Microsoft Natural Keyboard Elite
OFF-EN-10004840,Office Supplies,Envelopes,"Jiffy Clasp Envelope, Security-Tint"
OFF-OIC-10001155,Office Supplies,Fasteners,"OIC Paper Clips, Bulk Pack"
FUR-CH-10002373,Furniture,Chairs,"Office Star Rocking Chair, Set of Two"
OFF-BI-10003091,Office Supplies,Binders,GBC DocuBind TL200 Manual Binding Machine
TEC-MA-10000946,Technology,Machines,"Panasonic Calculator, Red"
TEC-AC-10003921,Technology,Accessories,"Enermax Numeric Keypad, USB"
OFF-PA-10002036,Office Supplies,Paper,Xerox 1930
FUR-RUB-10002067,Furniture,Furnishings,"Rubbermaid Frame, Erganomic"
TEC-BEL-10002178,Technology,Accessories,"Belkin Flash Drive, Programmable"
OFF-PA-10000289,Office Supplies,Paper,Xerox 213
OFF-BI-10003342,Office Supplies,Binders,"Cardinal Binder, Economy"
OFF-ROG-10002294,Office Supplies,Storage,"Rogers File Cart, Single Width"
OFF-PA-10002373,Office Supplies,Paper,"Enermax Parchment Paper, Premium"
FUR-BO-10001972,Furniture,Bookcases,O'Sullivan 4-Shelf Bookcase in Odessa Pine
TEC-BEL-10002516,Technology,Accessories,"Belkin Mouse, Bluetooth"
OFF-BI-10002931,Office Supplies,Binders,"Avery Trapezoid Extra Heavy Duty 4"" Binders"
FUR-CH-10001482,Furniture,Chairs,Office Star - Mesh Screen back chair with Vinyl seat
OFF-FA-10004243,Office Supplies,Fasteners,"OIC Staples, Assorted Sizes"
TEC-AC-10003454,Technology,Accessories,"Enermax Memory Card, Erganomic"
OFF-AP-10001510,Office Supplies,Appliances,"Cuisinart Microwave, Silver"
FUR-NOV-10003195,Furniture,Chairs,"Novimex Chairmat, Red"
FUR-CH-10002126,Furniture,Chairs,Hon Deluxe Fabric Upholstered Stacking Chairs
TEC-MA-10004615,Technology,Machines,"Okidata Calculator, Durable"
OFF-EN-10002924,Office Supplies,Envelopes,"GlobeWeis Interoffice Envelope, Security-Tint"
FUR-CH-10003355,Furniture,Chairs,"Harbour Creations Chairmat, Adjustable"
TEC-MA-10003812,Technology,Machines,"Panasonic Printer, Wireless"
OFF-FA-10003257,Office Supplies,Fasteners,"Accos Thumb Tacks, 12 Pack"
OFF-LA-10001404,Office Supplies,Labels,Avery 517
OFF-ST-10001631,Office Supplies,Storage,"Tenex Trays, Blue"
OFF-PA-10004910,Office Supplies,Paper,"Eaton Message Books, Premium"
OFF-PA-10000520,Office Supplies,Paper,Xerox 201
TEC-PH-10001362,Technology,Phones,"Cisco Office Telephone, Cordless"
FUR-TA-10001930,Furniture,Tables,"Bevis Computer Table, with Bottom Storage"
TEC-MA-10003351,Technology,Machines,"Okidata Card Printer, White"
OFF-SAN-10001114,Office Supplies,Paper,"SanDisk Cards & Envelopes, Multicolor"
OFF-AR-10003321,Office Supplies,Art,"BIC Highlighters, Water Color"
OFF-BI-10002674,Office Supplies,Binders,"Cardinal Binder Covers, Recycled"
TEC-MOT-10001196,Technology,Phones,"Motorola Audio Dock, Cordless"
OFF-FA-10000179,Office Supplies,Fasteners,"Advantus Paper Clips, Metal"
TEC-PH-10003813,Technology,Phones,"Samsung Signal Booster, VoIP"
OFF-PA-10004856,Office Supplies,Paper,"Xerox Memo Slips, Recycled"
FUR-FU-10000277,Furniture,Furnishings,Deflect-o DuraMat Antistatic Studded Beveled Mat for Medium Pile Carpeting
OFF-ST-10002619,Office Supplies,Storage,"Rogers Lockers, Blue"
TEC-AC-10000336,Technology,Accessories,"Enermax Mouse, Bluetooth"
OFF-AR-10003613,Office Supplies,Art,"Sanford Canvas, Easy-Erase"
OFF-BI-10002193,Office Supplies,Binders,"Wilson Jones Hole Reinforcements, Recycled"
OFF-PA-10002254,Office Supplies,Paper,Xerox 1883
TEC-PH-10001187,Technology,Phones,"Cisco Signal Booster, with Caller ID"
OFF-AP-10001905,Office Supplies,Appliances,"KitchenAid Toaster, White"
TEC-MA-10000864,Technology,Machines,Cisco 9971 IP Video Phone Charcoal
OFF-ST-10003729,Office Supplies,Storage,"Tenex Box, Industrial"
OFF-FA-10001029,Office Supplies,Fasteners,"OIC Push Pins, Assorted Sizes"
OFF-BI-10002026,Office Supplies,Binders,Avery Arch Ring Binders
OFF-FA-10002017,Office Supplies,Fasteners,"Stockwell Paper Clips, Assorted Sizes"
OFF-AR-10000399,Office Supplies,Art,"Stanley Canvas, Water Color"
OFF-SU-10001923,Office Supplies,Supplies,"Kleencut Letter Opener, Easy Grip"
OFF-LA-10003121,Office Supplies,Labels,Avery 506
OFF-LA-10002848,Office Supplies,Labels,"Novimex Shipping Labels, Laser Printer Compatible"
FUR-SAU-10002255,Furniture,Bookcases,"Sauder Classic Bookcase, Pine"
OFF-AP-10001947,Office Supplies,Appliances,Acco 6 Outlet Guardian Premium Plus Surge Suppressor
FUR-CH-10000546,Furniture,Chairs,"Harbour Creations Executive Leather Armchair, Adjustable"
FUR-CH-10000351,Furniture,Chairs,"Novimex Chairmat, Set of Two"
OFF-PA-10000659,Office Supplies,Paper,"TOPS Carbonless Receipt Book, Four 2-3/4 x 7-1/4 Money Receipts per Page"
OFF-LA-10000714,Office Supplies,Labels,"Novimex Round Labels, 5000 Label Set"
OFF-FA-10002388,Office Supplies,Fasteners,"Accos Push Pins, Assorted Sizes"
TEC-HEW-10004522,Technology,Copiers,"Hewlett Copy Machine, Color"
FUR-BO-10002766,Furniture,Bookcases,"Bush Classic Bookcase, Traditional"
FUR-FU-10004245,Furniture,Furnishings,"Career Cubicle Clock, 8 1/4"", Black"
TEC-MA-10002118,Technology,Machines,"Konica Printer, Red"
FUR-FU-10000889,Furniture,Furnishings,"Rubbermaid Clock, Black"
OFF-EN-10000835,Office Supplies,Envelopes,"GlobeWeis Clasp Envelope, with clear poly window"
OFF-EN-10001157,Office Supplies,Envelopes,"Ames Business Envelopes, Security-Tint"
OFF-AR-10000716,Office Supplies,Art,DIXON Ticonderoga Erasable Checking Pencils
FUR-CH-10002961,Furniture,Chairs,"Leather Task Chair, Black"
TEC-MA-10004985,Technology,Machines,"StarTech Card Printer, Durable"
OFF-EN-10001346,Office Supplies,Envelopes,"GlobeWeis Interoffice Envelope, Security-Tint"
TEC-CO-10001839,Technology,Copiers,"Hewlett Fax and Copier, Laser"
TEC-MA-10003176,Technology,Machines,"Panasonic Inkjet, Wireless"
TEC-PH-10002154,Technology,Phones,"Cisco Headset, Full Size"
TEC-PH-10004879,Technology,Phones,"Nokia Headset, Cordless"
FUR-CH-10000749,Furniture,Chairs,Office Star - Ergonomic Mid Back Chair with 2-Way Adjustable Arms
TEC-AC-10003416,Technology,Accessories,"Memorex Mouse, USB"
OFF-BI-10002682,Office Supplies,Binders,"Cardinal Binding Machine, Economy"
OFF-AR-10001535,Office Supplies,Art,"Binney & Smith Sketch Pad, Blue"
OFF-LA-10000438,Office Supplies,Labels,"Novimex Legal Exhibit Labels, 5000 Label Set"
OFF-ST-10001342,Office Supplies,Storage,"Fellowes Trays, Blue"
TEC-AC-10002543,Technology,Accessories,"Enermax Mouse, Bluetooth"
OFF-BI-10001097,Office Supplies,Binders,Avery Hole Reinforcements
OFF-SAN-10002484,Office Supplies,Art,"Sanford Canvas, Blue"
OFF-LA-10000760,Office Supplies,Labels,"Smead Shipping Labels, Laser Printer Compatible"
TEC-MA-10001128,Technology,Machines,"StarTech Card Printer, White"
OFF-EN-10004801,Office Supplies,Envelopes,"Ames Clasp Envelope, Security-Tint"
TEC-PH-10003348,Technology,Phones,"Cisco Speaker Phone, with Caller ID"
FUR-FU-10000735,Furniture,Furnishings,"Tenex Frame, Erganomic"
OFF-SU-10003723,Office Supplies,Supplies,"Elite Shears, High Speed"
TEC-CO-10004563,Technology,Copiers,"HP Copy Machine, Color"
OFF-PA-10000344,Office Supplies,Paper,"SanDisk Memo Slips, 8.5 x 11"
OFF-GRE-10002555,Office Supplies,Paper,"Green Bar Memo Slips, 8.5 x 11"
FUR-FU-10001366,Furniture,Furnishings,"Advantus Photo Frame, Duo Pack"
FUR-BEV-10002369,Furniture,Tables,"Bevis Training Table, Fully Assembled"
OFF-SU-10001476,Office Supplies,Supplies,"Fiskars Scissors, Easy Grip"
OFF-ACC-10000102,Office Supplies,Binders,"Acco Binding Machine, Clear"
OFF-JIF-10003976,Office Supplies,Envelopes,"Jiffy Mailers, with clear poly window"
OFF-LA-10001228,Office Supplies,Labels,"Hon File Folder Labels, Alphabetical"
OFF-SU-10003157,Office Supplies,Supplies,"Elite Letter Opener, Steel"
TEC-CO-10004078,Technology,Copiers,"HP Personal Copier, Laser"
TEC-PH-10004888,Technology,Phones,"Samsung Audio Dock, VoIP"
TEC-CO-10000971,Technology,Copiers,Hewlett Packard 310 Color Digital Copier
FUR-FU-10001393,Furniture,Furnishings,"Deflect-O Stacking Tray, Erganomic"
TEC-PH-10001963,Technology,Phones,"Nokia Speaker Phone, Full Size"
OFF-SU-10001500,Office Supplies,Supplies,"Kleencut Box Cutter, Serrated"
OFF-ST-10000036,Office Supplies,Storage,"Recycled Data-Pak for Archival Bound Computer Printouts, 12-1/2 x 12-1/2 x 16"
OFF-FA-10000834,Office Supplies,Fasteners,"Advantus Staples, Assorted Sizes"
TEC-AC-10002170,Technology,Accessories,"Enermax Numeric Keypad, USB"
OFF-PA-10002160,Office Supplies,Paper,Xerox 1978
OFF-BI-10001758,Office Supplies,Binders,Wilson Jones 14 Line Acrylic Coated Pressboard Data Binders
OFF-PA-10002040,Office Supplies,Paper,"Green Bar Cards & Envelopes, Multicolor"
TEC-CO-10002937,Technology,Copiers,"Canon Ink, High-Speed"
TEC-MA-10000684,Technology,Machines,"Okidata Calculator, White"
OFF-KIT-10001609,Office Supplies,Appliances,"KitchenAid Coffee Grinder, Red"
OFF-AP-10000981,Office Supplies,Appliances,"Hoover Coffee Grinder, Red"
OFF-CAM-10004271,Office Supplies,Envelopes,"Cameo Mailers, Recycled"
FUR-TA-10002855,Furniture,Tables,Bevis Round Conference Table Top & Single Column Base
OFF-LA-10004749,Office Supplies,Labels,"Avery Legal Exhibit Labels, Laser Printer Compatible"
TEC-MA-10000110,Technology,Machines,"StarTech Phone, Wireless"
OFF-AP-10003884,Office Supplies,Appliances,"Fellowes Smart Surge Ten-Outlet Protector, Platinum"
TEC-PH-10001644,Technology,Phones,"BlueLounge Milo Smartphone Stand, White/Metallic"
OFF-ST-10004017,Office Supplies,Storage,"Smead Trays, Industrial"
OFF-AR-10000659,Office Supplies,Art,"BIC Pencil Sharpener, Fluorescent"
OFF-STA-10000244,Office Supplies,Art,"Stanley Sketch Pad, Fluorescent"
OFF-KRA-10002789,Office Supplies,Envelopes,"Kraft Peel and Seal, with clear poly window"
FUR-BO-10004430,Furniture,Bookcases,"Bush Floating Shelf Set, Metal"
OFF-STI-10000286,Office Supplies,Supplies,"Stiletto Ruler, Steel"
OFF-BI-10004007,Office Supplies,Binders,"Avery 3-Hole Punch, Durable"
OFF-SAN-10004881,Office Supplies,Art,"Sanford Pencil Sharpener, Easy-Erase"
OFF-AP-10000228,Office Supplies,Appliances,"Cuisinart Blender, White"
TEC-MA-10000858,Technology,Machines,"Panasonic Printer, White"
FUR-FU-10000320,Furniture,Furnishings,OIC Stacking Trays
OFF-HON-10004014,Office Supplies,Labels,"Hon Shipping Labels, Adjustable"
OFF-ST-10001505,Office Supplies,Storage,"Perma STOR-ALL Hanging File Box, 13 1/8""W x 12 1/4""D x 10 1/2""H"
OFF-ST-10003327,Office Supplies,Storage,Akro-Mils 12-Gallon Tote
TEC-MA-10002701,Technology,Machines,"Konica Inkjet, Durable"
OFF-BI-10001892,Office Supplies,Binders,"Ibico Hole Reinforcements, Recycled"
FUR-TA-10003596,Furniture,Tables,"Lesro Computer Table, Adjustable Height"
OFF-KRA-10002752,Office Supplies,Envelopes,"Kraft Clasp Envelope, Recycled"
OFF-BI-10002277,Office Supplies,Binders,"Wilson Jones 3-Hole Punch, Recycled"
OFF-ACM-10002131,Office Supplies,Supplies,"Acme Ruler, Easy Grip"
OFF-FA-10002071,Office Supplies,Fasteners,"Accos Thumb Tacks, Assorted Sizes"
OFF-BI-10000069,Office Supplies,Binders,"GBC Prepunched Paper, 19-Hole, for Binding Systems, 24-lb"
OFF-AR-10001862,Office Supplies,Art,"Boston Pens, Water Color"
OFF-PA-10004353,Office Supplies,Paper,Southworth 25% Cotton Premium Laser Paper and Envelopes
FUR-BO-10004191,Furniture,Bookcases,"Safco Corner Shelving, Traditional"
OFF-ST-10001513,Office Supplies,Storage,"Fellowes Folders, Blue"
OFF-PA-10001536,Office Supplies,Paper,"SanDisk Message Books, 8.5 x 11"
OFF-ST-10000035,Office Supplies,Storage,"Tenex Folders, Industrial"
OFF-SU-10002544,Office Supplies,Supplies,"Kleencut Box Cutter, Serrated"
OFF-BI-10002824,Office Supplies,Binders,Recycled Easel Ring Binders
OFF-ELI-10001351,Office Supplies,Supplies,"Elite Trimmer, Easy Grip"
OFF-LA-10000668,Office Supplies,Labels,"Smead Removable Labels, Adjustable"
OFF-ENE-10003066,Office Supplies,Paper,"Enermax Memo Slips, Multicolor"
OFF-LA-10000404,Office Supplies,Labels,"Smead Shipping Labels, Laser Printer Compatible"
OFF-PA-10001363,Office Supplies,Paper,Xerox 1933
OFF-FA-10002045,Office Supplies,Fasteners,"Accos Rubber Bands, Metal"
OFF-ST-10004346,Office Supplies,Storage,"Tenex Shelving, Single Width"
OFF-EN-10004518,Office Supplies,Envelopes,"GlobeWeis Mailers, Recycled"
TEC-CO-10000137,Technology,Copiers,"Canon Wireless Fax, Color"
TEC-PH-10001061,Technology,Phones,Apple iPhone 5C
OFF-BI-10000174,Office Supplies,Binders,"Wilson Jones Clip & Carry Folder Binder Tool for Ring Binders, Clear"
OFF-FEL-10002897,Office Supplies,Storage,"Fellowes Shelving, Single Width"
OFF-BI-10002735,Office Supplies,Binders,GBC Prestige Therm-A-Bind Covers
OFF-LA-10002765,Office Supplies,Labels,"Harbour Creations Legal Exhibit Labels, Adjustable"
OFF-AME-10002376,Office Supplies,Envelopes,"Ames Manila Envelope, Recycled"
OFF-ST-10000142,Office Supplies,Storage,Deluxe Rollaway Locking File with Drawer
TEC-AC-10003294,Technology,Accessories,"Enermax Flash Drive, USB"
FUR-FU-10003297,Furniture,Furnishings,"Rubbermaid Frame, Erganomic"
TEC-AC-10003920,Technology,Accessories,"Belkin Keyboard, Bluetooth"
OFF-FA-10001892,Office Supplies,Fasteners,"Advantus Clamps, Metal"
OFF-LA-10004799,Office Supplies,Labels,"Hon Shipping Labels, Adjustable"
TEC-MA-10002268,Technology,Machines,"StarTech Receipt Printer, White"
TEC-LOG-10003634,Technology,Accessories,"Logitech Numeric Keypad, Programmable"
TEC-CO-10002493,Technology,Copiers,"Hewlett Personal Copier, Color"
TEC-MA-10004617,Technology,Machines,"Konica Receipt Printer, Wireless"
OFF-LA-10003678,Office Supplies,Labels,"Hon Round Labels, 5000 Label Set"
OFF-BI-10001543,Office Supplies,Binders,GBC VeloBinder Manual Binding System
OFF-AR-10000156,Office Supplies,Art,"Binney & Smith Markers, Blue"
OFF-KLE-10001699,Office Supplies,Supplies,"Kleencut Letter Opener, Easy Grip"
OFF-BI-10001546,Office Supplies,Binders,"Acco Index Tab, Clear"
OFF-FIS-10001591,Office Supplies,Supplies,"Fiskars Trimmer, High Speed"
TEC-APP-10001965,Technology,Phones,"Apple Office Telephone, Full Size"
OFF-ST-10001743,Office Supplies,Storage,"Tenex Folders, Wire Frame"
OFF-FA-10000838,Office Supplies,Fasteners,"Stockwell Push Pins, Assorted Sizes"
TEC-PH-10002672,Technology,Phones,"Cisco Smart Phone, Full Size"
OFF-ST-10003121,Office Supplies,Storage,"Rogers Box, Industrial"
OFF-BIN-10004563,Office Supplies,Art,"Binney & Smith Pencil Sharpener, Easy-Erase"
OFF-BI-10004146,Office Supplies,Binders,"Acco Binding Machine, Recycled"
OFF-PA-10001537,Office Supplies,Paper,"Green Bar Note Cards, 8.5 x 11"
FUR-BO-10003604,Furniture,Bookcases,"Ikea Corner Shelving, Mobile"
OFF-AR-10000369,Office Supplies,Art,Design Ebony Sketching Pencil
FUR-ELD-10004515,Furniture,Furnishings,"Eldon Door Stop, Black"
OFF-ST-10004431,Office Supplies,Storage,"Fellowes Trays, Single Width"
TEC-AC-10003116,Technology,Accessories,Memorex Froggy Flash Drive 8 GB
TEC-PH-10001751,Technology,Phones,"Samsung Smart Phone, Cordless"
TEC-HEW-10004937,Technology,Copiers,"Hewlett Fax Machine, Digital"
FUR-FU-10001025,Furniture,Furnishings,"Eldon Imàge Series Desk Accessories, Clear"
FUR-BO-10002423,Furniture,Bookcases,"Safco Floating Shelf Set, Mobile"
OFF-ST-10002251,Office Supplies,Storage,"Fellowes Shelving, Wire Frame"
TEC-PH-10004196,Technology,Phones,"Samsung Smart Phone, Cordless"
OFF-BI-10001275,Office Supplies,Binders,"Avery Index Tab, Durable"
TEC-PH-10003416,Technology,Phones,"Samsung Office Telephone, with Caller ID"
OFF-SU-10004361,Office Supplies,Supplies,"Kleencut Trimmer, High Speed"
OFF-BI-10003579,Office Supplies,Binders,"Avery 3-Hole Punch, Economy"
OFF-PA-10001968,Office Supplies,Paper,"Eaton Computer Printout Paper, 8.5 x 11"
TEC-SAM-10000765,Technology,Phones,"Samsung Signal Booster, Full Size"
OFF-FIS-10000063,Office Supplies,Supplies,"Fiskars Box Cutter, Easy Grip"
OFF-LA-10002927,Office Supplies,Labels,"Avery File Folder Labels, 5000 Label Set"
OFF-EN-10004424,Office Supplies,Envelopes,"GlobeWeis Interoffice Envelope, Set of 50"
TEC-PH-10001961,Technology,Phones,"Cisco Speaker Phone, Full Size"
FUR-FU-10000965,Furniture,Furnishings,"Howard Miller 11-1/2"" Diameter Ridgewood Wall Clock"
TEC-CO-10003759,Technology,Copiers,"Canon Fax Machine, Laser"
FUR-FU-10003451,Furniture,Furnishings,"Eldon Frame, Black"
OFF-PA-10001115,Office Supplies,Paper,"SanDisk Parchment Paper, Multicolor"
OFF-EN-10004012,Office Supplies,Envelopes,"GlobeWeis Peel and Seal, Set of 50"
FUR-RUB-10002945,Furniture,Furnishings,"Rubbermaid Photo Frame, Duo Pack"
OFF-SU-10003559,Office Supplies,Supplies,"Kleencut Ruler, Steel"
TEC-MA-10002043,Technology,Machines,"Epson Receipt Printer, White"
TEC-PH-10001824,Technology,Phones,"Samsung Speaker Phone, Cordless"
OFF-IBI-10003541,Office Supplies,Binders,"Ibico Binding Machine, Economy"
FUR-CH-10000988,Furniture,Chairs,Hon Olson Stacker Stools
OFF-STA-10003956,Office Supplies,Art,"Stanley Pens, Blue"
FUR-TA-10000283,Furniture,Tables,"Hon Wood Table, with Bottom Storage"
OFF-AP-10004825,Office Supplies,Appliances,"Cuisinart Toaster, Red"
FUR-FU-10001037,Furniture,Furnishings,"DAX Charcoal/Nickel-Tone Document Frame, 5 x 7"
OFF-AP-10004305,Office Supplies,Appliances,"Breville Blender, Silver"
FUR-FU-10001711,Furniture,Furnishings,"Tenex Frame, Erganomic"
OFF-FA-10003734,Office Supplies,Fasteners,"OIC Rubber Bands, Metal"
OFF-AP-10001824,Office Supplies,Appliances,"Breville Stove, Silver"
FUR-CH-10003298,Furniture,Chairs,"Office Star - Contemporary Task Swivel chair with Loop Arms, Charcoal"
TEC-CO-10001523,Technology,Copiers,"HP Copy Machine, High-Speed"
OFF-KRA-10000695,Office Supplies,Envelopes,"Kraft Mailers, Set of 50"
TEC-BRO-10004328,Technology,Copiers,"Brother Fax Machine, Color"
OFF-BI-10002172,Office Supplies,Binders,"Acco Binding Machine, Recycled"
TEC-AC-10000863,Technology,Accessories,"Enermax Numeric Keypad, Erganomic"
OFF-ST-10003459,Office Supplies,Storage,"Eldon File Cart, Single Width"
OFF-BRE-10001343,Office Supplies,Appliances,"Breville Blender, Silver"
OFF-BI-10003340,Office Supplies,Binders,"Acco Index Tab, Durable"
TEC-MA-10004212,Technology,Machines,Cisco SPA525G2 5-Line IP Phone
OFF-CUI-10004536,Office Supplies,Appliances,"Cuisinart Blender, Black"
TEC-PH-10002312,Technology,Phones,"Samsung Audio Dock, with Caller ID"
OFF-ST-10001729,Office Supplies,Storage,"Tenex Lockers, Single Width"
OFF-CAM-10002159,Office Supplies,Envelopes,"Cameo Manila Envelope, with clear poly window"
FUR-CH-10003696,Furniture,Chairs,"Novimex Bag Chairs, Black"
OFF-ST-10002834,Office Supplies,Storage,"Smead File Cart, Single Width"
TEC-MA-10002571,Technology,Machines,"Konica Phone, Durable"
TEC-CO-10004125,Technology,Copiers,"HP Ink, High-Speed"
OFF-PA-10004468,Office Supplies,Paper,"SanDisk Note Cards, Premium"
TEC-AC-10004939,Technology,Accessories,"Memorex Mouse, Bluetooth"
OFF-AR-10002392,Office Supplies,Art,"Binney & Smith Highlighters, Blue"
FUR-CH-10003061,Furniture,Chairs,"Global Leather Task Chair, Black"
FUR-ADV-10001659,Furniture,Furnishings,"Advantus Light Bulb, Durable"
TEC-CO-10004343,Technology,Copiers,"HP Wireless Fax, Color"
OFF-AP-10002344,Office Supplies,Appliances,"Hoover Microwave, Silver"
OFF-BI-10000404,Office Supplies,Binders,"Avery Binder Covers, Clear"
OFF-AR-10004602,Office Supplies,Art,Boston KS Multi-Size Manual Pencil Sharpener
OFF-ST-10004050,Office Supplies,Storage,"Fellowes Folders, Blue"
OFF-FA-10002393,Office Supplies,Fasteners,"Accos Push Pins, Bulk Pack"
OFF-SU-10000697,Office Supplies,Supplies,"Kleencut Ruler, Serrated"
OFF-FA-10001650,Office Supplies,Fasteners,"OIC Push Pins, Metal"
OFF-ST-10000085,Office Supplies,Storage,"Rogers File Cart, Single Width"
OFF-BI-10001097,Office Supplies,Binders,"Ibico 3-Hole Punch, Durable"
TEC-PH-10001809,Technology,Phones,Panasonic KX T7736-B Digital phone
OFF-BI-10004141,Office Supplies,Binders,Insertable Tab Indexes For Data Binders
TEC-AC-10001838,Technology,Accessories,Razer Tiamat Over Ear 7.1 Surround Sound PC Gaming Headset
OFF-AP-10004494,Office Supplies,Appliances,"Hoover Blender, Black"
FUR-SAF-10000545,Furniture,Bookcases,"Safco 3-Shelf Cabinet, Pine"
FUR-BAR-10004553,Furniture,Tables,"Barricks Training Table, Rectangular"
OFF-BIN-10001621,Office Supplies,Art,"Binney & Smith Canvas, Fluorescent"
FUR-LES-10004420,Furniture,Tables,"Lesro Coffee Table, with Bottom Storage"
TEC-OKI-10004464,Technology,Machines,"Okidata Printer, Red"
OFF-PA-10004115,Office Supplies,Paper,"Green Bar Computer Printout Paper, 8.5 x 11"
TEC-PH-10000800,Technology,Phones,"Cisco Smart Phone, Full Size"
TEC-MA-10000555,Technology,Machines,"Panasonic Card Printer, Red"
TEC-PH-10000586,Technology,Phones,AT&T SB67148 SynJ
TEC-PH-10003980,Technology,Phones,"Apple Signal Booster, VoIP"
TEC-CO-10003965,Technology,Copiers,"Brother Ink, Laser"
OFF-AP-10003834,Office Supplies,Appliances,"KitchenAid Stove, Red"
TEC-CO-10000821,Technology,Copiers,"Canon Ink, High-Speed"
FUR-CH-10000790,Furniture,Chairs,"Hon Chairmat, Adjustable"
TEC-PH-10002726,Technology,Phones,netTALK DUO VoIP Telephone Service
OFF-EN-10003540,Office Supplies,Envelopes,"Cameo Mailers, Set of 50"
OFF-BI-10004817,Office Supplies,Binders,GBC Personal VeloBind Strips
OFF-BI-10000829,Office Supplies,Binders,Avery Non-Stick Binders
TEC-CO-10001221,Technology,Copiers,"Brother Fax and Copier, Laser"
TEC-PH-10004924,Technology,Phones,"SKILCRAFT Telephone Shoulder Rest, 2"" x 6.5"" x 2.5"", Black"
TEC-AC-10001590,Technology,Accessories,Dell Slim USB Multimedia Keyboard
TEC-OKI-10004735,Technology,Machines,"Okidata Receipt Printer, Wireless"
TEC-MA-10004814,Technology,Machines,"Panasonic Inkjet, White"
OFF-BI-10000216,Office Supplies,Binders,"Mead 1st Gear 2"" Zipper Binder, Asst. Colors"
TEC-MA-10000753,Technology,Machines,"Epson Printer, Red"
TEC-SAN-10004424,Technology,Accessories,"SanDisk Router, Bluetooth"
OFF-ST-10002406,Office Supplies,Storage,Pizazz Global Quick File
OFF-LA-10002805,Office Supplies,Labels,"Hon Color Coded Labels, Alphabetical"
OFF-PA-10001184,Office Supplies,Paper,Xerox 1903
OFF-HOO-10004243,Office Supplies,Appliances,"Hoover Microwave, Black"
TEC-AC-10004975,Technology,Accessories,Plantronics Audio 995 Wireless Stereo Headset
FUR-CH-10003551,Furniture,Chairs,"Hon Swivel Stool, Black"
FUR-TA-10002935,Furniture,Tables,"Bevis Coffee Table, Adjustable Height"
FUR-BO-10003034,Furniture,Bookcases,"Sauder Stackable Bookrack, Pine"
OFF-PA-10002356,Office Supplies,Paper,"Xerox Parchment Paper, Recycled"
TEC-ENE-10004052,Technology,Accessories,"Enermax Flash Drive, Erganomic"
FUR-CH-10000807,Furniture,Chairs,"Hon Rocking Chair, Adjustable"
FUR-FU-10001617,Furniture,Furnishings,"Executive Impressions 8-1/2"" Career Panel/Partition Cubicle Clock"
OFF-SU-10001731,Office Supplies,Supplies,"Acme Letter Opener, Serrated"
OFF-PA-10003835,Office Supplies,Paper,"SanDisk Memo Slips, Premium"
OFF-SU-10000388,Office Supplies,Supplies,"Acme Ruler, Serrated"
OFF-TEN-10000703,Office Supplies,Storage,"Tenex Trays, Blue"
OFF-SU-10004316,Office Supplies,Supplies,"Elite Shears, High Speed"
FUR-CH-10004826,Furniture,Chairs,"Hon Steel Folding Chair, Set of Two"
OFF-EN-10001616,Office Supplies,Envelopes,"GlobeWeis Business Envelopes, Recycled"
OFF-SU-10000102,Office Supplies,Supplies,"Stiletto Box Cutter, Easy Grip"
FUR-TA-10003371,Furniture,Tables,"Chromcraft Training Table, Adjustable Height"
OFF-AR-10004961,Office Supplies,Art,"Sanford Sketch Pad, Easy-Erase"
OFF-SU-10004246,Office Supplies,Supplies,"Fiskars Letter Opener, Easy Grip"
TEC-CO-10003406,Technology,Copiers,"HP Fax and Copier, Laser"
FUR-BAR-10000946,Furniture,Tables,"Barricks Computer Table, with Bottom Storage"
OFF-PA-10003513,Office Supplies,Paper,"Enermax Message Books, Recycled"
OFF-STO-10003802,Office Supplies,Fasteners,"Stockwell Rubber Bands, Assorted Sizes"
TEC-HEW-10004172,Technology,Copiers,"Hewlett Wireless Fax, Laser"
OFF-EN-10001109,Office Supplies,Envelopes,"Jiffy Manila Envelope, Set of 50"
TEC-PH-10003325,Technology,Phones,"Samsung Speaker Phone, with Caller ID"
TEC-MA-10000331,Technology,Machines,"Okidata Printer, White"
TEC-AC-10003911,Technology,Accessories,NETGEAR AC1750 Dual Band Gigabit Smart WiFi Router
OFF-BI-10004200,Office Supplies,Binders,"Ibico Binding Machine, Clear"
FUR-RUB-10003411,Furniture,Furnishings,"Rubbermaid Stacking Tray, Erganomic"
FUR-TA-10001289,Furniture,Tables,"Lesro Conference Table, Fully Assembled"
TEC-AC-10002134,Technology,Accessories,Rosewill 107 Normal Keys USB Wired Standard Keyboard
TEC-CO-10003448,Technology,Copiers,"Canon Ink, Laser"
OFF-SU-10000378,Office Supplies,Supplies,"Kleencut Scissors, High Speed"
FUR-TA-10004416,Furniture,Tables,"Bevis Wood Table, Adjustable Height"
TEC-AC-10001720,Technology,Accessories,"Enermax Memory Card, Bluetooth"
OFF-FIS-10000670,Office Supplies,Supplies,"Fiskars Scissors, Steel"
OFF-ST-10000306,Office Supplies,Storage,"Rogers Trays, Single Width"
TEC-PH-10003645,Technology,Phones,Aastra 57i VoIP phone
TEC-AC-10004317,Technology,Accessories,"SanDisk Numeric Keypad, USB"
OFF-SAN-10004602,Office Supplies,Paper,"SanDisk Parchment Paper, 8.5 x 11"
FUR-CH-10004969,Furniture,Chairs,"Office Star Bag Chairs, Red"
FUR-OFF-10002740,Furniture,Chairs,"Office Star Steel Folding Chair, Set of Two"
OFF-LA-10003827,Office Supplies,Labels,"Avery Color Coded Labels, 5000 Label Set"
FUR-FU-10000669,Furniture,Furnishings,"Eldon Stacking Tray, Duo Pack"
OFF-CAR-10001746,Office Supplies,Binders,"Cardinal Index Tab, Clear"
FUR-CH-10002974,Furniture,Chairs,"SAFCO Rocking Chair, Red"
OFF-STI-10001162,Office Supplies,Supplies,"Stiletto Letter Opener, Steel"
FUR-TA-10002533,Furniture,Tables,BPI Conference Tables
OFF-XER-10002906,Office Supplies,Paper,"Xerox Memo Slips, Premium"
OFF-EN-10004186,Office Supplies,Envelopes,"Cameo Mailers, Set of 50"
OFF-LA-10002575,Office Supplies,Labels,"Smead Legal Exhibit Labels, 5000 Label Set"
OFF-BI-10002937,Office Supplies,Binders,"Wilson Jones Binder Covers, Clear"
OFF-BI-10003274,Office Supplies,Binders,"Avery Durable Slant Ring Binders, No Labels"
FUR-BO-10004878,Furniture,Bookcases,"Ikea 3-Shelf Cabinet, Traditional"
FUR-HON-10001558,Furniture,Chairs,"Hon Swivel Stool, Black"
OFF-BI-10002907,Office Supplies,Binders,"Wilson Jones 3-Hole Punch, Economy"
OFF-BI-10003616,Office Supplies,Binders,"Avery Binding Machine, Clear"
OFF-ST-10001366,Office Supplies,Storage,"Rogers Folders, Wire Frame"
OFF-SU-10003483,Office Supplies,Supplies,"Fiskars Letter Opener, Easy Grip"
FUR-TA-10001676,Furniture,Tables,Hon 61000 Series Interactive Training Tables
OFF-AP-10000775,Office Supplies,Appliances,"Breville Blender, Silver"
OFF-AR-10001598,Office Supplies,Art,"BIC Highlighters, Easy-Erase"
OFF-FA-10001710,Office Supplies,Fasteners,"Advantus Rubber Bands, Metal"
OFF-EN-10000897,Office Supplies,Envelopes,"Kraft Mailers, Set of 50"
FUR-DAN-10002846,Furniture,Bookcases,"Dania Floating Shelf Set, Mobile"
TEC-MA-10000461,Technology,Machines,"Epson Inkjet, Wireless"
OFF-ST-10004996,Office Supplies,Storage,"Tenex Trays, Blue"
FUR-TA-10003597,Furniture,Tables,"Bevis Wood Table, with Bottom Storage"
FUR-RUB-10001380,Furniture,Furnishings,"Rubbermaid Photo Frame, Erganomic"
OFF-PA-10003063,Office Supplies,Paper,EcoTones Memo Sheets
TEC-HEW-10002435,Technology,Copiers,"Hewlett Personal Copier, Digital"
OFF-AVE-10004404,Office Supplies,Labels,"Avery Shipping Labels, Alphabetical"
TEC-CO-10004089,Technology,Copiers,"Canon Copy Machine, Laser"
FUR-FU-10001351,Furniture,Furnishings,"Rubbermaid Photo Frame, Black"
FUR-CHR-10001570,Furniture,Tables,"Chromcraft Conference Table, Rectangular"
OFF-AR-10004587,Office Supplies,Art,"Boston 1827 Commercial Additional Cutter, Drive Gear & Gear Rack for 1606"
OFF-PA-10001001,Office Supplies,Paper,"Snap-A-Way Black Print Carbonless Speed Message, No Reply Area, Duplicate"
OFF-LA-10003971,Office Supplies,Labels,"Novimex Color Coded Labels, Laser Printer Compatible"
OFF-AR-10000255,Office Supplies,Art,Newell 328
TEC-SAM-10003493,Technology,Phones,"Samsung Signal Booster, VoIP"
OFF-LA-10000108,Office Supplies,Labels,"Harbour Creations Color Coded Labels, Laser Printer Compatible"
OFF-CAR-10001471,Office Supplies,Binders,"Cardinal 3-Hole Punch, Clear"
OFF-FA-10004586,Office Supplies,Fasteners,"Stockwell Staples, 12 Pack"
OFF-OIC-10003366,Office Supplies,Fasteners,"OIC Staples, Metal"
FUR-IKE-10003053,Furniture,Bookcases,"Ikea 3-Shelf Cabinet, Mobile"
TEC-AC-10004406,Technology,Accessories,"Memorex Keyboard, USB"
FUR-CH-10000294,Furniture,Chairs,"Office Star Swivel Stool, Red"
FUR-BO-10004585,Furniture,Bookcases,"Ikea 3-Shelf Cabinet, Traditional"
OFF-EN-10001109,Office Supplies,Envelopes,"Ames Interoffice Envelope, Recycled"
OFF-STO-10002449,Office Supplies,Fasteners,"Stockwell Rubber Bands, 12 Pack"
FUR-BUS-10002192,Furniture,Bookcases,"Bush 3-Shelf Cabinet, Metal"
TEC-PH-10003946,Technology,Phones,"Cisco Office Telephone, VoIP"
OFF-BI-10001071,Office Supplies,Binders,GBC ProClick Punch Binding System
OFF-ST-10003231,Office Supplies,Storage,"Fellowes Box, Industrial"
OFF-BI-10001867,Office Supplies,Binders,"Acco Binder Covers, Recycled"
TEC-MA-10002413,Technology,Machines,"Panasonic Card Printer, Durable"
OFF-SU-10003665,Office Supplies,Supplies,"Kleencut Trimmer, Serrated"
TEC-MA-10003743,Technology,Machines,"StarTech Printer, Durable"
OFF-ACC-10004782,Office Supplies,Fasteners,"Accos Staples, Metal"
OFF-ST-10001328,Office Supplies,Storage,"Personal Filing Tote with Lid, Black/Gray"
FUR-FU-10003731,Furniture,Furnishings,"Eldon Expressions Wood and Plastic Desk Accessories, Oak"
TEC-PH-10000571,Technology,Phones,"Apple Audio Dock, with Caller ID"
TEC-MA-10004086,Technology,Machines,Plantronics Single Ear Headset
TEC-CO-10001040,Technology,Copiers,"Canon Personal Copier, Laser"
OFF-ST-10002172,Office Supplies,Storage,"Fellowes Trays, Blue"
FUR-TA-10001539,Furniture,Tables,Chromcraft Rectangular Conference Tables
OFF-HAM-10003663,Office Supplies,Appliances,"Hamilton Beach Stove, Black"
OFF-ST-10001142,Office Supplies,Storage,"Smead Folders, Wire Frame"
OFF-BI-10002854,Office Supplies,Binders,"Performers Binder/Pad Holder, Black"
FUR-FU-10003217,Furniture,Furnishings,"Tenex Frame, Durable"
OFF-ST-10004190,Office Supplies,Storage,"Smead Box, Single Width"
OFF-AR-10003245,Office Supplies,Art,"Binney & Smith Canvas, Blue"
OFF-AP-10004063,Office Supplies,Appliances,"Cuisinart Stove, Silver"
OFF-ST-10003018,Office Supplies,Storage,"Smead File Cart, Industrial"
TEC-PH-10004912,Technology,Phones,Cisco SPA112 2 Port Phone Adapter
OFF-BI-10002986,Office Supplies,Binders,"Avery Binder Covers, Recycled"
FUR-FU-10002170,Furniture,Furnishings,"Eldon Stacking Tray, Durable"
OFF-LA-10004623,Office Supplies,Labels,"Smead Removable Labels, 5000 Label Set"
TEC-AC-10004487,Technology,Accessories,"Memorex Router, Erganomic"
FUR-SAU-10004653,Furniture,Bookcases,"Sauder Classic Bookcase, Traditional"
TEC-AC-10000990,Technology,Accessories,Imation Bio 2GB USB Flash Drive Imation Corp
TEC-PH-10003312,Technology,Phones,"Cisco Office Telephone, VoIP"
TEC-AC-10004434,Technology,Accessories,"Memorex Flash Drive, USB"
OFF-EN-10000069,Office Supplies,Envelopes,"Ames Mailers, Security-Tint"
OFF-SU-10000192,Office Supplies,Supplies,"Elite Trimmer, High Speed"
OFF-SU-10001442,Office Supplies,Supplies,"Acme Scissors, Steel"
OFF-LA-10004799,Office Supplies,Labels,"Hon Legal Exhibit Labels, Alphabetical"
TEC-AC-10004811,Technology,Accessories,"Memorex Flash Drive, USB"
TEC-CO-10004756,Technology,Copiers,"Sharp Wireless Fax, Digital"
OFF-AR-10000179,Office Supplies,Art,"Sanford Canvas, Fluorescent"
TEC-MA-10000697,Technology,Machines,"StarTech Card Printer, Wireless"
FUR-FU-10003394,Furniture,Furnishings,"Tenex ""The Solids"" Textured Chair Mats"
FUR-FU-10001843,Furniture,Furnishings,"Advantus Door Stop, Durable"
TEC-PAN-10001593,Technology,Machines,"Panasonic Calculator, Durable"
OFF-BI-10000106,Office Supplies,Binders,"Cardinal Hole Reinforcements, Clear"
OFF-KIT-10001245,Office Supplies,Appliances,"KitchenAid Blender, Black"
OFF-SU-10004446,Office Supplies,Supplies,"Acme Ruler, Steel"
FUR-CH-10003512,Furniture,Chairs,"Novimex Bag Chairs, Set of Two"
OFF-PA-10002976,Office Supplies,Paper,"Xerox Computer Printout Paper, 8.5 x 11"
TEC-CO-10004034,Technology,Copiers,"Canon Fax Machine, High-Speed"
FUR-HAR-10000334,Furniture,Chairs,"Harbour Creations Swivel Stool, Red"
OFF-EN-10003073,Office Supplies,Envelopes,"Jiffy Business Envelopes, Set of 50"
FUR-CH-10002980,Furniture,Chairs,"Hon Executive Leather Armchair, Red"
FUR-SAF-10003819,Furniture,Chairs,"SAFCO Swivel Stool, Set of Two"
OFF-PA-10002755,Office Supplies,Paper,"Xerox Computer Printout Paper, Multicolor"
OFF-BI-10001362,Office Supplies,Binders,"Avery Binder, Clear"
OFF-FA-10000046,Office Supplies,Fasteners,"Advantus Staples, Bulk Pack"
TEC-CAN-10001256,Technology,Copiers,"Canon Wireless Fax, High-Speed"
OFF-OIC-10003879,Office Supplies,Fasteners,"OIC Clamps, Bulk Pack"
FUR-TA-10003785,Furniture,Tables,"Hon Round Table, Adjustable Height"
TEC-MA-10000473,Technology,Machines,"Epson Receipt Printer, Durable"
OFF-ST-10002042,Office Supplies,Storage,"Fellowes Folders, Industrial"
OFF-AR-10004744,Office Supplies,Art,"Binney & Smith Sketch Pad, Easy-Erase"
OFF-AR-10002783,Office Supplies,Art,"Stanley Pencil Sharpener, Water Color"
OFF-HOO-10002386,Office Supplies,Appliances,"Hoover Toaster, Silver"
FUR-CH-10004600,Furniture,Chairs,"Harbour Creations Chairmat, Red"
FUR-TA-10002065,Furniture,Tables,"Bevis Round Table, Rectangular"
FUR-FU-10000490,Furniture,Furnishings,"Eldon Light Bulb, Erganomic"
TEC-PH-10004707,Technology,Phones,"Samsung Signal Booster, Cordless"
OFF-AP-10003099,Office Supplies,Appliances,"Eureka Hand Vacuum, Bagless"
OFF-LA-10000793,Office Supplies,Labels,"Harbour Creations Removable Labels, Laser Printer Compatible"
OFF-AR-10001107,Office Supplies,Art,"BIC Highlighters, Water Color"
OFF-EN-10002752,Office Supplies,Envelopes,"Jiffy Peel and Seal, Set of 50"
OFF-BI-10002075,Office Supplies,Binders,"Wilson Jones Hole Reinforcements, Durable"
TEC-SAM-10001017,Technology,Phones,"Samsung Speaker Phone, Cordless"
FUR-FU-10001918,Furniture,Furnishings,C-Line Cubicle Keepers Polyproplyene Holder With Velcro Backings
OFF-TEN-10000894,Office Supplies,Storage,"Tenex Folders, Single Width"
OFF-FA-10002782,Office Supplies,Fasteners,"Accos Thumb Tacks, Assorted Sizes"
OFF-LA-10002544,Office Supplies,Labels,"Novimex Color Coded Labels, Alphabetical"
OFF-SU-10001212,Office Supplies,Supplies,Kleencut Forged Office Shears by Acme United Corporation
OFF-LA-10002851,Office Supplies,Labels,"Hon Legal Exhibit Labels, 5000 Label Set"
FUR-ELD-10002511,Furniture,Furnishings,"Eldon Photo Frame, Duo Pack"
OFF-FA-10003779,Office Supplies,Fasteners,"Stockwell Paper Clips, Assorted Sizes"
FUR-CH-10001582,Furniture,Chairs,"Office Star Executive Leather Armchair, Black"
FUR-BO-10000148,Furniture,Bookcases,"Bush 3-Shelf Cabinet, Metal"
FUR-FU-10002539,Furniture,Furnishings,"Tenex Clock, Erganomic"
OFF-BI-10000323,Office Supplies,Binders,"Wilson Jones 3-Hole Punch, Clear"
OFF-LA-10003231,Office Supplies,Labels,"Smead Round Labels, Adjustable"
OFF-FA-10004657,Office Supplies,Fasteners,"Stockwell Thumb Tacks, Metal"
TEC-AC-10003615,Technology,Accessories,"SanDisk Router, Programmable"
OFF-ST-10004695,Office Supplies,Storage,"Fellowes File Cart, Blue"
OFF-EN-10002464,Office Supplies,Envelopes,"Cameo Peel and Seal, Security-Tint"
OFF-EN-10003160,Office Supplies,Envelopes,Pastel Pink Envelopes
FUR-TA-10002868,Furniture,Tables,"Barricks Coffee Table, Adjustable Height"
OFF-CAM-10003488,Office Supplies,Envelopes,"Cameo Mailers, Set of 50"
TEC-MA-10001475,Technology,Machines,"StarTech Receipt Printer, Wireless"
OFF-BI-10004233,Office Supplies,Binders,"Avery Index Tab, Economy"
OFF-BI-10004094,Office Supplies,Binders,GBC Standard Plastic Binding Systems Combs
OFF-BI-10003708,Office Supplies,Binders,"Cardinal Binder, Recycled"
OFF-SU-10001851,Office Supplies,Supplies,"Stiletto Ruler, Steel"
OFF-FA-10002975,Office Supplies,Fasteners,Staples
OFF-SU-10001697,Office Supplies,Supplies,"Fiskars Scissors, Easy Grip"
TEC-MA-10001832,Technology,Machines,"Okidata Card Printer, Durable"
FUR-CH-10000430,Furniture,Chairs,"SAFCO Rocking Chair, Set of Two"
FUR-BO-10002204,Furniture,Bookcases,"Bush Corner Shelving, Traditional"
TEC-AC-10004510,Technology,Accessories,Logitech Desktop MK120 Mouse and keyboard Combo
TEC-PH-10002806,Technology,Phones,"Apple Audio Dock, VoIP"
TEC-AC-10001383,Technology,Accessories,Logitech Wireless Touch Keyboard K400
OFF-BI-10000545,Office Supplies,Binders,GBC Ibimaster 500 Manual ProClick Binding System
FUR-BO-10003554,Furniture,Bookcases,"Dania 3-Shelf Cabinet, Mobile"
OFF-LA-10003215,Office Supplies,Labels,"Smead File Folder Labels, Laser Printer Compatible"
FUR-FU-10002088,Furniture,Furnishings,Nu-Dell Float Frame 11 x 14 1/2
FUR-SAF-10001136,Furniture,Chairs,"SAFCO Swivel Stool, Adjustable"
OFF-AP-10000195,Office Supplies,Appliances,"Cuisinart Stove, Black"
FUR-FU-10001473,Furniture,Furnishings,"Eldon Executive Woodline II Desk Accessories, Mahogany"
TEC-AC-10002331,Technology,Accessories,"Maxell 74 Minute CDR, 10/Pack"
OFF-AR-10001823,Office Supplies,Art,"BIC Highlighters, Blue"
OFF-ST-10002386,Office Supplies,Storage,"Fellowes Shelving, Industrial"
OFF-PA-10003517,Office Supplies,Paper,"Enermax Note Cards, Premium"
OFF-AR-10002116,Office Supplies,Art,"BIC Pens, Fluorescent"
OFF-AR-10000110,Office Supplies,Art,"Binney & Smith Sketch Pad, Blue"
OFF-PA-10001977,Office Supplies,Paper,Xerox 194
OFF-AR-10002380,Office Supplies,Art,"Boston Highlighters, Blue"
OFF-AR-10000481,Office Supplies,Art,"BIC Markers, Blue"
TEC-PH-10001817,Technology,Phones,Wilson Electronics DB Pro Signal Booster
TEC-MA-10000045,Technology,Machines,Zebra ZM400 Thermal Label Printer
OFF-BI-10000880,Office Supplies,Binders,"Wilson Jones Binder, Recycled"
TEC-PH-10003784,Technology,Phones,"Motorola Signal Booster, with Caller ID"
OFF-FA-10003980,Office Supplies,Fasteners,"OIC Paper Clips, Metal"
OFF-EN-10004473,Office Supplies,Envelopes,"Ames Interoffice Envelope, with clear poly window"
TEC-MA-10001031,Technology,Machines,Socket Bluetooth Cordless Hand Scanner (CHS)
TEC-AC-10004997,Technology,Accessories,"Belkin Memory Card, Bluetooth"
FUR-FU-10000628,Furniture,Furnishings,"Rubbermaid Light Bulb, Black"
TEC-SAN-10003793,Technology,Accessories,"SanDisk Memory Card, Erganomic"
OFF-ST-10001222,Office Supplies,Storage,"Eldon Shelving, Single Width"
OFF-SU-10003924,Office Supplies,Supplies,"Elite Trimmer, Steel"
TEC-CAN-10004839,Technology,Copiers,"Canon Wireless Fax, Color"
OFF-ELD-10002240,Office Supplies,Storage,"Eldon Shelving, Wire Frame"
OFF-AP-10003625,Office Supplies,Appliances,"Hoover Microwave, White"
OFF-AR-10004062,Office Supplies,Art,Staples
OFF-FA-10001754,Office Supplies,Fasteners,Stockwell Gold Paper Clips
TEC-PH-10004583,Technology,Phones,"Motorola Smart Phone, Cordless"
OFF-AR-10000034,Office Supplies,Art,"BIC Brite Liner Grip Highlighters, Assorted, 5/Pack"
OFF-ST-10001418,Office Supplies,Storage,Carina Media Storage Towers in Natural & Black
TEC-SHA-10000479,Technology,Copiers,"Sharp Personal Copier, Digital"
OFF-FA-10004605,Office Supplies,Fasteners,"OIC Clamps, Assorted Sizes"
OFF-PA-10002295,Office Supplies,Paper,"Xerox Cards & Envelopes, 8.5 x 11"
OFF-PA-10001662,Office Supplies,Paper,"Green Bar Note Cards, Premium"
OFF-PA-10001972,Office Supplies,Paper,Xerox 214
OFF-XER-10001746,Office Supplies,Paper,"Xerox Message Books, Premium"
FUR-CH-10002626,Furniture,Chairs,"Hon Steel Folding Chair, Adjustable"
TEC-AC-10004289,Technology,Accessories,"SanDisk Memory Card, Erganomic"
OFF-PA-10001804,Office Supplies,Paper,Xerox 195
OFF-PA-10000601,Office Supplies,Paper,"Eaton Parchment Paper, Premium"
FUR-TA-10004152,Furniture,Tables,"Barricks 18"" x 48"" Non-Folding Utility Table with Bottom Storage Shelf"
OFF-AR-10004373,Office Supplies,Art,"Boston Markers, Water Color"
OFF-PA-10003390,Office Supplies,Paper,"Enermax Computer Printout Paper, Recycled"
FUR-BO-10003660,Furniture,Bookcases,"Bush Cubix Collection Bookcases, Fully Assembled"
OFF-LA-10000901,Office Supplies,Labels,"Smead File Folder Labels, 5000 Label Set"
TEC-AC-10002996,Technology,Accessories,"Enermax Mouse, Erganomic"
TEC-HEW-10001908,Technology,Copiers,"Hewlett Fax and Copier, Laser"
OFF-EN-10004183,Office Supplies,Envelopes,"Jiffy Business Envelopes, Recycled"
OFF-IBI-10000951,Office Supplies,Binders,"Ibico Binder Covers, Economy"
OFF-PA-10003586,Office Supplies,Paper,"Eaton Computer Printout Paper, Premium"
OFF-EN-10003529,Office Supplies,Envelopes,"GlobeWeis Manila Envelope, Recycled"
FUR-CH-10001492,Furniture,Chairs,"Novimex Executive Leather Armchair, Adjustable"
OFF-AR-10001529,Office Supplies,Art,"Sanford Pens, Fluorescent"
FUR-CH-10002116,Furniture,Chairs,"SAFCO Rocking Chair, Black"
OFF-SU-10001308,Office Supplies,Supplies,"Fiskars Trimmer, Serrated"
OFF-ST-10002974,Office Supplies,Storage,"Trav-L-File Heavy-Duty Shuttle II, Black"
OFF-LA-10001582,Office Supplies,Labels,"Smead Round Labels, 5000 Label Set"
OFF-EN-10004404,Office Supplies,Envelopes,"Jiffy Manila Envelope, with clear poly window"
TEC-ENE-10000154,Technology,Accessories,"Enermax Router, Bluetooth"
FUR-CH-10001332,Furniture,Chairs,"Office Star Executive Leather Armchair, Red"
TEC-AC-10001664,Technology,Accessories,"SanDisk Keyboard, USB"
OFF-BI-10000089,Office Supplies,Binders,"Wilson Jones 3-Hole Punch, Recycled"
OFF-EN-10003601,Office Supplies,Envelopes,"GlobeWeis Clasp Envelope, Set of 50"
OFF-BI-10002607,Office Supplies,Binders,"Ibico Binder Covers, Clear"
OFF-HAR-10001855,Office Supplies,Labels,"Harbour Creations Round Labels, Alphabetical"
OFF-LA-10002337,Office Supplies,Labels,"Smead Shipping Labels, 5000 Label Set"
OFF-PA-10003906,Office Supplies,Paper,"Eaton Memo Slips, Premium"
OFF-BI-10004224,Office Supplies,Binders,"Avery Index Tab, Durable"
OFF-FA-10000349,Office Supplies,Fasteners,"OIC Push Pins, 12 Pack"
OFF-PA-10001971,Office Supplies,Paper,"Eaton Cards & Envelopes, Premium"
OFF-BI-10003364,Office Supplies,Binders,Binding Machine Supplies
FUR-BEV-10000388,Furniture,Tables,"Bevis Coffee Table, Rectangular"
OFF-PA-10001725,Office Supplies,Paper,Xerox 1892
OFF-EN-10004955,Office Supplies,Envelopes,Fashion Color Clasp Envelopes
FUR-CH-10002872,Furniture,Chairs,"SAFCO Executive Leather Armchair, Adjustable"
OFF-AR-10001110,Office Supplies,Art,"BIC Pencil Sharpener, Water Color"
OFF-BI-10004869,Office Supplies,Binders,"Avery 3-Hole Punch, Recycled"
OFF-BI-10000014,Office Supplies,Binders,Heavy-Duty E-Z-D Binders
OFF-AME-10001179,Office Supplies,Envelopes,"Ames Mailers, Set of 50"
OFF-ST-10002900,Office Supplies,Storage,"Smead Lockers, Wire Frame"
OFF-PA-10002461,Office Supplies,Paper,"Eaton Parchment Paper, Multicolor"
FUR-SAU-10002167,Furniture,Bookcases,"Sauder 3-Shelf Cabinet, Metal"
TEC-AC-10001089,Technology,Accessories,"Enermax Keyboard, Erganomic"
OFF-PA-10004673,Office Supplies,Paper,"Eaton Note Cards, Multicolor"
FUR-SAU-10000745,Furniture,Bookcases,"Sauder 3-Shelf Cabinet, Pine"
TEC-CO-10004981,Technology,Copiers,"Sharp Personal Copier, Laser"
OFF-AR-10001683,Office Supplies,Art,Lumber Crayons
TEC-EPS-10003277,Technology,Machines,"Epson Printer, White"
TEC-PH-10000038,Technology,Phones,"Nokia Speaker Phone, with Caller ID"
OFF-ST-10002066,Office Supplies,Storage,"Smead File Cart, Blue"
FUR-CH-10000667,Furniture,Chairs,"Novimex Chairmat, Black"
OFF-AP-10000136,Office Supplies,Appliances,"Hamilton Beach Refrigerator, White"
OFF-ST-10003058,Office Supplies,Storage,Eldon Mobile Mega Data Cart  Mega Stackable  Add-On Trays
OFF-AR-10003373,Office Supplies,Art,"Boston School Pro Electric Pencil Sharpener, 1670"
TEC-KON-10002050,Technology,Machines,"Konica Printer, Wireless"
TEC-PH-10004006,Technology,Phones,"Nokia Audio Dock, Full Size"
OFF-ST-10002759,Office Supplies,Storage,"Eldon Shelving, Industrial"
OFF-PA-10003911,Office Supplies,Paper,"Green Bar Cards & Envelopes, Premium"
OFF-BI-10001098,Office Supplies,Binders,Acco D-Ring Binder w/DublLock
FUR-FU-10000023,Furniture,Furnishings,Eldon Wave Desk Accessories
FUR-CH-10004997,Furniture,Chairs,Hon Every-Day Series Multi-Task Chairs
OFF-HAM-10003628,Office Supplies,Appliances,"Hamilton Beach Coffee Grinder, Red"
OFF-AR-10001546,Office Supplies,Art,"Binney & Smith Sketch Pad, Easy-Erase"
OFF-SU-10001343,Office Supplies,Supplies,"Elite Scissors, High Speed"
TEC-AC-10004901,Technology,Accessories,Kensington SlimBlade Notebook Wireless Mouse with Nano Receiver
OFF-ST-10003931,Office Supplies,Storage,"Smead Trays, Wire Frame"
OFF-AP-10000390,Office Supplies,Appliances,Euro Pro Shark Stick Mini Vacuum
OFF-KRA-10001967,Office Supplies,Envelopes,"Kraft Business Envelopes, Set of 50"
FUR-BO-10001966,Furniture,Bookcases,"Ikea Corner Shelving, Metal"
OFF-PA-10000320,Office Supplies,Paper,"Enermax Parchment Paper, Multicolor"
FUR-DAN-10001993,Furniture,Bookcases,"Dania 3-Shelf Cabinet, Mobile"
OFF-AR-10004614,Office Supplies,Art,"Boston Pencil Sharpener, Water Color"
FUR-ADV-10001440,Furniture,Furnishings,"Advantus Door Stop, Black"
FUR-TA-10003358,Furniture,Tables,"Hon Round Table, Rectangular"
OFF-FA-10000455,Office Supplies,Fasteners,"Stockwell Thumb Tacks, 12 Pack"
OFF-ACC-10000218,Office Supplies,Binders,"Acco Hole Reinforcements, Durable"
OFF-SME-10004702,Office Supplies,Storage,"Smead File Cart, Industrial"
OFF-BI-10004781,Office Supplies,Binders,GBC Wire Binding Strips
FUR-CH-10000981,Furniture,Chairs,"Novimex Swivel Stool, Set of Two"
OFF-BRE-10003443,Office Supplies,Appliances,"Breville Refrigerator, Silver"
TEC-AC-10004715,Technology,Accessories,"Memorex Mouse, Erganomic"
FUR-CH-10002891,Furniture,Chairs,"Hon Executive Leather Armchair, Adjustable"
OFF-TEN-10001160,Office Supplies,Storage,"Tenex Trays, Industrial"
TEC-CO-10003496,Technology,Copiers,"Brother Wireless Fax, Digital"
TEC-PH-10002549,Technology,Phones,Polycom SoundPoint IP 450 VoIP phone
OFF-FA-10002683,Office Supplies,Fasteners,"Stockwell Staples, Assorted Sizes"
OFF-SU-10000178,Office Supplies,Supplies,"Acme Ruler, Easy Grip"
TEC-AC-10004897,Technology,Accessories,"Logitech Keyboard, Programmable"
OFF-AR-10000347,Office Supplies,Art,"Sanford Highlighters, Easy-Erase"
FUR-CH-10000068,Furniture,Chairs,"Office Star Steel Folding Chair, Red"
FUR-ELD-10003695,Furniture,Furnishings,"Eldon Light Bulb, Duo Pack"
OFF-FA-10003007,Office Supplies,Fasteners,"OIC Rubber Bands, Assorted Sizes"
OFF-AR-10004138,Office Supplies,Art,"Stanley Pens, Easy-Erase"
OFF-PA-10000878,Office Supplies,Paper,"SanDisk Note Cards, Multicolor"
FUR-FU-10002485,Furniture,Furnishings,"Rubbermaid Photo Frame, Duo Pack"
TEC-PH-10002075,Technology,Phones,AT&T EL51110 DECT
TEC-PH-10002493,Technology,Phones,"Nokia Signal Booster, with Caller ID"
FUR-TA-10003569,Furniture,Tables,Bretford CR8500 Series Meeting Room Furniture
OFF-EN-10000315,Office Supplies,Envelopes,"Jiffy Business Envelopes, Security-Tint"
TEC-CO-10004468,Technology,Copiers,"Canon Copy Machine, Digital"
FUR-DEF-10002774,Furniture,Furnishings,"Deflect-O Clock, Durable"
TEC-AC-10004539,Technology,Accessories,"Logitech Flash Drive, USB"
OFF-PA-10002563,Office Supplies,Paper,"Enermax Memo Slips, Premium"
OFF-BI-10001544,Office Supplies,Binders,"Wilson Jones Hole Reinforcements, Clear"
OFF-ENE-10002093,Office Supplies,Paper,"Enermax Message Books, Multicolor"
FUR-OFF-10002511,Furniture,Chairs,"Office Star Steel Folding Chair, Black"
FUR-TA-10002638,Furniture,Tables,"Barricks Wood Table, Rectangular"
TEC-MA-10002844,Technology,Machines,"Okidata Receipt Printer, White"
TEC-MA-10000597,Technology,Machines,Lexmark S315 Color Inkjet Printer
OFF-EN-10000726,Office Supplies,Envelopes,"Jiffy Clasp Envelope, Set of 50"
OFF-PA-10002394,Office Supplies,Paper,"Eaton Computer Printout Paper, Recycled"
OFF-LA-10000635,Office Supplies,Labels,"Harbour Creations Shipping Labels, 5000 Label Set"
FUR-CH-10002890,Furniture,Chairs,"Office Star Chairmat, Adjustable"
TEC-AC-10004054,Technology,Accessories,"Memorex Keyboard, Bluetooth"
OFF-FA-10003411,Office Supplies,Fasteners,"OIC Staples, Bulk Pack"
OFF-LA-10004181,Office Supplies,Labels,"Novimex File Folder Labels, Adjustable"
OFF-AR-10002902,Office Supplies,Art,"Sanford Canvas, Water Color"
OFF-BI-10003707,Office Supplies,Binders,Aluminum Screw Posts
FUR-TA-10004680,Furniture,Tables,"Lesro Wood Table, Fully Assembled"
TEC-BRO-10003555,Technology,Copiers,"Brother Ink, High-Speed"
OFF-AR-10001073,Office Supplies,Art,"Sanford Markers, Easy-Erase"
OFF-BI-10001639,Office Supplies,Binders,"Acco Binder, Economy"
OFF-BRE-10004872,Office Supplies,Appliances,"Breville Blender, Black"
OFF-WIL-10000979,Office Supplies,Binders,"Wilson Jones Hole Reinforcements, Recycled"
OFF-SU-10000381,Office Supplies,Supplies,Acme Forged Steel Scissors with Black Enamel Handles
OFF-PA-10000300,Office Supplies,Paper,"Green Bar Cards & Envelopes, Premium"
OFF-PA-10003937,Office Supplies,Paper,"Green Bar Memo Slips, Recycled"
FUR-BO-10001537,Furniture,Bookcases,"Ikea Corner Shelving, Metal"
OFF-GRE-10001774,Office Supplies,Paper,"Green Bar Note Cards, Premium"
OFF-AP-10000806,Office Supplies,Appliances,"KitchenAid Coffee Grinder, Silver"
OFF-AR-10000082,Office Supplies,Art,"Binney & Smith Pencil Sharpener, Water Color"
FUR-CH-10001477,Furniture,Chairs,"Novimex Chairmat, Black"
OFF-AP-10000172,Office Supplies,Appliances,"Cuisinart Toaster, Silver"
OFF-BRE-10004359,Office Supplies,Appliances,"Breville Coffee Grinder, White"
OFF-SAN-10001326,Office Supplies,Paper,"SanDisk Note Cards, 8.5 x 11"
FUR-BO-10001039,Furniture,Bookcases,"Dania Classic Bookcase, Traditional"
OFF-SU-10000970,Office Supplies,Supplies,"Elite Box Cutter, Easy Grip"
TEC-PH-10000037,Technology,Phones,"Cisco Signal Booster, Cordless"
OFF-SU-10001066,Office Supplies,Supplies,"Acme Letter Opener, Steel"
OFF-AR-10002153,Office Supplies,Art,"Sanford Pens, Fluorescent"
OFF-SME-10004323,Office Supplies,Labels,"Smead Legal Exhibit Labels, 5000 Label Set"
TEC-MA-10004603,Technology,Machines,"Okidata Printer, Durable"
TEC-MA-10003390,Technology,Machines,"Okidata Printer, Durable"
OFF-GLO-10001127,Office Supplies,Envelopes,"GlobeWeis Business Envelopes, Set of 50"
FUR-BO-10000616,Furniture,Bookcases,"Dania Corner Shelving, Pine"
FUR-ADV-10000002,Furniture,Furnishings,"Advantus Photo Frame, Duo Pack"
OFF-ST-10003455,Office Supplies,Storage,"Tenex File Box, Personal Filing Tote with Lid, Black"
OFF-AR-10001988,Office Supplies,Art,Bulldog Table or Wall-Mount Pencil Sharpener
OFF-AR-10000543,Office Supplies,Art,"BIC Pencil Sharpener, Fluorescent"
FUR-CH-10003771,Furniture,Chairs,"Harbour Creations Steel Folding Chair, Black"
OFF-KRA-10002094,Office Supplies,Envelopes,"Kraft Clasp Envelope, Security-Tint"
TEC-CO-10002617,Technology,Copiers,"Brother Fax Machine, High-Speed"
TEC-HP -10002307,Technology,Copiers,"HP Fax and Copier, Laser"
OFF-FA-10000136,Office Supplies,Fasteners,"Accos Paper Clips, Assorted Sizes"
TEC-CO-10004202,Technology,Copiers,Brother DCP1000 Digital 3 in 1 Multifunction Machine
OFF-PA-10004451,Office Supplies,Paper,Xerox 222
OFF-EN-10003550,Office Supplies,Envelopes,"Ames Mailers, Set of 50"
TEC-AC-10001772,Technology,Accessories,Memorex Mini Travel Drive 16 GB USB 2.0 Flash Drive
OFF-ST-10000885,Office Supplies,Storage,Fellowes Desktop Hanging File Manager
OFF-EAT-10002463,Office Supplies,Paper,"Eaton Computer Printout Paper, Premium"
TEC-AC-10000376,Technology,Accessories,"Memorex Router, Bluetooth"
OFF-AP-10000023,Office Supplies,Appliances,"Breville Toaster, Black"
TEC-PH-10000458,Technology,Phones,"Nokia Office Telephone, Full Size"
OFF-BI-10003975,Office Supplies,Binders,"Cardinal Index Tab, Durable"
FUR-FU-10004064,Furniture,Furnishings,"Rubbermaid Door Stop, Erganomic"
OFF-FA-10002652,Office Supplies,Fasteners,"Stockwell Staples, Bulk Pack"
FUR-TA-10000347,Furniture,Tables,"Hon Computer Table, Adjustable Height"
OFF-ST-10000210,Office Supplies,Storage,"Tenex Lockers, Wire Frame"
OFF-LA-10000648,Office Supplies,Labels,"Harbour Creations Round Labels, Alphabetical"
FUR-CH-10003973,Furniture,Chairs,GuestStacker Chair with Chrome Finish Legs
TEC-AC-10003851,Technology,Accessories,"Memorex Keyboard, Bluetooth"
TEC-AC-10002738,Technology,Accessories,"Belkin Memory Card, Programmable"
TEC-OKI-10000794,Technology,Machines,"Okidata Calculator, White"
TEC-MA-10002263,Technology,Machines,"Panasonic Inkjet, White"
OFF-AP-10000663,Office Supplies,Appliances,"Hoover Stove, Red"
OFF-EN-10000056,Office Supplies,Envelopes,"Ames Manila Envelope, Security-Tint"
OFF-PA-10000232,Office Supplies,Paper,Xerox 1975
TEC-ENE-10000817,Technology,Accessories,"Enermax Mouse, USB"
OFF-SME-10003033,Office Supplies,Storage,"Smead Trays, Industrial"
FUR-FU-10004811,Furniture,Furnishings,"Eldon Door Stop, Erganomic"
OFF-LA-10001942,Office Supplies,Labels,"Novimex Shipping Labels, 5000 Label Set"
OFF-LA-10002401,Office Supplies,Labels,"Avery Shipping Labels, Laser Printer Compatible"
OFF-FA-10002226,Office Supplies,Fasteners,"Stockwell Thumb Tacks, Metal"
OFF-AP-10000977,Office Supplies,Appliances,"Breville Blender, White"
TEC-KON-10003116,Technology,Machines,"Konica Receipt Printer, Red"
OFF-ST-10000095,Office Supplies,Storage,"Fellowes File Cart, Industrial"
FUR-CH-10000430,Furniture,Chairs,"SAFCO Swivel Stool, Red"
OFF-AP-10000027,Office Supplies,Appliances,Hoover Commercial SteamVac
TEC-MA-10004502,Technology,Machines,"Epson Inkjet, Wireless"
OFF-EN-10002855,Office Supplies,Envelopes,"Kraft Interoffice Envelope, Security-Tint"
FUR-FU-10001142,Furniture,Furnishings,"Deflect-O Clock, Black"
TEC-PH-10002076,Technology,Phones,"Samsung Audio Dock, Full Size"
FUR-SAF-10001873,Furniture,Chairs,"SAFCO Bag Chairs, Set of Two"
OFF-STI-10000388,Office Supplies,Supplies,"Stiletto Scissors, Serrated"
OFF-AR-10001525,Office Supplies,Art,"Stanley Highlighters, Blue"
FUR-CH-10003616,Furniture,Chairs,"Novimex Executive Leather Armchair, Adjustable"
TEC-EPS-10002958,Technology,Machines,"Epson Receipt Printer, Wireless"
TEC-SHA-10001976,Technology,Copiers,"Sharp Ink, High-Speed"
TEC-CO-10001589,Technology,Copiers,"Hewlett Wireless Fax, Digital"
FUR-TA-10001113,Furniture,Tables,"Barricks Training Table, Fully Assembled"
TEC-HEW-10002304,Technology,Copiers,"Hewlett Fax Machine, High-Speed"
OFF-ELD-10001694,Office Supplies,Storage,"Eldon File Cart, Single Width"
OFF-ST-10004432,Office Supplies,Storage,"Fellowes Folders, Blue"
OFF-TEN-10000766,Office Supplies,Storage,"Tenex Folders, Industrial"
OFF-AR-10001002,Office Supplies,Art,"BIC Sketch Pad, Fluorescent"
OFF-SU-10002627,Office Supplies,Supplies,"Kleencut Scissors, Serrated"
OFF-FA-10003994,Office Supplies,Fasteners,"Stockwell Paper Clips, Metal"
FUR-TA-10004484,Furniture,Tables,"Barricks Wood Table, Adjustable Height"
FUR-BO-10004316,Furniture,Bookcases,"Bush 3-Shelf Cabinet, Pine"
FUR-SAF-10002400,Furniture,Bookcases,"Safco Corner Shelving, Metal"
OFF-AP-10001041,Office Supplies,Appliances,"Hoover Stove, White"
TEC-KON-10002482,Technology,Machines,"Konica Phone, Red"
FUR-FU-10001130,Furniture,Furnishings,"Rubbermaid Stacking Tray, Erganomic"
OFF-LA-10002972,Office Supplies,Labels,"Avery File Folder Labels, Alphabetical"
OFF-FA-10000936,Office Supplies,Fasteners,Acco Hot Clips Clips to Go
FUR-TA-10004132,Furniture,Tables,"Bevis Coffee Table, with Bottom Storage"
OFF-PA-10000697,Office Supplies,Paper,"TOPS Voice Message Log Book, Flash Format"
OFF-AP-10004964,Office Supplies,Appliances,"Hoover Stove, White"
OFF-STO-10002042,Office Supplies,Fasteners,"Stockwell Staples, Metal"
OFF-LA-10003381,Office Supplies,Labels,"Harbour Creations Color Coded Labels, Alphabetical"
OFF-ST-10003858,Office Supplies,Storage,"Fellowes File Cart, Single Width"
TEC-MA-10000606,Technology,Machines,"Okidata Printer, White"
FUR-FU-10004096,Furniture,Furnishings,"Deflect-O Light Bulb, Erganomic"
TEC-AC-10001266,Technology,Accessories,Memorex Micro Travel Drive 8 GB
OFF-SU-10002189,Office Supplies,Supplies,"Fiskars Shears, Easy Grip"
FUR-CH-10000603,Furniture,Chairs,"Hon Bag Chairs, Red"
OFF-ACC-10004692,Office Supplies,Binders,"Acco 3-Hole Punch, Recycled"
FUR-BO-10002812,Furniture,Bookcases,"Sauder 3-Shelf Cabinet, Pine"
OFF-LA-10002123,Office Supplies,Labels,"Smead Legal Exhibit Labels, Alphabetical"
FUR-BO-10000411,Furniture,Bookcases,"Sauder Floating Shelf Set, Metal"
OFF-SU-10001535,Office Supplies,Supplies,"Stiletto Trimmer, Easy Grip"
TEC-MA-10001695,Technology,Machines,Zebra GK420t Direct Thermal/Thermal Transfer Printer
OFF-BI-10003719,Office Supplies,Binders,Large Capacity Hanging Post Binders
FUR-TA-10002356,Furniture,Tables,Bevis Boat-Shaped Conference Table
TEC-CIS-10000351,Technology,Phones,"Cisco Signal Booster, Cordless"
FUR-SAF-10002180,Furniture,Chairs,"SAFCO Executive Leather Armchair, Red"
OFF-LA-10004777,Office Supplies,Labels,"Smead Shipping Labels, 5000 Label Set"
OFF-ST-10004793,Office Supplies,Storage,"Tenex File Cart, Industrial"
FUR-FU-10003664,Furniture,Furnishings,"Tenex Frame, Erganomic"
OFF-ST-10001335,Office Supplies,Storage,"Tenex Trays, Blue"
OFF-BI-10004195,Office Supplies,Binders,"Ibico Binder Covers, Durable"
OFF-ST-10002615,Office Supplies,Storage,"Dual Level, Single-Width Filing Carts"
OFF-EN-10000114,Office Supplies,Envelopes,"Kraft Clasp Envelope, Security-Tint"
OFF-SAN-10001546,Office Supplies,Paper,"SanDisk Computer Printout Paper, Recycled"
TEC-SAN-10000740,Technology,Accessories,"SanDisk Numeric Keypad, Bluetooth"
FUR-BO-10004565,Furniture,Bookcases,"Sauder Corner Shelving, Traditional"
TEC-PH-10004618,Technology,Phones,"Motorola Signal Booster, Cordless"
OFF-BIC-10003800,Office Supplies,Art,"BIC Pencil Sharpener, Blue"
OFF-BI-10004534,Office Supplies,Binders,"Wilson Jones Binding Machine, Recycled"
OFF-EN-10003636,Office Supplies,Envelopes,"Jiffy Peel and Seal, Security-Tint"
OFF-FA-10000577,Office Supplies,Fasteners,"Stockwell Push Pins, 12 Pack"
OFF-EN-10000383,Office Supplies,Envelopes,"Kraft Business Envelopes, Recycled"
FUR-FU-10002960,Furniture,Furnishings,"Eldon 200 Class Desk Accessories, Burgundy"
FUR-BO-10001646,Furniture,Bookcases,"Safco Corner Shelving, Metal"
FUR-SAF-10004252,Furniture,Chairs,"SAFCO Executive Leather Armchair, Adjustable"
OFF-NOV-10004048,Office Supplies,Labels,"Novimex Legal Exhibit Labels, 5000 Label Set"
OFF-LA-10001092,Office Supplies,Labels,"Harbour Creations Removable Labels, Adjustable"
OFF-PA-10002947,Office Supplies,Paper,Xerox 1923
OFF-IBI-10000959,Office Supplies,Binders,"Ibico Binding Machine, Recycled"
OFF-ST-10001458,Office Supplies,Storage,"Rogers Folders, Blue"
OFF-ACC-10001028,Office Supplies,Fasteners,"Accos Push Pins, Metal"
FUR-BO-10003022,Furniture,Bookcases,"Dania 3-Shelf Cabinet, Metal"
OFF-LA-10004745,Office Supplies,Labels,"Harbour Creations Shipping Labels, Adjustable"
OFF-EN-10003689,Office Supplies,Envelopes,"Kraft Business Envelopes, Security-Tint"
TEC-PH-10000347,Technology,Phones,Cush Cases Heavy Duty Rugged Cover Case for Samsung Galaxy S5 - Purple
TEC-LOG-10003254,Technology,Accessories,"Logitech Keyboard, Programmable"
OFF-ST-10000580,Office Supplies,Storage,"Fellowes Trays, Industrial"
OFF-BI-10000721,Office Supplies,Binders,"Ibico Binder Covers, Recycled"
OFF-AR-10004881,Office Supplies,Art,"Stanley Sketch Pad, Blue"
FUR-TA-10000927,Furniture,Tables,"Bevis Conference Table, Fully Assembled"
OFF-SU-10002934,Office Supplies,Supplies,"Elite Shears, Serrated"
OFF-EN-10004909,Office Supplies,Envelopes,"GlobeWeis Peel and Seal, Recycled"
OFF-PA-10000924,Office Supplies,Paper,"Green Bar Message Books, Multicolor"
TEC-CO-10004929,Technology,Copiers,"Canon Personal Copier, Color"
OFF-PA-10004930,Office Supplies,Paper,"Xerox Note Cards, Recycled"
OFF-JIF-10000375,Office Supplies,Envelopes,"Jiffy Mailers, Set of 50"
OFF-SU-10003211,Office Supplies,Supplies,"Acme Ruler, Steel"
TEC-PH-10000036,Technology,Phones,"Nokia Smart Phone, Full Size"
OFF-EN-10003630,Office Supplies,Envelopes,"GlobeWeis Business Envelopes, Set of 50"
OFF-BI-10001984,Office Supplies,Binders,"Ibico Binding Machine, Economy"
OFF-BI-10000482,Office Supplies,Binders,"Acco 3-Hole Punch, Recycled"
OFF-AP-10000039,Office Supplies,Appliances,"Breville Coffee Grinder, Silver"
OFF-NOV-10004671,Office Supplies,Labels,"Novimex Removable Labels, 5000 Label Set"
OFF-SAN-10004618,Office Supplies,Paper,"SanDisk Memo Slips, Recycled"
FUR-CH-10004736,Furniture,Chairs,"Novimex Bag Chairs, Adjustable"
OFF-BI-10002935,Office Supplies,Binders,"Wilson Jones Binder, Clear"
FUR-DEF-10003551,Furniture,Furnishings,"Deflect-O Photo Frame, Erganomic"
OFF-ST-10001414,Office Supplies,Storage,"Rogers Lockers, Wire Frame"
OFF-ST-10001326,Office Supplies,Storage,"Tenex Shelving, Single Width"
OFF-SU-10004498,Office Supplies,Supplies,Martin-Yale Premier Letter Opener
FUR-CH-10002061,Furniture,Chairs,"Harbour Creations Executive Leather Armchair, Red"
FUR-BO-10000891,Furniture,Bookcases,"Ikea Classic Bookcase, Pine"
OFF-AP-10003298,Office Supplies,Appliances,"KitchenAid Coffee Grinder, Black"
TEC-MA-10002135,Technology,Machines,"Epson Printer, White"
TEC-PH-10004635,Technology,Phones,"Samsung Office Telephone, with Caller ID"
TEC-CO-10004325,Technology,Copiers,"Canon Personal Copier, Laser"
OFF-ACC-10004430,Office Supplies,Fasteners,"Accos Rubber Bands, 12 Pack"
OFF-KIT-10004732,Office Supplies,Appliances,"KitchenAid Blender, Silver"
FUR-FU-10000135,Furniture,Furnishings,"Tenex Photo Frame, Black"
TEC-AC-10000171,Technology,Accessories,"Verbatim 25 GB 6x Blu-ray Single Layer Recordable Disc, 25/Pack"
FUR-CHR-10002278,Furniture,Tables,"Chromcraft Round Table, Adjustable Height"
OFF-BI-10000145,Office Supplies,Binders,Zipper Ring Binder Pockets
OFF-ST-10003997,Office Supplies,Storage,"Fellowes File Cart, Industrial"
OFF-KIT-10003990,Office Supplies,Appliances,"KitchenAid Toaster, Silver"
OFF-SME-10000258,Office Supplies,Labels,"Smead Removable Labels, 5000 Label Set"
TEC-CO-10001933,Technology,Copiers,"HP Fax Machine, High-Speed"
FUR-CH-10002780,Furniture,Chairs,"Office Star Executive Leather Armchair, Black"
OFF-LA-10004495,Office Supplies,Labels,"Novimex Round Labels, Alphabetical"
OFF-AVE-10003558,Office Supplies,Labels,"Avery Round Labels, Alphabetical"
OFF-AP-10000437,Office Supplies,Appliances,"KitchenAid Refrigerator, Red"
TEC-PH-10000675,Technology,Phones,Panasonic KX TS3282B Corded phone
FUR-FU-10004509,Furniture,Furnishings,"Advantus Door Stop, Duo Pack"
TEC-AC-10003198,Technology,Accessories,Enermax Acrylux Wireless Keyboard
OFF-GRE-10003899,Office Supplies,Paper,"Green Bar Cards & Envelopes, Recycled"
FUR-BO-10003185,Furniture,Bookcases,"Ikea Floating Shelf Set, Metal"
OFF-EN-10003577,Office Supplies,Envelopes,"GlobeWeis Manila Envelope, with clear poly window"
OFF-AP-10004487,Office Supplies,Appliances,Kensington 4 Outlet MasterPiece Compact Power Control Center
OFF-SU-10002419,Office Supplies,Supplies,"Fiskars Letter Opener, Easy Grip"
OFF-PA-10000157,Office Supplies,Paper,Xerox 191
OFF-SU-10001877,Office Supplies,Supplies,"Elite Ruler, High Speed"
OFF-FA-10001337,Office Supplies,Fasteners,"Stockwell Staples, Assorted Sizes"
FUR-TA-10001433,Furniture,Tables,"Barricks Coffee Table, Adjustable Height"
OFF-ADV-10004274,Office Supplies,Fasteners,"Advantus Thumb Tacks, Metal"
OFF-XER-10003104,Office Supplies,Paper,"Xerox Memo Slips, Recycled"
OFF-BI-10003655,Office Supplies,Binders,Durable Pressboard Binders
TEC-APP-10004296,Technology,Phones,"Apple Speaker Phone, Full Size"
OFF-FA-10002015,Office Supplies,Fasteners,"Stockwell Push Pins, 12 Pack"
OFF-SU-10003866,Office Supplies,Supplies,"Acme Ruler, Easy Grip"
FUR-BO-10003913,Furniture,Bookcases,"Safco Stackable Bookrack, Pine"
OFF-ACC-10002680,Office Supplies,Binders,"Acco Binding Machine, Recycled"
OFF-ST-10002471,Office Supplies,Storage,"Smead Lockers, Single Width"
FUR-TA-10002582,Furniture,Tables,"Barricks Coffee Table, Rectangular"
TEC-AC-10000639,Technology,Accessories,"Belkin Router, Bluetooth"
TEC-PH-10004830,Technology,Phones,Pyle PRT45 Retro Home Telephone
OFF-AR-10000122,Office Supplies,Art,Newell 314
TEC-CO-10000679,Technology,Copiers,"Hewlett Personal Copier, High-Speed"
FUR-BEV-10000326,Furniture,Tables,"Bevis Wood Table, Rectangular"
FUR-CH-10004007,Furniture,Chairs,"SAFCO Steel Folding Chair, Set of Two"
TEC-MA-10003979,Technology,Machines,Ativa V4110MDD Micro-Cut Shredder
OFF-SU-10001891,Office Supplies,Supplies,"Acme Ruler, Easy Grip"
TEC-PH-10000158,Technology,Phones,"Apple Signal Booster, VoIP"
OFF-EN-10003845,Office Supplies,Envelopes,Colored Envelopes
OFF-KLE-10001644,Office Supplies,Supplies,"Kleencut Trimmer, Steel"
FUR-FU-10002422,Furniture,Furnishings,"Eldon Photo Frame, Duo Pack"
FUR-OFF-10001661,Furniture,Chairs,"Office Star Chairmat, Red"
TEC-LOG-10002262,Technology,Accessories,"Logitech Flash Drive, Bluetooth"
TEC-AC-10000221,Technology,Accessories,"Belkin Memory Card, Programmable"
OFF-ST-10004473,Office Supplies,Storage,"Tenex Trays, Wire Frame"
TEC-AC-10003367,Technology,Accessories,"Enermax Memory Card, Programmable"
FUR-FU-10003799,Furniture,Furnishings,"Seth Thomas 13 1/2"" Wall Clock"
OFF-SU-10003082,Office Supplies,Supplies,"Acme Box Cutter, Easy Grip"
OFF-EN-10000061,Office Supplies,Envelopes,"Jiffy Clasp Envelope, Security-Tint"
FUR-TA-10001889,Furniture,Tables,Bush Advantage Collection Racetrack Conference Table
OFF-CUI-10003665,Office Supplies,Appliances,"Cuisinart Blender, Red"
OFF-BI-10001525,Office Supplies,Binders,"Acco Pressboard Covers with Storage Hooks, 14 7/8"" x 11"", Executive Red"
OFF-BI-10002287,Office Supplies,Binders,"Acco Index Tab, Clear"
OFF-AP-10001805,Office Supplies,Appliances,"KitchenAid Toaster, Silver"
TEC-AC-10000494,Technology,Accessories,"Logitech Numeric Keypad, USB"
OFF-BI-10002897,Office Supplies,Binders,"Black Avery Memo-Size 3-Ring Binder, 5 1/2"" x 8 1/2"""
OFF-TEN-10000794,Office Supplies,Storage,"Tenex Shelving, Wire Frame"
OFF-TEN-10000025,Office Supplies,Storage,"Tenex Lockers, Blue"
OFF-EN-10002736,Office Supplies,Envelopes,"Cameo Clasp Envelope, with clear poly window"
FUR-BO-10002866,Furniture,Bookcases,"Safco Classic Bookcase, Pine"
OFF-AP-10001955,Office Supplies,Appliances,"Hoover Microwave, White"
OFF-PA-10003338,Office Supplies,Paper,"Enermax Parchment Paper, Recycled"
TEC-AC-10001756,Technology,Accessories,"Memorex Numeric Keypad, USB"
FUR-TA-10004308,Furniture,Tables,"Lesro Wood Table, Adjustable Height"
OFF-AR-10000814,Office Supplies,Art,"Binney & Smith Canvas, Fluorescent"
TEC-AC-10004145,Technology,Accessories,Logitech diNovo Edge Keyboard
OFF-AME-10002081,Office Supplies,Envelopes,"Ames Peel and Seal, Security-Tint"
TEC-MA-10000317,Technology,Machines,"StarTech Receipt Printer, Red"
OFF-BI-10001138,Office Supplies,Binders,"Acco 3-Hole Punch, Clear"
OFF-PA-10002248,Office Supplies,Paper,"Green Bar Memo Slips, 8.5 x 11"
OFF-LA-10002381,Office Supplies,Labels,Avery 497
FUR-CH-10002207,Furniture,Chairs,"Hon Chairmat, Set of Two"
TEC-MA-10004143,Technology,Machines,"Konica Calculator, Wireless"
OFF-BIC-10003575,Office Supplies,Art,"BIC Markers, Easy-Erase"
TEC-PH-10003072,Technology,Phones,Panasonic KX-TG9541B DECT 6.0 Digital 2-Line Expandable Cordless Phone With Digital Answering System
TEC-PH-10001478,Technology,Phones,"Nokia Headset, Full Size"
FUR-FU-10000718,Furniture,Furnishings,"Tenex Stacking Tray, Erganomic"
FUR-BEV-10001048,Furniture,Tables,"Bevis Conference Table, with Bottom Storage"
OFF-LA-10000276,Office Supplies,Labels,"Smead File Folder Labels, 5000 Label Set"
OFF-WIL-10001801,Office Supplies,Binders,"Wilson Jones 3-Hole Punch, Economy"
OFF-PA-10003744,Office Supplies,Paper,"Green Bar Parchment Paper, Multicolor"
OFF-BI-10004666,Office Supplies,Binders,"Wilson Jones Binding Machine, Durable"
TEC-SAN-10003336,Technology,Accessories,"SanDisk Numeric Keypad, Erganomic"
OFF-FA-10003596,Office Supplies,Fasteners,"Stockwell Push Pins, Bulk Pack"
TEC-CO-10002657,Technology,Copiers,"Canon Copy Machine, High-Speed"
OFF-FA-10003929,Office Supplies,Fasteners,"Accos Rubber Bands, 12 Pack"
OFF-SU-10004822,Office Supplies,Supplies,"Acme Letter Opener, Serrated"
TEC-AC-10000991,Technology,Accessories,Sony Micro Vault Click 8 GB USB 2.0 Flash Drive
TEC-AC-10000097,Technology,Accessories,"Belkin Mouse, Programmable"
OFF-AR-10001118,Office Supplies,Art,"Binney & Smith Crayola Metallic Crayons, 16-Color Pack"
FUR-BO-10000655,Furniture,Bookcases,"Dania Classic Bookcase, Traditional"
OFF-AR-10001645,Office Supplies,Art,"Boston Pens, Blue"
OFF-ST-10003648,Office Supplies,Storage,"Smead Folders, Wire Frame"
OFF-BI-10002301,Office Supplies,Binders,"Cardinal Hole Reinforcements, Economy"
OFF-BI-10000474,Office Supplies,Binders,Avery Recycled Flexi-View Covers for Binding Systems
OFF-PA-10001471,Office Supplies,Paper,Strathmore Photo Frame Cards
FUR-FU-10003046,Furniture,Furnishings,"Advantus Photo Frame, Durable"
FUR-CH-10000656,Furniture,Chairs,"Hon Swivel Stool, Adjustable"
OFF-TEN-10003148,Office Supplies,Storage,"Tenex Lockers, Single Width"
FUR-BO-10004327,Furniture,Bookcases,"Bush 3-Shelf Cabinet, Mobile"
OFF-FA-10003631,Office Supplies,Fasteners,"Advantus Paper Clips, Metal"
TEC-PH-10003095,Technology,Phones,Samsung HM1900 Bluetooth Headset
FUR-TA-10001307,Furniture,Tables,"SAFCO PlanMaster Heigh-Adjustable Drafting Table Base, 43w x 30d x 30-37h, Black"
TEC-EPS-10001651,Technology,Machines,"Epson Phone, White"
FUR-FU-10004306,Furniture,Furnishings,Electrix Halogen Magnifier Lamp
OFF-AR-10001954,Office Supplies,Art,Newell 331
TEC-STA-10004834,Technology,Machines,"StarTech Receipt Printer, Red"
OFF-ACM-10002816,Office Supplies,Supplies,"Acme Letter Opener, Steel"
TEC-MA-10001358,Technology,Machines,"StarTech Phone, Wireless"
OFF-ST-10003344,Office Supplies,Storage,"Rogers Folders, Blue"
OFF-AR-10001030,Office Supplies,Art,"Sanford Markers, Easy-Erase"
OFF-EN-10001751,Office Supplies,Envelopes,"GlobeWeis Mailers, Set of 50"
TEC-CO-10004267,Technology,Copiers,"Brother Ink, Laser"
FUR-DAN-10002167,Furniture,Bookcases,"Dania Library with Doors, Mobile"
OFF-EN-10000761,Office Supplies,Envelopes,"Jiffy Peel and Seal, with clear poly window"
FUR-CH-10004609,Furniture,Chairs,"Harbour Creations Steel Folding Chair, Adjustable"
FUR-BO-10001393,Furniture,Bookcases,"Safco 3-Shelf Cabinet, Pine"
OFF-LA-10004312,Office Supplies,Labels,"Hon File Folder Labels, Laser Printer Compatible"
OFF-BI-10001820,Office Supplies,Binders,"Wilson Jones Binding Machine, Durable"
FUR-CH-10002435,Furniture,Chairs,"Novimex Executive Leather Armchair, Black"
TEC-CO-10002817,Technology,Copiers,"Sharp Fax and Copier, Digital"
OFF-KLE-10002340,Office Supplies,Supplies,"Kleencut Shears, Easy Grip"
OFF-SU-10004794,Office Supplies,Supplies,"Stiletto Shears, Steel"
OFF-AR-10003481,Office Supplies,Art,Newell 348
FUR-CH-10001695,Furniture,Chairs,"Harbour Creations Chairmat, Set of Two"
OFF-ST-10003159,Office Supplies,Storage,"Smead Trays, Single Width"
OFF-PA-10003359,Office Supplies,Paper,"Eaton Cards & Envelopes, 8.5 x 11"
OFF-GLO-10003650,Office Supplies,Envelopes,"GlobeWeis Mailers, with clear poly window"
OFF-SU-10000255,Office Supplies,Supplies,"Elite Box Cutter, High Speed"
FUR-CH-10002316,Furniture,Chairs,"Harbour Creations Bag Chairs, Red"
OFF-BOS-10000477,Office Supplies,Art,"Boston Canvas, Blue"
OFF-SU-10001886,Office Supplies,Supplies,"Acme Box Cutter, Serrated"
FUR-TA-10000299,Furniture,Tables,"Lesro Round Table, Adjustable Height"
TEC-AC-10000007,Technology,Accessories,"SanDisk Router, USB"
OFF-ST-10000752,Office Supplies,Storage,"Fellowes File Cart, Wire Frame"
OFF-AP-10004627,Office Supplies,Appliances,"Hamilton Beach Stove, Silver"
TEC-BEL-10000696,Technology,Accessories,"Belkin Mouse, Programmable"
OFF-AR-10002055,Office Supplies,Art,"Binney & Smith Markers, Blue"
FUR-CH-10000660,Furniture,Chairs,"Novimex Executive Leather Armchair, Adjustable"
OFF-PA-10002363,Office Supplies,Paper,"Eaton Message Books, Recycled"
OFF-PA-10001733,Office Supplies,Paper,"Xerox Memo Slips, Recycled"
OFF-EN-10001993,Office Supplies,Envelopes,"GlobeWeis Manila Envelope, Set of 50"
OFF-AVE-10002892,Office Supplies,Binders,"Avery 3-Hole Punch, Recycled"
OFF-PA-10000206,Office Supplies,Paper,"Green Bar Message Books, Recycled"
TEC-PH-10004080,Technology,Phones,Avaya 5410 Digital phone
OFF-FA-10003015,Office Supplies,Fasteners,"Accos Staples, Metal"
OFF-BI-10002894,Office Supplies,Binders,"Avery Binding Machine, Durable"
FUR-SAF-10002112,Furniture,Chairs,"SAFCO Executive Leather Armchair, Set of Two"
TEC-CO-10000786,Technology,Copiers,"Canon Fax Machine, Color"
TEC-BRO-10001568,Technology,Copiers,"Brother Wireless Fax, Digital"
OFF-SU-10003535,Office Supplies,Supplies,"Elite Box Cutter, Easy Grip"
OFF-SU-10004691,Office Supplies,Supplies,"Fiskars Scissors, Serrated"
TEC-PH-10002867,Technology,Phones,"Cisco Smart Phone, with Caller ID"
OFF-PA-10001457,Office Supplies,Paper,White GlueTop Scratch Pads
OFF-LA-10002493,Office Supplies,Labels,"Hon Color Coded Labels, Adjustable"
FUR-CH-10002412,Furniture,Chairs,"Hon Bag Chairs, Black"
FUR-TA-10002650,Furniture,Tables,"Hon Wood Table, with Bottom Storage"
OFF-PA-10002581,Office Supplies,Paper,Xerox 1951
TEC-CO-10001191,Technology,Copiers,"Sharp Wireless Fax, High-Speed"
OFF-PA-10000273,Office Supplies,Paper,"SanDisk Cards & Envelopes, Premium"
FUR-FU-10004074,Furniture,Furnishings,"Advantus Stacking Tray, Erganomic"
OFF-SU-10004462,Office Supplies,Supplies,"Stiletto Scissors, Serrated"
TEC-HP -10004082,Technology,Copiers,"HP Fax and Copier, Digital"
TEC-MA-10004424,Technology,Machines,"Panasonic Phone, Durable"
FUR-BO-10003688,Furniture,Bookcases,"Bush Stackable Bookrack, Pine"
OFF-PA-10003134,Office Supplies,Paper,Xerox 1937
OFF-AP-10001630,Office Supplies,Appliances,"Hamilton Beach Microwave, Black"
OFF-ELD-10000024,Office Supplies,Storage,"Eldon Folders, Blue"
TEC-MA-10003066,Technology,Machines,Wasp CCD Handheld Bar Code Reader
FUR-CH-10001114,Furniture,Chairs,"Hon Chairmat, Set of Two"
FUR-BO-10004681,Furniture,Bookcases,"Ikea Stackable Bookrack, Metal"
OFF-BI-10004080,Office Supplies,Binders,"Wilson Jones 3-Hole Punch, Economy"
OFF-BI-10003638,Office Supplies,Binders,GBC Durable Plastic Covers
TEC-AC-10002370,Technology,Accessories,Maxell CD-R Discs
OFF-ST-10001598,Office Supplies,Storage,"Fellowes Box, Blue"
FUR-CH-10003248,Furniture,Chairs,"SAFCO Bag Chairs, Black"
OFF-PA-10003105,Office Supplies,Paper,"SanDisk Parchment Paper, Premium"
OFF-AR-10004511,Office Supplies,Art,"Sanford Colorific Scented Colored Pencils, 12/Pack"
FUR-TA-10001833,Furniture,Tables,"Bevis Round Table, Fully Assembled"
OFF-BIN-10001257,Office Supplies,Art,"Binney & Smith Sketch Pad, Easy-Erase"
OFF-BI-10001124,Office Supplies,Binders,"Ibico Binder Covers, Clear"
TEC-EPS-10004328,Technology,Machines,"Epson Printer, Durable"
OFF-AR-10003377,Office Supplies,Art,"Boston Pencil Sharpener, Easy-Erase"
TEC-CIS-10001877,Technology,Phones,"Cisco Office Telephone, with Caller ID"
FUR-CH-10002819,Furniture,Chairs,"SAFCO Chairmat, Red"
TEC-PH-10003646,Technology,Phones,"Nokia Audio Dock, Full Size"
FUR-BO-10002444,Furniture,Bookcases,"Sauder Library with Doors, Mobile"
OFF-FA-10000487,Office Supplies,Fasteners,"Stockwell Paper Clips, Bulk Pack"
FUR-BO-10001875,Furniture,Bookcases,"Bush Library with Doors, Mobile"
TEC-PH-10002647,Technology,Phones,"Nokia Headset, VoIP"
OFF-KIT-10004058,Office Supplies,Appliances,"KitchenAid Stove, White"
OFF-ENE-10004377,Office Supplies,Paper,"Enermax Note Cards, 8.5 x 11"
OFF-FA-10000248,Office Supplies,Fasteners,"Stockwell Rubber Bands, Assorted Sizes"
OFF-BI-10000136,Office Supplies,Binders,"Ibico Index Tab, Durable"
OFF-PA-10002862,Office Supplies,Paper,"Green Bar Message Books, Recycled"
FUR-FU-10004666,Furniture,Furnishings,DAX Clear Channel Poster Frame
OFF-SU-10003221,Office Supplies,Supplies,"Acme Trimmer, Easy Grip"
OFF-PA-10001620,Office Supplies,Paper,"SanDisk Memo Slips, Recycled"
TEC-AC-10004791,Technology,Accessories,"Belkin Keyboard, USB"
OFF-SU-10001935,Office Supplies,Supplies,Staples
TEC-MA-10003326,Technology,Machines,"StarTech Calculator, Durable"
OFF-BI-10003981,Office Supplies,Binders,"Avery Durable Plastic 1"" Binders"
FUR-CH-10001051,Furniture,Chairs,"Hon Chairmat, Red"
OFF-BI-10004654,Office Supplies,Binders,VariCap6 Expandable Binder
FUR-FU-10002963,Furniture,Furnishings,"Master Caster Door Stop, Gray"
FUR-FU-10001657,Furniture,Furnishings,"Deflect-O Frame, Erganomic"
TEC-MA-10000711,Technology,Machines,"StarTech Receipt Printer, Durable"
OFF-SU-10002230,Office Supplies,Supplies,"Fiskars Trimmer, Serrated"
OFF-BI-10001723,Office Supplies,Binders,"Avery Binder, Clear"
OFF-LA-10002596,Office Supplies,Labels,"Harbour Creations Round Labels, Laser Printer Compatible"
OFF-LA-10003714,Office Supplies,Labels,Avery 510
OFF-LA-10004058,Office Supplies,Labels,"Hon Legal Exhibit Labels, 5000 Label Set"
OFF-AR-10000676,Office Supplies,Art,"Sanford Markers, Blue"
OFF-PA-10004983,Office Supplies,Paper,Xerox 23
FUR-TA-10000403,Furniture,Tables,"Barricks Wood Table, Adjustable Height"
OFF-LA-10000321,Office Supplies,Labels,"Novimex Color Coded Labels, Adjustable"
OFF-PA-10002944,Office Supplies,Paper,"SanDisk Parchment Paper, Recycled"
OFF-BI-10004995,Office Supplies,Binders,GBC DocuBind P400 Electric Binding System
OFF-AP-10000900,Office Supplies,Appliances,"Cuisinart Coffee Grinder, White"
TEC-PH-10001990,Technology,Phones,"Cisco Smart Phone, Full Size"
OFF-FA-10003213,Office Supplies,Fasteners,"Stockwell Paper Clips, Assorted Sizes"
OFF-PA-10001576,Office Supplies,Paper,"Eaton Memo Slips, Multicolor"
TEC-PH-10003655,Technology,Phones,Sannysis Cute Owl Design Soft Skin Case Cover for Samsung Galaxy S4
OFF-BI-10000724,Office Supplies,Binders,"Avery Hole Reinforcements, Recycled"
OFF-SAN-10004288,Office Supplies,Art,"Sanford Sketch Pad, Blue"
FUR-BO-10002682,Furniture,Bookcases,"Safco Stackable Bookrack, Mobile"
FUR-LES-10002613,Furniture,Tables,"Lesro Wood Table, Rectangular"
TEC-MA-10002941,Technology,Machines,"Okidata Card Printer, Red"
TEC-AC-10004604,Technology,Accessories,"SanDisk Mouse, Bluetooth"
OFF-LA-10004178,Office Supplies,Labels,Avery 491
TEC-CO-10002769,Technology,Copiers,"HP Fax Machine, Digital"
OFF-SU-10002002,Office Supplies,Supplies,"Fiskars Scissors, Steel"
FUR-TA-10002611,Furniture,Tables,"Barricks Computer Table, with Bottom Storage"
TEC-AC-10003861,Technology,Accessories,"Enermax Keyboard, Erganomic"
OFF-SU-10002466,Office Supplies,Supplies,"Elite Shears, Easy Grip"
OFF-AR-10001190,Office Supplies,Art,"Boston Canvas, Easy-Erase"
OFF-EN-10000788,Office Supplies,Envelopes,"Cameo Peel and Seal, Set of 50"
FUR-CH-10003180,Furniture,Chairs,"Novimex Steel Folding Chair, Adjustable"
TEC-PH-10004570,Technology,Phones,"Apple Speaker Phone, Cordless"
FUR-TA-10001360,Furniture,Tables,"Bevis Round Table, Rectangular"
OFF-AR-10004009,Office Supplies,Art,"Boston Highlighters, Easy-Erase"
FUR-HON-10000029,Furniture,Chairs,"Hon Bag Chairs, Black"
FUR-BUS-10004475,Furniture,Bookcases,"Bush Floating Shelf Set, Traditional"
TEC-PH-10000169,Technology,Phones,"Apple Smart Phone, with Caller ID"
TEC-CO-10004191,Technology,Copiers,"HP Ink, Laser"
TEC-AC-10000394,Technology,Accessories,"Belkin Numeric Keypad, Bluetooth"
OFF-SU-10004496,Office Supplies,Supplies,"Kleencut Scissors, Easy Grip"
TEC-AC-10004709,Technology,Accessories,"Logitech Flash Drive, USB"
OFF-EN-10001832,Office Supplies,Envelopes,"Ames Mailers, with clear poly window"
FUR-LES-10004886,Furniture,Tables,"Lesro Conference Table, Fully Assembled"
OFF-AP-10002222,Office Supplies,Appliances,Staples
OFF-FA-10004395,Office Supplies,Fasteners,Plymouth Boxed Rubber Bands by Plymouth
FUR-FU-10003274,Furniture,Furnishings,Regeneration Desk Collection
OFF-FA-10001783,Office Supplies,Fasteners,"Stockwell Rubber Bands, Metal"
OFF-STO-10004302,Office Supplies,Fasteners,"Stockwell Paper Clips, Bulk Pack"
OFF-LA-10001169,Office Supplies,Labels,"Harbour Creations Round Labels, Laser Printer Compatible"
OFF-OIC-10002266,Office Supplies,Fasteners,"OIC Staples, 12 Pack"
FUR-FU-10001876,Furniture,Furnishings,"Computer Room Manger, 14"""
TEC-AC-10000086,Technology,Accessories,"Logitech Mouse, USB"
OFF-HON-10000172,Office Supplies,Labels,"Hon File Folder Labels, Alphabetical"
TEC-MEM-10004014,Technology,Accessories,"Memorex Router, Bluetooth"
OFF-LA-10004538,Office Supplies,Labels,"Harbour Creations Legal Exhibit Labels, Laser Printer Compatible"
TEC-ENE-10004509,Technology,Accessories,"Enermax Router, Programmable"
FUR-CH-10002317,Furniture,Chairs,Global Enterprise Series Seating Low-Back Swivel/Tilt Chairs
OFF-SU-10003749,Office Supplies,Supplies,"Fiskars Box Cutter, Easy Grip"
OFF-BI-10001890,Office Supplies,Binders,Avery Poly Binder Pockets
TEC-PH-10002387,Technology,Phones,"Motorola Signal Booster, Cordless"
OFF-BI-10000168,Office Supplies,Binders,"Cardinal Hole Reinforcements, Recycled"
TEC-MA-10004693,Technology,Machines,"Panasonic Calculator, White"
TEC-CO-10003342,Technology,Copiers,"Canon Fax Machine, High-Speed"
OFF-BI-10004440,Office Supplies,Binders,"Cardinal Binder, Economy"
FUR-BO-10001233,Furniture,Bookcases,"Ikea 3-Shelf Cabinet, Mobile"
TEC-AC-10001904,Technology,Accessories,"Logitech Mouse, Bluetooth"
OFF-AR-10001291,Office Supplies,Art,"Sanford Canvas, Fluorescent"
FUR-BO-10004408,Furniture,Bookcases,"Dania Stackable Bookrack, Pine"
OFF-BI-10004446,Office Supplies,Binders,"Acco Binding Machine, Economy"
OFF-ACC-10000798,Office Supplies,Binders,"Acco Hole Reinforcements, Economy"
OFF-PA-10000501,Office Supplies,Paper,Petty Cash Envelope
OFF-LA-10004425,Office Supplies,Labels,Staples
FUR-BO-10003386,Furniture,Bookcases,"Sauder 3-Shelf Cabinet, Mobile"
FUR-BO-10001558,Furniture,Bookcases,"Safco 3-Shelf Cabinet, Pine"
FUR-CH-10002331,Furniture,Chairs,Hon 4700 Series Mobuis Mid-Back Task Chairs with Adjustable Arms
FUR-CH-10003842,Furniture,Chairs,"Harbour Creations Chairmat, Red"
OFF-TEN-10003127,Office Supplies,Storage,"Tenex Box, Industrial"
OFF-AVE-10001079,Office Supplies,Labels,"Avery File Folder Labels, Laser Printer Compatible"
TEC-AC-10002006,Technology,Accessories,Memorex Micro Travel Drive 16 GB
OFF-EN-10003001,Office Supplies,Envelopes,Ames Color-File Green Diamond Border X-ray Mailers
OFF-SU-10002566,Office Supplies,Supplies,"Stiletto Trimmer, Steel"
OFF-AR-10000266,Office Supplies,Art,"BIC Markers, Fluorescent"
OFF-AP-10002734,Office Supplies,Appliances,Holmes Harmony HEPA Air Purifier for 17 x 20 Room
OFF-SU-10000150,Office Supplies,Supplies,"Stiletto Ruler, Steel"
OFF-BI-10003112,Office Supplies,Binders,"Ibico Binder Covers, Economy"
TEC-AC-10000053,Technology,Accessories,"SanDisk Router, USB"
OFF-BI-10003784,Office Supplies,Binders,Computer Printout Index Tabs
TEC-AC-10003417,Technology,Accessories,"SanDisk Memory Card, Programmable"
FUR-HAR-10004086,Furniture,Chairs,"Harbour Creations Steel Folding Chair, Black"
TEC-AC-10004203,Technology,Accessories,"Logitech Flash Drive, Bluetooth"
OFF-PA-10004965,Office Supplies,Paper,Xerox 1921
OFF-PA-10000659,Office Supplies,Paper,"Adams Phone Message Book, Professional, 400 Message Capacity, 5 3/6” x 11”"
FUR-FU-10003878,Furniture,Furnishings,"Linden 10"" Round Wall Clock, Black"
TEC-MA-10001248,Technology,Machines,"StarTech Inkjet, Wireless"
TEC-CO-10002700,Technology,Copiers,"Hewlett Fax and Copier, Digital"
OFF-FA-10003891,Office Supplies,Fasteners,"Stockwell Push Pins, Metal"
OFF-KLE-10002118,Office Supplies,Supplies,"Kleencut Ruler, Serrated"
OFF-BI-10001430,Office Supplies,Binders,"Cardinal Index Tab, Clear"
OFF-BI-10001885,Office Supplies,Binders,"Avery Binder Covers, Economy"
TEC-PH-10004897,Technology,Phones,Mediabridge Sport Armband iPhone 5s
OFF-AR-10000314,Office Supplies,Art,"BIC Highlighters, Fluorescent"
FUR-TA-10000849,Furniture,Tables,Bevis Rectangular Conference Tables
OFF-EAT-10002122,Office Supplies,Paper,"Eaton Cards & Envelopes, Premium"
OFF-STO-10002708,Office Supplies,Fasteners,"Stockwell Thumb Tacks, Bulk Pack"
OFF-BI-10002225,Office Supplies,Binders,"Cardinal Binding Machine, Durable"
TEC-MA-10001047,Technology,Machines,"3D Systems Cube Printer, 2nd Generation, Magenta"
OFF-ST-10004739,Office Supplies,Storage,"Rogers Folders, Industrial"
OFF-AR-10001418,Office Supplies,Art,"BIC Markers, Easy-Erase"
FUR-FU-10002597,Furniture,Furnishings,"C-Line Magnetic Cubicle Keepers, Clear Polypropylene"
OFF-BI-10001456,Office Supplies,Binders,"Avery Binder, Economy"
OFF-BI-10003910,Office Supplies,Binders,DXL Angle-View Binders with Locking Rings by Samsill
OFF-FA-10003850,Office Supplies,Fasteners,"Stockwell Push Pins, 12 Pack"
TEC-CO-10003574,Technology,Copiers,"Brother Personal Copier, High-Speed"
FUR-CH-10001147,Furniture,Chairs,"Hon Swivel Stool, Adjustable"
OFF-PA-10003363,Office Supplies,Paper,Xerox 204
OFF-STA-10004163,Office Supplies,Art,"Stanley Markers, Fluorescent"
OFF-BI-10000854,Office Supplies,Binders,"Acco Binder Covers, Economy"
TEC-PH-10002491,Technology,Phones,"Samsung Office Telephone, Cordless"
FUR-BO-10004409,Furniture,Bookcases,"Safco Value Mate Series Steel Bookcases, Baked Enamel Finish on Steel, Gray"
FUR-CH-10001973,Furniture,Chairs,Office Star Flex Back Scooter Chair with White Frame
OFF-KIT-10003337,Office Supplies,Appliances,"KitchenAid Microwave, Silver"
OFF-KRA-10003816,Office Supplies,Envelopes,"Kraft Mailers, with clear poly window"
OFF-PA-10002666,Office Supplies,Paper,Southworth 25% Cotton Linen-Finish Paper & Envelopes
TEC-CO-10004605,Technology,Copiers,"HP Copy Machine, Color"
OFF-SU-10003105,Office Supplies,Supplies,"Fiskars Shears, Steel"
OFF-LA-10001019,Office Supplies,Labels,"Avery Color Coded Labels, Laser Printer Compatible"
OFF-BI-10000542,Office Supplies,Binders,"Ibico Binder Covers, Recycled"
FUR-CH-10000847,Furniture,Chairs,Global Executive Mid-Back Manager's Chair
TEC-CO-10000129,Technology,Copiers,"Brother Fax and Copier, Color"
TEC-AC-10001055,Technology,Accessories,"Enermax Numeric Keypad, Bluetooth"
TEC-MA-10004954,Technology,Machines,"StarTech Calculator, Red"
OFF-BI-10003585,Office Supplies,Binders,"Acco 3-Hole Punch, Clear"
TEC-AC-10002842,Technology,Accessories,"Memorex Mouse, Bluetooth"
TEC-AC-10002224,Technology,Accessories,"Belkin Numeric Keypad, USB"
OFF-AVE-10004312,Office Supplies,Binders,"Avery Index Tab, Clear"
OFF-AR-10001446,Office Supplies,Art,Newell 309
OFF-LA-10004332,Office Supplies,Labels,"Novimex File Folder Labels, Adjustable"
OFF-AVE-10004732,Office Supplies,Labels,"Avery Round Labels, 5000 Label Set"
FUR-FU-10000072,Furniture,Furnishings,"Advantus Light Bulb, Erganomic"
OFF-PA-10004480,Office Supplies,Paper,"Eaton Cards & Envelopes, Recycled"
TEC-MOT-10002272,Technology,Phones,"Motorola Smart Phone, with Caller ID"
OFF-PA-10004968,Office Supplies,Paper,"Enermax Computer Printout Paper, Multicolor"
FUR-CH-10004584,Furniture,Chairs,"Office Star Steel Folding Chair, Set of Two"
TEC-MA-10000374,Technology,Machines,"Konica Receipt Printer, Red"
FUR-BO-10001155,Furniture,Bookcases,"Dania 3-Shelf Cabinet, Traditional"
TEC-AC-10002308,Technology,Accessories,"Belkin Memory Card, Erganomic"
OFF-BI-10003917,Office Supplies,Binders,"Wilson Jones 3-Hole Punch, Recycled"
OFF-AR-10000940,Office Supplies,Art,Newell 343
OFF-PA-10000527,Office Supplies,Paper,"Enermax Note Cards, Premium"
OFF-BI-10000621,Office Supplies,Binders,"Ibico 3-Hole Punch, Economy"
OFF-PA-10001849,Office Supplies,Paper,"SanDisk Cards & Envelopes, Recycled"
OFF-CAM-10000497,Office Supplies,Envelopes,"Cameo Manila Envelope, Set of 50"
FUR-TA-10001622,Furniture,Tables,"Lesro Coffee Table, with Bottom Storage"
OFF-AR-10002447,Office Supplies,Art,"Stanley Sketch Pad, Water Color"
FUR-FU-10000605,Furniture,Furnishings,"Rubbermaid Light Bulb, Black"
FUR-CH-10004287,Furniture,Chairs,SAFCO Arco Folding Chair
OFF-JIF-10004213,Office Supplies,Envelopes,"Jiffy Business Envelopes, Set of 50"
OFF-SU-10001794,Office Supplies,Supplies,"Elite Ruler, Steel"
OFF-BOS-10001576,Office Supplies,Art,"Boston Pencil Sharpener, Fluorescent"
OFF-SAN-10001237,Office Supplies,Paper,"SanDisk Cards & Envelopes, Premium"
TEC-CO-10000775,Technology,Copiers,"Sharp Fax and Copier, Laser"
FUR-FU-10000481,Furniture,Furnishings,"Rubbermaid Clock, Durable"
OFF-JIF-10000890,Office Supplies,Envelopes,"Jiffy Peel and Seal, Security-Tint"
OFF-AR-10003986,Office Supplies,Art,Avery Hi-Liter Pen Style Six-Color Fluorescent Set
TEC-PH-10001475,Technology,Phones,"Cisco Office Telephone, VoIP"
OFF-AP-10002499,Office Supplies,Appliances,"Cuisinart Microwave, White"
FUR-FU-10000256,Furniture,Furnishings,"Rubbermaid Photo Frame, Duo Pack"
TEC-HP -10000464,Technology,Copiers,"HP Fax and Copier, Color"
TEC-HP -10001577,Technology,Copiers,"HP Copy Machine, Laser"
FUR-BO-10001749,Furniture,Bookcases,"Bush Classic Bookcase, Traditional"
FUR-FU-10000629,Furniture,Furnishings,"9-3/4 Diameter Round Wall Clock"
FUR-BO-10004842,Furniture,Bookcases,"Dania 3-Shelf Cabinet, Pine"
OFF-AR-10003684,Office Supplies,Art,"BIC Sketch Pad, Fluorescent"
OFF-PA-10001752,Office Supplies,Paper,Hammermill CopyPlus Copy Paper (20Lb. and 84 Bright)
OFF-EN-10002911,Office Supplies,Envelopes,"Ames Manila Envelope, with clear poly window"
OFF-ST-10001034,Office Supplies,Storage,Eldon File Chest Portable File
TEC-AC-10000354,Technology,Accessories,"Belkin Numeric Keypad, USB"
FUR-TA-10000805,Furniture,Tables,"Bevis Wood Table, Adjustable Height"
TEC-AC-10002926,Technology,Accessories,Logitech Wireless Marathon Mouse M705
OFF-ST-10000943,Office Supplies,Storage,Eldon ProFile File 'N Store Portable File Tub Letter/Legal Size Black
FUR-IKE-10000521,Furniture,Bookcases,"Ikea Classic Bookcase, Mobile"
OFF-BI-10001400,Office Supplies,Binders,"Cardinal 3-Hole Punch, Economy"
TEC-PH-10001070,Technology,Phones,"Samsung Headset, VoIP"
TEC-PH-10004800,Technology,Phones,"Apple Headset, Full Size"
TEC-MA-10003366,Technology,Machines,"Epson Card Printer, White"
TEC-ENE-10002744,Technology,Accessories,"Enermax Numeric Keypad, Bluetooth"
OFF-ST-10003641,Office Supplies,Storage,"Fellowes Trays, Wire Frame"
FUR-BO-10004567,Furniture,Bookcases,"Bush Floating Shelf Set, Mobile"
FUR-TA-10002228,Furniture,Tables,"Bevis Traditional Conference Table Top, Plinth Base"
FUR-FU-10001933,Furniture,Furnishings,"Tenex Stacking Tray, Black"
FUR-CH-10000470,Furniture,Chairs,"Novimex Executive Leather Armchair, Red"
TEC-MA-10003553,Technology,Machines,"Epson Printer, Red"
TEC-AC-10002255,Technology,Accessories,"Memorex Keyboard, Erganomic"
OFF-SU-10002362,Office Supplies,Supplies,"Acme Ruler, Serrated"
OFF-PA-10004156,Office Supplies,Paper,Xerox 188
TEC-KON-10001017,Technology,Machines,"Konica Receipt Printer, White"
OFF-FIS-10004915,Office Supplies,Supplies,"Fiskars Trimmer, Easy Grip"
TEC-AC-10004249,Technology,Accessories,"Logitech Flash Drive, USB"
OFF-BI-10002524,Office Supplies,Binders,"Cardinal Index Tab, Durable"
OFF-SAN-10002873,Office Supplies,Paper,"SanDisk Cards & Envelopes, 8.5 x 11"
OFF-LA-10000927,Office Supplies,Labels,"Hon Shipping Labels, Adjustable"
OFF-FA-10001567,Office Supplies,Fasteners,"Advantus Paper Clips, Bulk Pack"
OFF-PA-10003455,Office Supplies,Paper,"Xerox Cards & Envelopes, Premium"
OFF-PA-10004040,Office Supplies,Paper,Universal Premium White Copier/Laser Paper (20Lb. and 87 Bright)
OFF-STA-10000247,Office Supplies,Art,"Stanley Canvas, Fluorescent"
FUR-HAR-10002873,Furniture,Chairs,"Harbour Creations Executive Leather Armchair, Adjustable"
OFF-ST-10000622,Office Supplies,Storage,"Rogers File Cart, Single Width"
OFF-PA-10004641,Office Supplies,Paper,"SanDisk Cards & Envelopes, Multicolor"
TEC-PH-10001427,Technology,Phones,"Motorola Headset, Full Size"
TEC-OKI-10003655,Technology,Machines,"Okidata Calculator, Wireless"
FUR-BO-10004537,Furniture,Bookcases,"Dania Floating Shelf Set, Mobile"
OFF-HAR-10001714,Office Supplies,Labels,"Harbour Creations Legal Exhibit Labels, Adjustable"
OFF-PA-10003039,Office Supplies,Paper,Xerox 1960
FUR-FU-10003832,Furniture,Furnishings,"Eldon Expressions Punched Metal & Wood Desk Accessories, Black & Cherry"
FUR-FU-10004876,Furniture,Furnishings,"Eldon Frame, Erganomic"
TEC-PH-10003254,Technology,Phones,"Samsung Office Telephone, Full Size"
OFF-ADV-10003050,Office Supplies,Fasteners,"Advantus Rubber Bands, Bulk Pack"
OFF-IBI-10004323,Office Supplies,Binders,"Ibico Binder Covers, Durable"
OFF-FA-10000581,Office Supplies,Fasteners,"Stockwell Thumb Tacks, Metal"
OFF-EN-10003560,Office Supplies,Envelopes,"Kraft Clasp Envelope, with clear poly window"
OFF-EN-10003071,Office Supplies,Envelopes,"Kraft Clasp Envelope, Security-Tint"
OFF-SU-10004434,Office Supplies,Supplies,"Kleencut Box Cutter, Easy Grip"
FUR-HON-10002424,Furniture,Chairs,"Hon Steel Folding Chair, Red"
FUR-CH-10003440,Furniture,Chairs,"Harbour Creations Steel Folding Chair, Set of Two"
FUR-TA-10002622,Furniture,Tables,"Bush Andora Conference Table, Maple/Graphite Gray Finish"
FUR-CH-10000689,Furniture,Chairs,"SAFCO Chairmat, Red"
TEC-MA-10004298,Technology,Machines,"Panasonic Calculator, Durable"
OFF-AR-10004552,Office Supplies,Art,"Boston Markers, Blue"
FUR-BO-10001212,Furniture,Bookcases,"Safco Classic Bookcase, Mobile"
TEC-PAN-10002583,Technology,Machines,"Panasonic Calculator, Wireless"
OFF-BRE-10003558,Office Supplies,Appliances,"Breville Refrigerator, White"
OFF-SU-10002962,Office Supplies,Supplies,"Acme Scissors, Serrated"
OFF-PA-10004627,Office Supplies,Paper,"Eaton Computer Printout Paper, Multicolor"
TEC-APP-10000135,Technology,Phones,"Apple Office Telephone, with Caller ID"
OFF-XER-10004519,Office Supplies,Paper,"Xerox Cards & Envelopes, Multicolor"
FUR-FU-10002030,Furniture,Furnishings,"Executive Impressions 14"" Contract Wall Clock with Quartz Movement"
OFF-BI-10001507,Office Supplies,Binders,"Wilson Jones Binder Covers, Economy"
TEC-AC-10000109,Technology,Accessories,Sony Micro Vault Click 16 GB USB 2.0 Flash Drive
OFF-SU-10004659,Office Supplies,Supplies,"Elite Letter Opener, Easy Grip"
OFF-ACC-10000497,Office Supplies,Fasteners,"Accos Rubber Bands, Assorted Sizes"
FUR-FU-10001324,Furniture,Furnishings,"Deflect-O Clock, Duo Pack"
OFF-ST-10004340,Office Supplies,Storage,"Fellowes Mobile File Cart, Black"
OFF-EN-10004418,Office Supplies,Envelopes,"GlobeWeis Clasp Envelope, Recycled"
OFF-PA-10001735,Office Supplies,Paper,"Xerox Cards & Envelopes, 8.5 x 11"
FUR-BO-10002462,Furniture,Bookcases,"Ikea Classic Bookcase, Pine"
OFF-PA-10002787,Office Supplies,Paper,Xerox 227
OFF-SU-10000216,Office Supplies,Supplies,"Stiletto Ruler, Steel"
OFF-BI-10003702,Office Supplies,Binders,"Wilson Jones Binder Covers, Durable"
FUR-RUB-10001190,Furniture,Furnishings,"Rubbermaid Clock, Erganomic"
OFF-BIN-10003089,Office Supplies,Art,"Binney & Smith Highlighters, Easy-Erase"
OFF-LA-10000244,Office Supplies,Labels,"Hon Legal Exhibit Labels, Alphabetical"
OFF-XER-10003901,Office Supplies,Paper,"Xerox Computer Printout Paper, 8.5 x 11"
OFF-EN-10004303,Office Supplies,Envelopes,"Jiffy Mailers, Recycled"
OFF-LA-10002295,Office Supplies,Labels,"Novimex Shipping Labels, Alphabetical"
FUR-CH-10004676,Furniture,Chairs,"Office Star Rocking Chair, Black"
OFF-AP-10003135,Office Supplies,Appliances,"KitchenAid Toaster, White"
FUR-FU-10004617,Furniture,Furnishings,"Eldon Stacking Tray, Duo Pack"
OFF-EN-10004030,Office Supplies,Envelopes,Convenience Packs of Business Envelopes
FUR-TA-10003747,Furniture,Tables,"Lesro Round Table, Rectangular"
OFF-EN-10003177,Office Supplies,Envelopes,"Kraft Interoffice Envelope, Recycled"
OFF-BI-10000844,Office Supplies,Binders,"Wilson Jones Hole Reinforcements, Economy"
FUR-BO-10003383,Furniture,Bookcases,"Safco Floating Shelf Set, Mobile"
OFF-NOV-10004223,Office Supplies,Labels,"Novimex Shipping Labels, Adjustable"
OFF-FA-10000134,Office Supplies,Fasteners,"Advantus Push Pins, Aluminum Head"
OFF-STI-10002716,Office Supplies,Supplies,"Stiletto Box Cutter, Serrated"
OFF-EN-10003296,Office Supplies,Envelopes,Tyvek Side-Opening Peel & Seel Expanding Envelopes
FUR-FU-10000585,Furniture,Furnishings,"Deflect-O Light Bulb, Duo Pack"
OFF-LA-10001019,Office Supplies,Labels,"Hon Legal Exhibit Labels, Laser Printer Compatible"
OFF-TEN-10003211,Office Supplies,Storage,"Tenex Box, Wire Frame"
OFF-PA-10003919,Office Supplies,Paper,Xerox 1989
OFF-AR-10003028,Office Supplies,Art,"Binney & Smith Highlighters, Blue"
OFF-ST-10003426,Office Supplies,Storage,"Tenex Box, Wire Frame"
OFF-BI-10002799,Office Supplies,Binders,"Cardinal Binder Covers, Clear"
OFF-AP-10002350,Office Supplies,Appliances,Belkin F9H710-06 7 Outlet SurgeMaster Surge Protector
OFF-PA-10001495,Office Supplies,Paper,"Xerox Parchment Paper, Recycled"
FUR-CH-10000528,Furniture,Chairs,"Novimex Steel Folding Chair, Adjustable"
TEC-CO-10000262,Technology,Copiers,"Brother Ink, Laser"
FUR-TA-10001595,Furniture,Tables,"Chromcraft Coffee Table, Adjustable Height"
OFF-AR-10002578,Office Supplies,Art,Newell 335
FUR-FU-10004093,Furniture,Furnishings,Hand-Finished Solid Wood Document Frame
TEC-AC-10002833,Technology,Accessories,"Logitech Mouse, USB"
FUR-FU-10004013,Furniture,Furnishings,"Tenex Stacking Tray, Erganomic"
FUR-FU-10001775,Furniture,Furnishings,"Deflect-O Stacking Tray, Durable"
FUR-CH-10004943,Furniture,Chairs,"Office Star Bag Chairs, Adjustable"
OFF-PA-10004111,Office Supplies,Paper,"Enermax Parchment Paper, Multicolor"
OFF-ACC-10004748,Office Supplies,Fasteners,"Accos Push Pins, 12 Pack"
OFF-HON-10002389,Office Supplies,Labels,"Hon Legal Exhibit Labels, 5000 Label Set"
OFF-LA-10001613,Office Supplies,Labels,Avery File Folder Labels
OFF-EN-10004956,Office Supplies,Envelopes,"Jiffy Interoffice Envelope, Set of 50"
FUR-FU-10002459,Furniture,Furnishings,"Rubbermaid Door Stop, Duo Pack"
FUR-FU-10000905,Furniture,Furnishings,"Eldon Door Stop, Erganomic"
OFF-BI-10001249,Office Supplies,Binders,"Acco Hole Reinforcements, Recycled"
OFF-BI-10001679,Office Supplies,Binders,GBC Instant Index System for Binding Systems
OFF-SU-10000810,Office Supplies,Supplies,"Kleencut Letter Opener, Steel"
OFF-ELI-10004427,Office Supplies,Supplies,"Elite Box Cutter, Serrated"
FUR-NOV-10000283,Furniture,Chairs,"Novimex Chairmat, Black"
TEC-MA-10003223,Technology,Machines,"StarTech Inkjet, Durable"
FUR-CH-10001972,Furniture,Chairs,"Hon Chairmat, Adjustable"
FUR-BO-10000533,Furniture,Bookcases,"Dania Corner Shelving, Pine"
OFF-AP-10004233,Office Supplies,Appliances,Honeywell Enviracaire Portable Air Cleaner for up to 8 x 10 Room
TEC-AC-10002148,Technology,Accessories,"Belkin Keyboard, Programmable"
TEC-AC-10000462,Technology,Accessories,"Logitech Keyboard, Programmable"
FUR-HAR-10003124,Furniture,Chairs,"Harbour Creations Chairmat, Red"
TEC-AC-10002799,Technology,Accessories,"Memorex Memory Card, Programmable"
TEC-PH-10002923,Technology,Phones,"Logitech B530 USB Headset - headset - Full size, Binaural"
OFF-AR-10000493,Office Supplies,Art,"Boston Pencil Sharpener, Fluorescent"
TEC-MA-10003536,Technology,Machines,"Konica Calculator, Red"
OFF-ST-10001890,Office Supplies,Storage,"Eldon Trays, Industrial"
OFF-AME-10000244,Office Supplies,Envelopes,"Ames Manila Envelope, Security-Tint"
OFF-ST-10000532,Office Supplies,Storage,Advantus Rolling Drawer Organizers
TEC-HEW-10004652,Technology,Copiers,"Hewlett Personal Copier, Laser"
OFF-EN-10002434,Office Supplies,Envelopes,"Kraft Manila Envelope, Recycled"
OFF-SU-10002346,Office Supplies,Supplies,"Elite Ruler, High Speed"
TEC-CO-10001482,Technology,Copiers,"Sharp Ink, High-Speed"
FUR-FU-10001098,Furniture,Furnishings,"Deflect-O Door Stop, Black"
TEC-AC-10002455,Technology,Accessories,"Logitech Flash Drive, Programmable"
OFF-PA-10002552,Office Supplies,Paper,Xerox 1958
OFF-AP-10000595,Office Supplies,Appliances,Disposable Triple-Filter Dust Bags
TEC-AC-10004708,Technology,Accessories,Sony 32GB Class 10 Micro SDHC R40 Memory Card
OFF-EN-10002013,Office Supplies,Envelopes,"Kraft Business Envelopes, Security-Tint"
FUR-FU-10004960,Furniture,Furnishings,"Seth Thomas 12"" Clock w/ Goldtone Case"
FUR-BO-10001099,Furniture,Bookcases,"Bush Corner Shelving, Traditional"
OFF-EN-10004074,Office Supplies,Envelopes,"GlobeWeis Clasp Envelope, Recycled"
OFF-LA-10004272,Office Supplies,Labels,Avery 482
TEC-MA-10004408,Technology,Machines,"Konica Inkjet, Durable"
TEC-PH-10001183,Technology,Phones,"Samsung Office Telephone, with Caller ID"
OFF-PA-10002001,Office Supplies,Paper,Xerox 1984
FUR-CH-10003910,Furniture,Chairs,"Harbour Creations Chairmat, Adjustable"
OFF-PA-10004145,Office Supplies,Paper,"Xerox Message Books, 8.5 x 11"
OFF-PA-10000032,Office Supplies,Paper,"SanDisk Note Cards, Premium"
FUR-BO-10001874,Furniture,Bookcases,"Sauder Corner Shelving, Pine"
OFF-NOV-10003401,Office Supplies,Labels,"Novimex Color Coded Labels, Alphabetical"
FUR-CH-10001810,Furniture,Chairs,"Harbour Creations Chairmat, Red"
TEC-AC-10004451,Technology,Accessories,"SanDisk Mouse, Bluetooth"
OFF-LA-10001229,Office Supplies,Labels,"Hon Removable Labels, Adjustable"
OFF-CAR-10001577,Office Supplies,Binders,"Cardinal Binding Machine, Economy"
FUR-TA-10003185,Furniture,Tables,"Chromcraft Computer Table, Fully Assembled"
OFF-BI-10003650,Office Supplies,Binders,"Ibico Index Tab, Clear"
OFF-BI-10000188,Office Supplies,Binders,"Cardinal Hole Reinforcements, Economy"
OFF-GLO-10000491,Office Supplies,Envelopes,"GlobeWeis Interoffice Envelope, with clear poly window"
TEC-SHA-10000971,Technology,Copiers,"Sharp Fax Machine, Color"
TEC-AC-10003904,Technology,Accessories,"SanDisk Keyboard, USB"
FUR-BO-10000567,Furniture,Bookcases,"Sauder Classic Bookcase, Traditional"
OFF-PA-10004782,Office Supplies,Paper,Xerox 228
TEC-MA-10002722,Technology,Machines,"Epson Receipt Printer, Wireless"
TEC-PAN-10000577,Technology,Machines,"Panasonic Inkjet, White"
OFF-AR-10001269,Office Supplies,Art,"BIC Markers, Water Color"
OFF-BI-10000368,Office Supplies,Binders,"Avery Binder Covers, Durable"
TEC-AC-10003590,Technology,Accessories,"TRENDnet 56K USB 2.0 Phone, Internet and Fax Modem"
OFF-AR-10000925,Office Supplies,Art,"Stanley Canvas, Easy-Erase"
OFF-BI-10004240,Office Supplies,Binders,"Cardinal Binding Machine, Recycled"
TEC-CO-10002916,Technology,Copiers,"Hewlett Ink, Color"
OFF-LA-10002068,Office Supplies,Labels,"Smead Removable Labels, Adjustable"
TEC-PH-10001619,Technology,Phones,"Cisco Signal Booster, Full Size"
TEC-CAN-10001437,Technology,Copiers,"Canon Wireless Fax, Laser"
OFF-BIN-10003327,Office Supplies,Art,"Binney & Smith Markers, Blue"
OFF-SU-10001690,Office Supplies,Supplies,"Kleencut Box Cutter, Steel"
FUR-ELD-10000301,Furniture,Furnishings,"Eldon Frame, Duo Pack"
TEC-APP-10004464,Technology,Phones,"Apple Signal Booster, VoIP"
OFF-AR-10001952,Office Supplies,Art,"BIC Canvas, Easy-Erase"
OFF-AP-10002203,Office Supplies,Appliances,Eureka Disposable Bags for Sanitaire Vibra Groomer I Upright Vac
OFF-AR-10000422,Office Supplies,Art,"Stanley Markers, Blue"
OFF-LA-10000700,Office Supplies,Labels,"Avery Legal Exhibit Labels, Laser Printer Compatible"
TEC-PH-10003800,Technology,Phones,i.Sound Portable Power - 8000 mAh
FUR-RUB-10001484,Furniture,Furnishings,"Rubbermaid Clock, Durable"
FUR-TA-10002482,Furniture,Tables,"Bevis Wood Table, Fully Assembled"
OFF-LA-10002741,Office Supplies,Labels,"Avery Color Coded Labels, Adjustable"
OFF-PA-10001274,Office Supplies,Paper,Loose Memo Sheets
OFF-FIS-10004721,Office Supplies,Supplies,"Fiskars Box Cutter, Serrated"
OFF-AP-10003079,Office Supplies,Appliances,"Cuisinart Coffee Grinder, Silver"
FUR-BO-10004773,Furniture,Bookcases,"Ikea Floating Shelf Set, Mobile"
FUR-BO-10004709,Furniture,Bookcases,"Bush Westfield Collection Bookcases, Medium Cherry Finish"
OFF-EN-10004742,Office Supplies,Envelopes,"Kraft Interoffice Envelope, Recycled"
OFF-GLO-10002315,Office Supplies,Envelopes,"GlobeWeis Interoffice Envelope, Set of 50"
OFF-ST-10001476,Office Supplies,Storage,Steel Personal Filing/Posting Tote
OFF-SU-10001664,Office Supplies,Supplies,Acme Office Executive Series Stainless Steel Trimmers
FUR-CH-10003965,Furniture,Chairs,"Hon Rocking Chair, Red"
TEC-PH-10001602,Technology,Phones,"Samsung Office Telephone, Full Size"
OFF-SU-10004980,Office Supplies,Supplies,"Acme Trimmer, Steel"
TEC-AC-10000588,Technology,Accessories,"SanDisk Flash Drive, Bluetooth"
FUR-BO-10004219,Furniture,Bookcases,"Safco 3-Shelf Cabinet, Metal"
OFF-BOS-10001772,Office Supplies,Art,"Boston Markers, Easy-Erase"
OFF-ACM-10004150,Office Supplies,Supplies,"Acme Ruler, Serrated"
TEC-MA-10001290,Technology,Machines,"Panasonic Printer, White"
FUR-CH-10002543,Furniture,Chairs,"SAFCO Steel Folding Chair, Set of Two"
OFF-SU-10004481,Office Supplies,Supplies,"Stiletto Shears, Serrated"
OFF-PA-10000562,Office Supplies,Paper,"Enermax Message Books, Multicolor"
FUR-FU-10003619,Furniture,Furnishings,"Tenex Clock, Black"
OFF-FA-10001082,Office Supplies,Fasteners,"OIC Staples, Assorted Sizes"
OFF-ST-10002459,Office Supplies,Storage,"Eldon Trays, Wire Frame"
OFF-GRE-10004359,Office Supplies,Paper,"Green Bar Message Books, 8.5 x 11"
TEC-MA-10002195,Technology,Machines,"Epson Receipt Printer, Red"
OFF-LA-10003077,Office Supplies,Labels,Avery 500
FUR-FU-10003658,Furniture,Furnishings,"Tenex Light Bulb, Duo Pack"
TEC-PH-10002602,Technology,Phones,"Nokia Headset, Cordless"
FUR-TA-10003539,Furniture,Tables,"Bevis Wood Table, Fully Assembled"
TEC-MA-10000240,Technology,Machines,"Okidata Inkjet, Wireless"
OFF-FA-10001332,Office Supplies,Fasteners,"Acco Banker's Clasps, 5 3/4""-Long"
OFF-FA-10000027,Office Supplies,Fasteners,"Stockwell Rubber Bands, Bulk Pack"
FUR-CH-10001415,Furniture,Chairs,"Office Star Executive Leather Armchair, Red"
OFF-BI-10004098,Office Supplies,Binders,"Acco 3-Hole Punch, Durable"
OFF-AP-10003032,Office Supplies,Appliances,"Hamilton Beach Blender, Silver"
FUR-CH-10000432,Furniture,Chairs,"Harbour Creations Swivel Stool, Adjustable"
OFF-SU-10004768,Office Supplies,Supplies,Acme Kleencut Forged Steel Scissors
TEC-MA-10004587,Technology,Machines,"Konica Inkjet, White"
OFF-SU-10004663,Office Supplies,Supplies,"Kleencut Letter Opener, Easy Grip"
OFF-EN-10000890,Office Supplies,Envelopes,"Ames Peel and Seal, Recycled"
OFF-BI-10001032,Office Supplies,Binders,"Avery Binding Machine, Recycled"
OFF-LA-10004114,Office Supplies,Labels,"Avery File Folder Labels, Alphabetical"
FUR-FU-10004139,Furniture,Furnishings,"Tenex Photo Frame, Duo Pack"
OFF-PA-10003718,Office Supplies,Paper,"Xerox Memo Slips, Recycled"
FUR-CH-10003107,Furniture,Chairs,"Office Star Swivel Stool, Red"
TEC-CO-10000338,Technology,Copiers,"Hewlett Fax and Copier, High-Speed"
OFF-AR-10003673,Office Supplies,Art,"Sanford Markers, Fluorescent"
TEC-CO-10002043,Technology,Copiers,"Canon Wireless Fax, Digital"
FUR-FU-10003886,Furniture,Furnishings,"Tenex Photo Frame, Black"
FUR-CH-10002224,Furniture,Chairs,"Hon Rocking Chair, Set of Two"
OFF-EN-10003425,Office Supplies,Envelopes,"Cameo Mailers, Recycled"
FUR-BO-10003404,Furniture,Bookcases,"Global Adaptabilites Bookcase, Cherry/Storm Gray Finish"
OFF-SU-10002742,Office Supplies,Supplies,"Stiletto Trimmer, Serrated"
OFF-FA-10003930,Office Supplies,Fasteners,"Stockwell Push Pins, Assorted Sizes"
FUR-CH-10003702,Furniture,Chairs,"Office Star Rocking Chair, Adjustable"
OFF-PA-10001800,Office Supplies,Paper,Xerox 220
OFF-PA-10004335,Office Supplies,Paper,"Green Bar Computer Printout Paper, Recycled"
OFF-PA-10002923,Office Supplies,Paper,Xerox 1942
TEC-MA-10003909,Technology,Machines,"StarTech Calculator, Red"
OFF-AP-10002326,Office Supplies,Appliances,"Hamilton Beach Microwave, White"
OFF-ST-10003088,Office Supplies,Storage,"Fellowes Box, Wire Frame"
FUR-CH-10002091,Furniture,Chairs,"Harbour Creations Swivel Stool, Set of Two"
OFF-HAM-10001107,Office Supplies,Appliances,"Hamilton Beach Refrigerator, Silver"
FUR-TA-10000434,Furniture,Tables,"Chromcraft Coffee Table, with Bottom Storage"
FUR-CH-10000105,Furniture,Chairs,"Novimex Bag Chairs, Black"
FUR-SAF-10003402,Furniture,Chairs,"SAFCO Bag Chairs, Black"
OFF-AR-10000079,Office Supplies,Art,"Stanley Pencil Sharpener, Fluorescent"
FUR-CH-10004049,Furniture,Chairs,"SAFCO Bag Chairs, Set of Two"
TEC-AC-10004652,Technology,Accessories,"Belkin Mouse, Erganomic"
OFF-ENE-10003549,Office Supplies,Paper,"Enermax Cards & Envelopes, Recycled"
FUR-FU-10001889,Furniture,Furnishings,Ultra Door Pull Handle
OFF-BI-10001153,Office Supplies,Binders,Ibico Recycled Grain-Textured Covers
TEC-MOT-10001950,Technology,Phones,"Motorola Headset, Full Size"
FUR-FU-10002268,Furniture,Furnishings,Ultra Door Push Plate
OFF-PA-10004918,Office Supplies,Paper,"SanDisk Message Books, Recycled"
TEC-MA-10003975,Technology,Machines,"Epson Phone, Wireless"
OFF-AR-10000283,Office Supplies,Art,"Stanley Highlighters, Blue"
OFF-ST-10000025,Office Supplies,Storage,Fellowes Stor/Drawer Steel Plus Storage Drawers
TEC-PH-10002807,Technology,Phones,Motorla HX550 Universal Bluetooth Headset
FUR-CH-10000785,Furniture,Chairs,Global Ergonomic Managers Chair
OFF-PA-10003823,Office Supplies,Paper,Xerox 197
TEC-AC-10002664,Technology,Accessories,"SanDisk Keyboard, Programmable"
OFF-AP-10000672,Office Supplies,Appliances,"KitchenAid Stove, White"
TEC-CO-10001204,Technology,Copiers,"Sharp Copy Machine, Color"
TEC-PH-10002419,Technology,Phones,"Motorola Headset, Cordless"
TEC-PH-10000087,Technology,Phones,"Apple Signal Booster, Cordless"
OFF-AR-10001117,Office Supplies,Art,"Stanley Pens, Blue"
OFF-EN-10002789,Office Supplies,Envelopes,"Kraft Peel and Seal, Recycled"
FUR-FU-10002553,Furniture,Furnishings,"Electrix Incandescent Magnifying Lamp, Black"
TEC-CO-10000269,Technology,Copiers,"HP Ink, Laser"
TEC-MA-10000334,Technology,Machines,"Panasonic Printer, Wireless"
TEC-CO-10002550,Technology,Copiers,"Sharp Ink, Digital"
TEC-SAM-10000345,Technology,Phones,"Samsung Audio Dock, with Caller ID"
OFF-AVE-10002102,Office Supplies,Binders,"Avery 3-Hole Punch, Economy"
FUR-FU-10001424,Furniture,Furnishings,"Eldon Photo Frame, Durable"
OFF-AR-10002727,Office Supplies,Art,"Stanley Pencil Sharpener, Fluorescent"
TEC-CO-10003124,Technology,Copiers,"Canon Ink, Laser"
OFF-ST-10004280,Office Supplies,Storage,"Eldon Trays, Industrial"
TEC-CO-10001968,Technology,Copiers,"Canon Personal Copier, Color"
FUR-TA-10000789,Furniture,Tables,"Lesro Training Table, with Bottom Storage"
OFF-WIL-10002787,Office Supplies,Binders,"Wilson Jones Binder, Recycled"
TEC-EPS-10003962,Technology,Machines,"Epson Card Printer, Durable"
TEC-CAN-10001853,Technology,Copiers,"Canon Fax Machine, High-Speed"
OFF-AP-10003473,Office Supplies,Appliances,"Hoover Coffee Grinder, Black"
OFF-ST-10004950,Office Supplies,Storage,"Tenex Personal Filing Tote With Secure Closure Lid, Black/Frost"
OFF-EN-10000383,Office Supplies,Envelopes,"Ames Clasp Envelope, Recycled"
OFF-ST-10004577,Office Supplies,Storage,"Tenex Shelving, Wire Frame"
OFF-WIL-10003308,Office Supplies,Binders,"Wilson Jones Binder Covers, Recycled"
OFF-EN-10004503,Office Supplies,Envelopes,"GlobeWeis Peel and Seal, Security-Tint"
TEC-OKI-10003433,Technology,Machines,"Okidata Card Printer, Wireless"
TEC-MA-10004842,Technology,Machines,"Konica Calculator, Red"
TEC-MA-10003868,Technology,Machines,"StarTech Phone, Durable"
OFF-ST-10000130,Office Supplies,Storage,"Eldon Trays, Wire Frame"
OFF-PA-10003156,Office Supplies,Paper,"Xerox Message Books, 8.5 x 11"
TEC-CO-10000594,Technology,Copiers,"Hewlett Fax and Copier, Laser"
OFF-ST-10002902,Office Supplies,Storage,"Fellowes Shelving, Blue"
OFF-BI-10002190,Office Supplies,Binders,"Wilson Jones Binder, Durable"
FUR-FU-10001591,Furniture,Furnishings,Advantus Panel Wall Certificate Holder - 8.5x11
FUR-FU-10000850,Furniture,Furnishings,"Rubbermaid Clock, Black"
TEC-MA-10002389,Technology,Machines,"StarTech Receipt Printer, White"
FUR-HAR-10001089,Furniture,Chairs,"Harbour Creations Rocking Chair, Black"
OFF-AVE-10001750,Office Supplies,Binders,"Avery 3-Hole Punch, Clear"
FUR-FU-10000526,Furniture,Furnishings,"Deflect-O Frame, Durable"
TEC-PH-10003698,Technology,Phones,"Nokia Signal Booster, Full Size"
OFF-SU-10002547,Office Supplies,Supplies,"Acme Ruler, Steel"
OFF-BI-10001293,Office Supplies,Binders,"Acco 3-Hole Punch, Clear"
TEC-CO-10004027,Technology,Copiers,"Sharp Fax Machine, Color"
OFF-ST-10002463,Office Supplies,Storage,"Eldon Trays, Single Width"
OFF-EN-10003299,Office Supplies,Envelopes,"Cameo Mailers, Security-Tint"
TEC-PH-10004992,Technology,Phones,"Apple Office Telephone, Full Size"
TEC-AC-10004595,Technology,Accessories,First Data TMFD35 PIN Pad
OFF-BI-10001072,Office Supplies,Binders,"GBC Clear Cover, 8-1/2 x 11, unpunched, 25 covers per pack"
OFF-ACC-10004008,Office Supplies,Binders,"Acco Binder Covers, Durable"
OFF-XER-10001513,Office Supplies,Paper,"Xerox Message Books, Recycled"
FUR-BO-10001483,Furniture,Bookcases,"Bush Corner Shelving, Metal"
FUR-TA-10002093,Furniture,Tables,"Chromcraft Wood Table, Adjustable Height"
OFF-BIN-10000772,Office Supplies,Art,"Binney & Smith Pencil Sharpener, Water Color"
TEC-PH-10002447,Technology,Phones,AT&T CL83451 4-Handset Telephone
TEC-PH-10002496,Technology,Phones,Cisco SPA301
OFF-PA-10000327,Office Supplies,Paper,Xerox 1971
TEC-AC-10004938,Technology,Accessories,"Memorex Router, Bluetooth"
FUR-DAN-10003011,Furniture,Bookcases,"Dania Corner Shelving, Metal"
TEC-AC-10004562,Technology,Accessories,"Enermax Flash Drive, Programmable"
OFF-PA-10000807,Office Supplies,Paper,"TOPS ""Important Message"" Pads, Canary, 4-1/4 x 5-1/2, 50 Sheets per Pad"
OFF-BI-10000787,Office Supplies,Binders,"Acco Hole Reinforcements, Economy"
TEC-PH-10004636,Technology,Phones,"Nokia Audio Dock, with Caller ID"
TEC-SAN-10001899,Technology,Accessories,"SanDisk Keyboard, Erganomic"
OFF-EN-10002671,Office Supplies,Envelopes,"GlobeWeis Interoffice Envelope, with clear poly window"
OFF-ST-10002685,Office Supplies,Storage,"Eldon Lockers, Blue"
FUR-CH-10002573,Furniture,Chairs,"Office Star Executive Leather Armchair, Adjustable"
TEC-CO-10004813,Technology,Copiers,"Hewlett Ink, Digital"
OFF-PA-10001523,Office Supplies,Paper,"Enermax Cards & Envelopes, Premium"
TEC-AC-10000866,Technology,Accessories,"Belkin Router, Erganomic"
TEC-PH-10003357,Technology,Phones,Grandstream GXP2100 Mainstream Business Phone
FUR-SAU-10003694,Furniture,Bookcases,"Sauder Library with Doors, Mobile"
OFF-BI-10003162,Office Supplies,Binders,"Avery Binding Machine, Economy"
FUR-BUS-10002040,Furniture,Bookcases,"Bush Library with Doors, Mobile"
TEC-PH-10003215,Technology,Phones,Jackery Bar Premium Fast-charging Portable Charger
OFF-ST-10004020,Office Supplies,Storage,"Tenex Lockers, Single Width"
TEC-AC-10002522,Technology,Accessories,"Memorex Router, Erganomic"
OFF-FA-10004139,Office Supplies,Fasteners,"Advantus Thumb Tacks, 12 Pack"
OFF-CUI-10001060,Office Supplies,Appliances,"Cuisinart Toaster, Red"
OFF-FA-10004258,Office Supplies,Fasteners,"OIC Thumb Tacks, Bulk Pack"
OFF-PA-10002960,Office Supplies,Paper,Xerox 1926
FUR-FU-10001602,Furniture,Furnishings,"Eldon Delta Triangular Chair Mat, 52"" x 58"", Clear"
OFF-FA-10003496,Office Supplies,Fasteners,"Stockwell Push Pins, Assorted Sizes"
FUR-FU-10001915,Furniture,Furnishings,"Rubbermaid Stacking Tray, Black"
OFF-SU-10002911,Office Supplies,Supplies,"Acme Scissors, Serrated"
OFF-AR-10002833,Office Supplies,Art,Newell 322
FUR-TA-10003929,Furniture,Tables,"Hon Computer Table, Fully Assembled"
OFF-LA-10004877,Office Supplies,Labels,"Avery File Folder Labels, Laser Printer Compatible"
TEC-ENE-10000235,Technology,Accessories,"Enermax Mouse, Programmable"
OFF-ST-10001214,Office Supplies,Storage,"Smead Box, Industrial"
OFF-ST-10001719,Office Supplies,Storage,"Tenex Trays, Industrial"
OFF-AP-10001293,Office Supplies,Appliances,Belkin 8 Outlet Surge Protector
FUR-BO-10001641,Furniture,Bookcases,"Bush 3-Shelf Cabinet, Traditional"
OFF-SU-10003456,Office Supplies,Supplies,"Elite Letter Opener, Easy Grip"
OFF-LA-10003223,Office Supplies,Labels,Avery 508
FUR-BO-10003893,Furniture,Bookcases,Sauder Camden County Collection Library
TEC-BEL-10002106,Technology,Accessories,"Belkin Memory Card, Bluetooth"
OFF-PA-10002974,Office Supplies,Paper,"Enermax Note Cards, 8.5 x 11"
FUR-TA-10003469,Furniture,Tables,Balt Split Level Computer Training Table
FUR-CH-10000690,Furniture,Chairs,"Novimex Bag Chairs, Black"
FUR-CH-10002410,Furniture,Chairs,"Office Star Rocking Chair, Red"
OFF-PA-10000317,Office Supplies,Paper,"Xerox Computer Printout Paper, Premium"
TEC-PH-10004915,Technology,Phones,"Nokia Speaker Phone, Cordless"
OFF-PA-10002195,Office Supplies,Paper,"RSVP Cards & Envelopes, Blank White, 8-1/2"" X 11"", 24 Cards/25 Envelopes/Set"
OFF-STO-10002857,Office Supplies,Fasteners,"Stockwell Push Pins, 12 Pack"
OFF-AR-10004739,Office Supplies,Art,"BIC Canvas, Easy-Erase"
FUR-TA-10004005,Furniture,Tables,"Bevis Coffee Table, Rectangular"
OFF-ST-10004341,Office Supplies,Storage,"Tenex File Cart, Single Width"
OFF-FA-10004310,Office Supplies,Fasteners,"Advantus Staples, 12 Pack"
TEC-CO-10004154,Technology,Copiers,"Canon Copy Machine, Digital"
OFF-LA-10000767,Office Supplies,Labels,"Hon Legal Exhibit Labels, Laser Printer Compatible"
FUR-HON-10001776,Furniture,Chairs,"Hon Bag Chairs, Red"
OFF-AR-10002144,Office Supplies,Art,"Stanley Pens, Blue"
OFF-PA-10001892,Office Supplies,Paper,"Rediform Wirebound ""Phone Memo"" Message Book, 11 x 5-3/4"
FUR-BAR-10003576,Furniture,Tables,"Barricks Training Table, with Bottom Storage"
OFF-LA-10003610,Office Supplies,Labels,"Avery Removable Labels, 5000 Label Set"
TEC-PH-10000984,Technology,Phones,Panasonic KX-TG9471B
FUR-TA-10004154,Furniture,Tables,"Riverside Furniture Oval Coffee Table, Oval End Table, End Table with Drawer"
TEC-PH-10002443,Technology,Phones,"Cisco Signal Booster, with Caller ID"
OFF-LA-10003148,Office Supplies,Labels,Avery 51
FUR-TA-10001558,Furniture,Tables,"Barricks Training Table, Rectangular"
FUR-BO-10004679,Furniture,Bookcases,"Safco Library with Doors, Pine"
TEC-CO-10002242,Technology,Copiers,"Brother Fax and Copier, Color"
TEC-CO-10002110,Technology,Copiers,"Brother Personal Copier, Color"
FUR-BO-10003991,Furniture,Bookcases,"Bush Classic Bookcase, Traditional"
OFF-SU-10001412,Office Supplies,Supplies,"Fiskars Scissors, High Speed"
OFF-SU-10002709,Office Supplies,Supplies,"Fiskars Letter Opener, Easy Grip"
OFF-BI-10002103,Office Supplies,Binders,"Cardinal Slant-D Ring Binder, Heavy Gauge Vinyl"
TEC-AC-10004849,Technology,Accessories,"SanDisk Router, Programmable"
FUR-OFF-10004495,Furniture,Chairs,"Office Star Swivel Stool, Black"
OFF-BI-10002533,Office Supplies,Binders,"Wilson Jones Binding Machine, Economy"
OFF-EN-10000075,Office Supplies,Envelopes,"GlobeWeis Interoffice Envelope, Security-Tint"
TEC-MA-10003624,Technology,Machines,"StarTech Inkjet, Wireless"
TEC-PH-10003847,Technology,Phones,"Apple Headset, with Caller ID"
OFF-AR-10004990,Office Supplies,Art,"Boston Highlighters, Blue"
OFF-SU-10001879,Office Supplies,Supplies,"Acme Trimmer, High Speed"
OFF-FA-10003530,Office Supplies,Fasteners,"OIC Clamps, Bulk Pack"
FUR-TA-10001531,Furniture,Tables,"Lesro Training Table, Adjustable Height"
OFF-LA-10002733,Office Supplies,Labels,"Novimex File Folder Labels, Alphabetical"
OFF-PA-10000167,Office Supplies,Paper,Xerox 1925
FUR-FU-10001890,Furniture,Furnishings,"Eldon Clock, Durable"
FUR-CH-10002045,Furniture,Chairs,"SAFCO Bag Chairs, Red"
FUR-TA-10002523,Furniture,Tables,"Barricks Training Table, Rectangular"
OFF-BI-10001191,Office Supplies,Binders,Canvas Sectional Post Binders
OFF-SU-10001813,Office Supplies,Supplies,"Kleencut Ruler, Easy Grip"
OFF-AP-10004708,Office Supplies,Appliances,Fellowes Superior 10 Outlet Split Surge Protector
OFF-GLO-10002982,Office Supplies,Envelopes,"GlobeWeis Mailers, Set of 50"
OFF-AR-10004817,Office Supplies,Art,Colorific Watercolor Pencils
OFF-SU-10001762,Office Supplies,Supplies,"Stiletto Shears, Easy Grip"
OFF-ST-10001534,Office Supplies,Storage,"Smead Folders, Industrial"
OFF-BI-10004597,Office Supplies,Binders,"Avery Binding Machine, Durable"
OFF-AP-10000179,Office Supplies,Appliances,"Breville Refrigerator, Red"
OFF-ST-10001414,Office Supplies,Storage,Decoflex Hanging Personal Folder File
OFF-FA-10000740,Office Supplies,Fasteners,"Accos Staples, Bulk Pack"
TEC-CIS-10000436,Technology,Phones,"Cisco Speaker Phone, with Caller ID"
FUR-TA-10004653,Furniture,Tables,"Chromcraft Training Table, Rectangular"
TEC-AC-10001002,Technology,Accessories,"SanDisk Memory Card, USB"
OFF-PA-10002971,Office Supplies,Paper,"Eaton Memo Slips, Recycled"
OFF-AP-10002330,Office Supplies,Appliances,"Hamilton Beach Stove, Silver"
TEC-PH-10001917,Technology,Phones,"Motorola Speaker Phone, Full Size"
OFF-AP-10003275,Office Supplies,Appliances,"KitchenAid Microwave, Silver"
OFF-BI-10000769,Office Supplies,Binders,"Ibico Binder Covers, Clear"
OFF-AR-10003651,Office Supplies,Art,"Sanford Pens, Easy-Erase"
OFF-BI-10002243,Office Supplies,Binders,"Wilson Jones 3-Hole Punch, Durable"
OFF-AR-10000588,Office Supplies,Art,Newell 345
FUR-CH-10002585,Furniture,Chairs,"Harbour Creations Executive Leather Armchair, Black"
TEC-AC-10003873,Technology,Accessories,"Memorex Mouse, Programmable"
TEC-SHA-10004184,Technology,Copiers,"Sharp Personal Copier, High-Speed"
OFF-GLO-10001567,Office Supplies,Envelopes,"GlobeWeis Clasp Envelope, with clear poly window"
OFF-ENE-10004866,Office Supplies,Paper,"Enermax Parchment Paper, 8.5 x 11"
TEC-PH-10004241,Technology,Phones,"Cisco Headset, Cordless"
OFF-SU-10002909,Office Supplies,Supplies,"Fiskars Ruler, Easy Grip"
OFF-AP-10000604,Office Supplies,Appliances,"Breville Microwave, Silver"
OFF-PA-10003405,Office Supplies,Paper,"Green Bar Memo Slips, Premium"
OFF-LA-10003505,Office Supplies,Labels,"Avery Legal Exhibit Labels, Laser Printer Compatible"
OFF-SU-10002849,Office Supplies,Supplies,"Kleencut Ruler, Serrated"
OFF-BI-10002628,Office Supplies,Binders,"Avery 3-Hole Punch, Economy"
TEC-MA-10000984,Technology,Machines,Okidata MB760 Printer
OFF-SU-10001657,Office Supplies,Supplies,"Acme Box Cutter, High Speed"
TEC-LOG-10001123,Technology,Accessories,"Logitech Memory Card, Bluetooth"
OFF-FA-10001026,Office Supplies,Fasteners,"Stockwell Paper Clips, Assorted Sizes"
OFF-ST-10000676,Office Supplies,Storage,Fellowes Econo/Stor Drawers
OFF-LA-10004122,Office Supplies,Labels,"Avery Color Coded Labels, Laser Printer Compatible"
OFF-GLO-10004430,Office Supplies,Envelopes,"GlobeWeis Business Envelopes, Recycled"
OFF-AR-10002956,Office Supplies,Art,Boston 16801 Nautilus Battery Pencil Sharpener
TEC-CO-10000794,Technology,Copiers,"Hewlett Wireless Fax, High-Speed"
FUR-NOV-10000323,Furniture,Chairs,"Novimex Executive Leather Armchair, Adjustable"
OFF-SU-10002414,Office Supplies,Supplies,"Stiletto Ruler, Easy Grip"
TEC-AC-10001284,Technology,Accessories,Enermax Briskie RF Wireless Keyboard and Mouse Combo
OFF-PA-10000357,Office Supplies,Paper,"White Dual Perf Computer Printout Paper, 2700 Sheets, 1 Part, Heavyweight, 20 lbs., 14 7/8 x 11"
FUR-FU-10002655,Furniture,Furnishings,"Deflect-O Door Stop, Black"
TEC-PH-10002816,Technology,Phones,"Samsung Signal Booster, Cordless"
OFF-AR-10001570,Office Supplies,Art,"Sanford Canvas, Water Color"
TEC-KON-10003077,Technology,Machines,"Konica Calculator, Wireless"
TEC-PH-10003994,Technology,Phones,"Apple Office Telephone, Full Size"
FUR-BO-10004504,Furniture,Bookcases,"Sauder 3-Shelf Cabinet, Mobile"
TEC-AC-10004620,Technology,Accessories,"Belkin Flash Drive, USB"
OFF-EN-10004181,Office Supplies,Envelopes,"GlobeWeis Business Envelopes, Recycled"
TEC-PH-10002658,Technology,Phones,"Apple Signal Booster, with Caller ID"
OFF-ELD-10000967,Office Supplies,Storage,"Eldon Folders, Industrial"
TEC-MA-10001335,Technology,Machines,"Epson Printer, Durable"
OFF-AP-10004869,Office Supplies,Appliances,"KitchenAid Toaster, White"
OFF-EN-10004938,Office Supplies,Envelopes,"Ames Business Envelopes, Set of 50"
FUR-BO-10000895,Furniture,Bookcases,"Sauder Stackable Bookrack, Pine"
OFF-AR-10002811,Office Supplies,Art,"Stanley Pens, Water Color"
FUR-BO-10001147,Furniture,Bookcases,"Bush Floating Shelf Set, Metal"
FUR-BO-10001405,Furniture,Bookcases,"Bush Stackable Bookrack, Pine"
OFF-PA-10002479,Office Supplies,Paper,Xerox 4200 Series MultiUse Premium Copy Paper (20Lb. and 84 Bright)
OFF-AR-10000125,Office Supplies,Art,"Boston Pens, Fluorescent"
OFF-JIF-10000165,Office Supplies,Envelopes,"Jiffy Business Envelopes, Recycled"
TEC-AC-10001611,Technology,Accessories,"Memorex Numeric Keypad, Bluetooth"
OFF-PA-10000308,Office Supplies,Paper,Xerox 1901
OFF-LA-10003141,Office Supplies,Labels,"Hon Shipping Labels, Laser Printer Compatible"
OFF-PA-10002259,Office Supplies,Paper,"Geographics Note Cards, Blank, White, 8 1/2"" x 11"""
OFF-AP-10001876,Office Supplies,Appliances,"Hoover Coffee Grinder, Silver"
OFF-LA-10002225,Office Supplies,Labels,"Hon Shipping Labels, 5000 Label Set"
OFF-PA-10001994,Office Supplies,Paper,"Ink Jet Note and Greeting Cards, 8-1/2"" x 5-1/2"" Card Size"
FUR-FU-10003500,Furniture,Furnishings,"Rubbermaid Photo Frame, Duo Pack"
TEC-PH-10002320,Technology,Phones,"Samsung Speaker Phone, Full Size"
FUR-FU-10003930,Furniture,Furnishings,Howard Miller 12-3/4 Diameter Accuwave DS  Wall Clock
OFF-PA-10000863,Office Supplies,Paper,"Enermax Parchment Paper, Recycled"
OFF-ST-10001799,Office Supplies,Storage,"Fellowes Box, Single Width"
TEC-PH-10003762,Technology,Phones,"Motorola Smart Phone, Full Size"
TEC-MEM-10000263,Technology,Accessories,"Memorex Flash Drive, Programmable"
OFF-LA-10003233,Office Supplies,Labels,"Avery Removable Labels, Alphabetical"
FUR-FU-10000142,Furniture,Furnishings,"Tenex Stacking Tray, Erganomic"
OFF-AR-10003557,Office Supplies,Art,"Boston Highlighters, Easy-Erase"
OFF-EN-10000428,Office Supplies,Envelopes,"Cameo Clasp Envelope, with clear poly window"
FUR-CH-10001854,Furniture,Chairs,Office Star - Professional Matrix Back Chair with 2-to-1 Synchro Tilt and Mesh Fabric Seat
OFF-BI-10004120,Office Supplies,Binders,"Ibico 3-Hole Punch, Durable"
FUR-TA-10001740,Furniture,Tables,"Barricks Conference Table, Adjustable Height"
OFF-FA-10004665,Office Supplies,Fasteners,"Stockwell Paper Clips, Metal"
OFF-PA-10004673,Office Supplies,Paper,"Enermax Message Books, 8.5 x 11"
OFF-ACC-10002772,Office Supplies,Binders,"Acco Index Tab, Economy"
OFF-FA-10001072,Office Supplies,Fasteners,"Advantus Clamps, 12 Pack"
OFF-AR-10000724,Office Supplies,Art,"Boston Pens, Fluorescent"
OFF-SU-10002961,Office Supplies,Supplies,"Kleencut Ruler, Serrated"
OFF-OIC-10004810,Office Supplies,Fasteners,"OIC Paper Clips, Metal"
OFF-BI-10000501,Office Supplies,Binders,"Cardinal Binder, Durable"
OFF-SU-10003651,Office Supplies,Supplies,"Elite Ruler, Serrated"
OFF-ST-10000352,Office Supplies,Storage,Acco Perma 2700 Stacking Storage Drawers
FUR-FU-10004973,Furniture,Furnishings,Flat Face Poster Frame
TEC-AC-10002670,Technology,Accessories,"Logitech Mouse, Erganomic"
OFF-AP-10001567,Office Supplies,Appliances,"Breville Blender, White"
OFF-BI-10000397,Office Supplies,Binders,"Wilson Jones Hole Reinforcements, Durable"
FUR-BO-10004834,Furniture,Bookcases,"Riverside Palais Royal Lawyers Bookcase, Royale Cherry Finish"
OFF-LA-10001026,Office Supplies,Labels,"Harbour Creations File Folder Labels, 5000 Label Set"
OFF-GLO-10000617,Office Supplies,Envelopes,"GlobeWeis Peel and Seal, Recycled"
OFF-FA-10003399,Office Supplies,Fasteners,"Accos Paper Clips, Metal"
OFF-ROG-10001418,Office Supplies,Storage,"Rogers Trays, Wire Frame"
OFF-BI-10004492,Office Supplies,Binders,Tuf-Vin Binders
TEC-PH-10004760,Technology,Phones,"Samsung Office Telephone, with Caller ID"
FUR-BO-10001067,Furniture,Bookcases,"Bush Stackable Bookrack, Pine"
TEC-PH-10002068,Technology,Phones,"Apple Office Telephone, with Caller ID"
FUR-FU-10003804,Furniture,Furnishings,"Rubbermaid Frame, Durable"
OFF-FA-10003144,Office Supplies,Fasteners,"Stockwell Clamps, Metal"
OFF-HAR-10001913,Office Supplies,Labels,"Harbour Creations Legal Exhibit Labels, Laser Printer Compatible"
FUR-TA-10002833,Furniture,Tables,"Lesro Training Table, Rectangular"
FUR-BO-10001507,Furniture,Bookcases,"Ikea Library with Doors, Traditional"
TEC-AC-10004704,Technology,Accessories,"Logitech Numeric Keypad, Bluetooth"
FUR-FU-10002698,Furniture,Furnishings,"Deflect-O Clock, Erganomic"
OFF-SU-10002227,Office Supplies,Supplies,"Elite Letter Opener, High Speed"
OFF-SU-10004497,Office Supplies,Supplies,"Elite Scissors, Serrated"
OFF-XER-10003600,Office Supplies,Paper,"Xerox Memo Slips, Multicolor"
OFF-FA-10002964,Office Supplies,Fasteners,"Accos Clamps, 12 Pack"
OFF-ELD-10001293,Office Supplies,Storage,"Eldon Box, Wire Frame"
OFF-LA-10000073,Office Supplies,Labels,"Novimex Legal Exhibit Labels, 5000 Label Set"
TEC-MA-10001148,Technology,Machines,Okidata MB491 Multifunction Printer
FUR-CH-10002033,Furniture,Chairs,"Harbour Creations Executive Leather Armchair, Adjustable"
OFF-AR-10000937,Office Supplies,Art,"Dixon Ticonderoga Core-Lock Colored Pencils, 48-Color Set"
TEC-PH-10000309,Technology,Phones,"Motorola Audio Dock, with Caller ID"
OFF-SAN-10002015,Office Supplies,Art,"Sanford Pens, Water Color"
OFF-AR-10000833,Office Supplies,Art,"Binney & Smith Pencil Sharpener, Water Color"
OFF-FA-10003034,Office Supplies,Fasteners,"OIC Rubber Bands, 12 Pack"
OFF-HOO-10000318,Office Supplies,Appliances,"Hoover Microwave, Silver"
TEC-AC-10001831,Technology,Accessories,"Memorex Keyboard, Bluetooth"
FUR-CH-10002344,Furniture,Chairs,"Novimex Rocking Chair, Adjustable"
FUR-FU-10004288,Furniture,Furnishings,"Eldon Frame, Duo Pack"
OFF-ST-10003141,Office Supplies,Storage,"Fellowes Trays, Industrial"
OFF-BI-10003779,Office Supplies,Binders,"Cardinal 3-Hole Punch, Durable"
FUR-CH-10003354,Furniture,Chairs,"Novimex Bag Chairs, Black"
OFF-ST-10002205,Office Supplies,Storage,File Shuttle I and Handi-File
OFF-BI-10000309,Office Supplies,Binders,"GBC Twin Loop Wire Binding Elements, 9/16"" Spine, Black"
FUR-FU-10002598,Furniture,Furnishings,"Tenex Photo Frame, Durable"
FUR-BO-10004699,Furniture,Bookcases,"Dania 3-Shelf Cabinet, Mobile"
OFF-EN-10000127,Office Supplies,Envelopes,"Ames Clasp Envelope, with clear poly window"
OFF-AR-10002445,Office Supplies,Art,SANFORD Major Accent Highlighters
OFF-LA-10001383,Office Supplies,Labels,"Smead Shipping Labels, Adjustable"
TEC-CO-10001450,Technology,Copiers,"Canon Personal Copier, High-Speed"
OFF-FEL-10002658,Office Supplies,Storage,"Fellowes Shelving, Wire Frame"
OFF-SU-10003973,Office Supplies,Supplies,"Elite Trimmer, Easy Grip"
OFF-AP-10004036,Office Supplies,Appliances,Bionaire 99.97% HEPA Air Cleaner
TEC-CO-10003694,Technology,Copiers,"Brother Wireless Fax, Color"
TEC-PH-10001750,Technology,Phones,Samsung Rugby III
OFF-SU-10004662,Office Supplies,Supplies,"Elite Scissors, Serrated"
OFF-STO-10000924,Office Supplies,Fasteners,"Stockwell Rubber Bands, Metal"
OFF-AR-10000184,Office Supplies,Art,"Boston Pencil Sharpener, Water Color"
OFF-AP-10004569,Office Supplies,Appliances,"Hoover Coffee Grinder, Red"
FUR-FU-10003012,Furniture,Furnishings,"Rubbermaid Stacking Tray, Durable"
OFF-SU-10004791,Office Supplies,Supplies,"Fiskars Letter Opener, Easy Grip"
OFF-SU-10001808,Office Supplies,Supplies,"Elite Shears, High Speed"
OFF-SU-10003371,Office Supplies,Supplies,"Elite Shears, Serrated"
FUR-CH-10001553,Furniture,Chairs,"Hon Bag Chairs, Adjustable"
OFF-KRA-10004624,Office Supplies,Envelopes,"Kraft Peel and Seal, Set of 50"
TEC-CO-10002788,Technology,Copiers,"Hewlett Personal Copier, Digital"
OFF-BI-10003350,Office Supplies,Binders,Acco Expandable Hanging Binders
OFF-ROG-10001340,Office Supplies,Storage,"Rogers File Cart, Industrial"
OFF-BI-10001685,Office Supplies,Binders,"Avery Index Tab, Durable"
OFF-ST-10003442,Office Supplies,Storage,Eldon Portable Mobile Manager
OFF-AR-10001473,Office Supplies,Art,Newell 313
OFF-AR-10001955,Office Supplies,Art,Newell 319
FUR-FU-10004049,Furniture,Furnishings,"Eldon Light Bulb, Erganomic"
OFF-ST-10003470,Office Supplies,Storage,"Rogers Folders, Industrial"
OFF-BI-10002881,Office Supplies,Binders,"Wilson Jones Binding Machine, Economy"
OFF-BI-10002061,Office Supplies,Binders,"Ibico Binder, Recycled"
FUR-CH-10002209,Furniture,Chairs,"Novimex Chairmat, Red"
OFF-EN-10003933,Office Supplies,Envelopes,"Kraft Manila Envelope, Security-Tint"
OFF-LA-10003295,Office Supplies,Labels,"Harbour Creations Color Coded Labels, Alphabetical"
TEC-AC-10003289,Technology,Accessories,Anker Ultra-Slim Mini Bluetooth 3.0 Wireless Keyboard
TEC-MA-10002226,Technology,Machines,"Epson Phone, Red"
TEC-AC-10003023,Technology,Accessories,Logitech G105 Gaming Keyboard
TEC-AC-10001352,Technology,Accessories,"SanDisk Numeric Keypad, Bluetooth"
OFF-AP-10002960,Office Supplies,Appliances,"Hamilton Beach Toaster, Black"
TEC-MA-10004679,Technology,Machines,StarTech.com 10/100 VDSL2 Ethernet Extender Kit
OFF-EN-10004870,Office Supplies,Envelopes,"Jiffy Mailers, Security-Tint"
OFF-AP-10003281,Office Supplies,Appliances,Acco 6 Outlet Guardian Standard Surge Suppressor
TEC-PH-10000824,Technology,Phones,"Cisco Office Telephone, Full Size"
OFF-EN-10002808,Office Supplies,Envelopes,"Cameo Business Envelopes, Set of 50"
OFF-AR-10001659,Office Supplies,Art,"Boston Markers, Blue"
OFF-BI-10004685,Office Supplies,Binders,"Acco Binder, Economy"
OFF-EN-10003632,Office Supplies,Envelopes,"Jiffy Mailers, Recycled"
OFF-FA-10004754,Office Supplies,Fasteners,"Advantus Rubber Bands, 12 Pack"
OFF-JIF-10003115,Office Supplies,Envelopes,"Jiffy Interoffice Envelope, Recycled"
TEC-PH-10000026,Technology,Phones,"Nokia Office Telephone, Cordless"
OFF-ST-10000078,Office Supplies,Storage,Tennsco 6- and 18-Compartment Lockers
TEC-HP -10001426,Technology,Copiers,"HP Personal Copier, Color"
TEC-PH-10001574,Technology,Phones,"Nokia Audio Dock, Cordless"
OFF-JIF-10004777,Office Supplies,Envelopes,"Jiffy Clasp Envelope, Recycled"
TEC-MA-10002459,Technology,Machines,"StarTech Printer, White"
FUR-BO-10001165,Furniture,Bookcases,"Bush Library with Doors, Mobile"
OFF-GRE-10000216,Office Supplies,Paper,"Green Bar Note Cards, Premium"
OFF-FIS-10002661,Office Supplies,Supplies,"Fiskars Shears, Steel"
OFF-BI-10004121,Office Supplies,Binders,"Avery Index Tab, Durable"
OFF-AP-10003400,Office Supplies,Appliances,"Hamilton Beach Toaster, Black"
TEC-AC-10001995,Technology,Accessories,"Logitech Router, USB"
OFF-AR-10001915,Office Supplies,Art,Peel-Off China Markers
FUR-FU-10003724,Furniture,Furnishings,Westinghouse Clip-On Gooseneck Lamps
OFF-ST-10003020,Office Supplies,Storage,"Tenex Lockers, Industrial"
FUR-CH-10000527,Furniture,Chairs,"Office Star Executive Leather Armchair, Adjustable"
FUR-CH-10000602,Furniture,Chairs,"Novimex Executive Leather Armchair, Red"
OFF-FA-10003161,Office Supplies,Fasteners,"OIC Paper Clips, Assorted Sizes"
FUR-FU-10001760,Furniture,Furnishings,"Tenex Light Bulb, Black"
OFF-FA-10002600,Office Supplies,Fasteners,"Accos Thumb Tacks, 12 Pack"
OFF-EN-10000968,Office Supplies,Envelopes,"Kraft Mailers, Recycled"
TEC-CO-10003087,Technology,Copiers,"Canon Wireless Fax, Laser"
OFF-PA-10002611,Office Supplies,Paper,"Green Bar Parchment Paper, Multicolor"
OFF-ST-10001272,Office Supplies,Storage,"Mini 13-1/2 Capacity Data Binder Rack, Pearl"
TEC-CO-10004589,Technology,Copiers,"Canon Wireless Fax, High-Speed"
OFF-PA-10000850,Office Supplies,Paper,"SanDisk Parchment Paper, Multicolor"
TEC-PH-10004552,Technology,Phones,"Motorola Office Telephone, Full Size"
OFF-AVE-10004310,Office Supplies,Labels,"Avery File Folder Labels, Alphabetical"
OFF-FA-10002248,Office Supplies,Fasteners,"Stockwell Staples, Assorted Sizes"
OFF-NOV-10000092,Office Supplies,Labels,"Novimex Color Coded Labels, 5000 Label Set"
FUR-FU-10000612,Furniture,Furnishings,"Tenex Frame, Black"
OFF-FA-10000757,Office Supplies,Fasteners,"Stockwell Paper Clips, Assorted Sizes"
OFF-BI-10003684,Office Supplies,Binders,Wilson Jones Legal Size Ring Binders
TEC-MA-10002267,Technology,Machines,"Konica Calculator, White"
OFF-AR-10000409,Office Supplies,Art,"Sanford Canvas, Easy-Erase"
OFF-ST-10004180,Office Supplies,Storage,"Tenex File Cart, Single Width"
OFF-CUI-10003409,Office Supplies,Appliances,"Cuisinart Refrigerator, Silver"
FUR-CH-10000994,Furniture,Chairs,"Office Star Steel Folding Chair, Red"
FUR-ELD-10004994,Furniture,Furnishings,"Eldon Clock, Duo Pack"
TEC-CO-10002466,Technology,Copiers,"Brother Personal Copier, High-Speed"
OFF-AP-10003577,Office Supplies,Appliances,"Hoover Stove, Silver"
OFF-AP-10004415,Office Supplies,Appliances,"Hoover Microwave, Red"
TEC-MA-10001859,Technology,Machines,"Okidata Printer, Wireless"
OFF-FA-10003112,Office Supplies,Fasteners,Staples
FUR-BO-10000170,Furniture,Bookcases,"Safco Library with Doors, Mobile"
OFF-SU-10001992,Office Supplies,Supplies,"Stiletto Ruler, Serrated"
OFF-SU-10003907,Office Supplies,Supplies,"Stiletto Letter Opener, Easy Grip"
OFF-AP-10003774,Office Supplies,Appliances,"Hoover Coffee Grinder, Black"
TEC-PH-10000127,Technology,Phones,iOttie XL Car Mount
TEC-STA-10000008,Technology,Machines,"StarTech Calculator, Wireless"
TEC-MA-10004458,Technology,Machines,Lexmark X 9575 Professional All-in-One Color Printer
OFF-PA-10000955,Office Supplies,Paper,Southworth 25% Cotton Granite Paper & Envelopes
OFF-EN-10001453,Office Supplies,Envelopes,"Tyvek Interoffice Envelopes, 9 1/2"" x 12 1/2"", 100/Box"
OFF-BI-10003314,Office Supplies,Binders,Tuff Stuff Recycled Round Ring Binders
FUR-FU-10002017,Furniture,Furnishings,"Rubbermaid Door Stop, Duo Pack"
FUR-CH-10002374,Furniture,Chairs,"SAFCO Bag Chairs, Black"
FUR-CH-10004010,Furniture,Chairs,"SAFCO Bag Chairs, Red"
OFF-SU-10000822,Office Supplies,Supplies,"Fiskars Letter Opener, Steel"
OFF-AP-10000258,Office Supplies,Appliances,"Hamilton Beach Blender, Black"
FUR-FU-10001468,Furniture,Furnishings,Tenex Antistatic Computer Chair Mats
OFF-PA-10000528,Office Supplies,Paper,Xerox 1981
FUR-CH-10003597,Furniture,Chairs,"SAFCO Executive Leather Armchair, Set of Two"
FUR-DAN-10001622,Furniture,Bookcases,"Dania Library with Doors, Pine"
OFF-KIT-10003611,Office Supplies,Appliances,"KitchenAid Stove, Red"
FUR-CH-10001805,Furniture,Chairs,"Office Star Chairmat, Set of Two"
OFF-ACM-10001704,Office Supplies,Supplies,"Acme Letter Opener, Serrated"
TEC-MA-10002178,Technology,Machines,Cisco CP-7937G Unified IP Conference Station Phone
FUR-IKE-10001312,Furniture,Bookcases,"Ikea Classic Bookcase, Traditional"
OFF-ST-10003393,Office Supplies,Storage,"Smead Box, Wire Frame"
OFF-AP-10000864,Office Supplies,Appliances,"Hamilton Beach Refrigerator, Black"
OFF-STO-10002661,Office Supplies,Fasteners,"Stockwell Staples, 12 Pack"
FUR-HON-10000103,Furniture,Chairs,"Hon Swivel Stool, Red"
OFF-BI-10003999,Office Supplies,Binders,"Avery Hole Reinforcements, Clear"
OFF-LA-10002523,Office Supplies,Labels,"Smead Removable Labels, Laser Printer Compatible"
OFF-SU-10000650,Office Supplies,Supplies,"Acme Shears, Steel"
TEC-CO-10004961,Technology,Copiers,"HP Wireless Fax, Color"
TEC-LOG-10002018,Technology,Accessories,"Logitech Memory Card, Erganomic"
OFF-SU-10001848,Office Supplies,Supplies,"Kleencut Ruler, Easy Grip"
OFF-ACC-10003909,Office Supplies,Fasteners,"Accos Push Pins, Assorted Sizes"
OFF-LA-10003396,Office Supplies,Labels,"Avery Color Coded Labels, Laser Printer Compatible"
OFF-FA-10003437,Office Supplies,Fasteners,"Accos Clamps, Bulk Pack"
OFF-ST-10003811,Office Supplies,Storage,"Smead Lockers, Single Width"
OFF-SU-10001421,Office Supplies,Supplies,"Acme Shears, Easy Grip"
OFF-BI-10003646,Office Supplies,Binders,"Avery Index Tab, Economy"
FUR-CH-10003580,Furniture,Chairs,"Harbour Creations Bag Chairs, Black"
FUR-TA-10004937,Furniture,Tables,"Chromcraft Conference Table, Rectangular"
TEC-PH-10002350,Technology,Phones,Apple EarPods with Remote and Mic
OFF-ST-10000648,Office Supplies,Storage,"Eldon File Cart, Industrial"
TEC-MA-10003361,Technology,Machines,"Konica Printer, Red"
OFF-FA-10001175,Office Supplies,Fasteners,"OIC Staples, Bulk Pack"
FUR-FU-10002804,Furniture,Furnishings,"Advantus Clock, Duo Pack"
TEC-EPS-10003568,Technology,Machines,"Epson Receipt Printer, Durable"
FUR-BO-10003768,Furniture,Bookcases,"Sauder 3-Shelf Cabinet, Traditional"
OFF-ST-10000300,Office Supplies,Storage,"Eldon Folders, Wire Frame"
OFF-AP-10000576,Office Supplies,Appliances,"Belkin 325VA UPS Surge Protector, 6'"
FUR-BO-10004844,Furniture,Bookcases,"Sauder Corner Shelving, Mobile"
OFF-EN-10003231,Office Supplies,Envelopes,"Jiffy Business Envelopes, Set of 50"
OFF-ST-10001597,Office Supplies,Storage,"Tenex Box, Single Width"
FUR-FU-10000204,Furniture,Furnishings,"Advantus Door Stop, Durable"
TEC-MA-10003953,Technology,Machines,"Epson Inkjet, Durable"
OFF-BI-10000340,Office Supplies,Binders,"Avery Binding Machine, Clear"
OFF-LA-10004972,Office Supplies,Labels,"Avery File Folder Labels, 5000 Label Set"
OFF-EN-10003628,Office Supplies,Envelopes,"GlobeWeis Manila Envelope, Set of 50"
FUR-CH-10003009,Furniture,Chairs,"Novimex Swivel Stool, Adjustable"
OFF-ACC-10004278,Office Supplies,Fasteners,"Accos Paper Clips, Bulk Pack"
TEC-CO-10001894,Technology,Copiers,"Sharp Copy Machine, High-Speed"
TEC-PH-10004680,Technology,Phones,"Samsung Speaker Phone, with Caller ID"
FUR-TEN-10002418,Furniture,Furnishings,"Tenex Clock, Duo Pack"
FUR-FU-10000771,Furniture,Furnishings,"Eldon 200 Class Desk Accessories, Smoke"
OFF-AP-10003914,Office Supplies,Appliances,"Sanitaire Vibra Groomer IR Commercial Upright Vacuum, Replacement Belts"
FUR-FU-10004421,Furniture,Furnishings,"Tenex Clock, Durable"
FUR-CH-10003875,Furniture,Chairs,"Office Star Swivel Stool, Set of Two"
TEC-PH-10003174,Technology,Phones,RCA ViSYS 25825 Wireless digital phone
FUR-FU-10002919,Furniture,Furnishings,"Rubbermaid Frame, Erganomic"
OFF-AR-10001192,Office Supplies,Art,"Binney & Smith Canvas, Fluorescent"
OFF-BI-10000346,Office Supplies,Binders,"Ibico 3-Hole Punch, Clear"
OFF-BI-10002976,Office Supplies,Binders,ACCOHIDE Binder by Acco
TEC-AC-10001267,Technology,Accessories,Imation 32GB Pocket Pro USB 3.0 Flash Drive - 32 GB - Black - 1 P ...
FUR-BO-10001598,Furniture,Bookcases,"Bush Corner Shelving, Pine"
OFF-FA-10003463,Office Supplies,Fasteners,"OIC Thumb Tacks, Assorted Sizes"
TEC-AC-10003133,Technology,Accessories,Memorex Mini Travel Drive 4 GB USB 2.0 Flash Drive
OFF-AR-10002440,Office Supplies,Art,"Stanley Highlighters, Fluorescent"
TEC-MA-10002468,Technology,Machines,"Panasonic Inkjet, White"
TEC-MA-10000606,Technology,Machines,"Epson Phone, Wireless"
OFF-ROG-10002132,Office Supplies,Storage,"Rogers Lockers, Industrial"
TEC-AC-10001719,Technology,Accessories,"Enermax Flash Drive, Erganomic"
FUR-FU-10000293,Furniture,Furnishings,Eldon Antistatic Chair Mats for Low to Medium Pile Carpets
FUR-FU-10003535,Furniture,Furnishings,Howard Miller Distant Time Traveler Alarm Clock
TEC-PH-10003492,Technology,Phones,"Cisco Audio Dock, Full Size"
FUR-BO-10000243,Furniture,Bookcases,"Safco Floating Shelf Set, Pine"
OFF-FA-10002992,Office Supplies,Fasteners,"Advantus Clamps, Assorted Sizes"
OFF-SU-10004802,Office Supplies,Supplies,"Stiletto Shears, Serrated"
FUR-CH-10002030,Furniture,Chairs,"Office Star Swivel Stool, Red"
FUR-RUB-10004420,Furniture,Furnishings,"Rubbermaid Door Stop, Black"
OFF-LA-10000081,Office Supplies,Labels,Avery 496
OFF-BI-10000201,Office Supplies,Binders,"Avery Triangle Shaped Sheet Lifters, Black, 2/Pack"
TEC-ENE-10000895,Technology,Accessories,"Enermax Mouse, Bluetooth"
OFF-SU-10002412,Office Supplies,Supplies,"Stiletto Letter Opener, Steel"
FUR-CH-10001347,Furniture,Chairs,"SAFCO Steel Folding Chair, Black"
OFF-ST-10004947,Office Supplies,Storage,"Tenex Trays, Industrial"
OFF-ACC-10002327,Office Supplies,Fasteners,"Accos Thumb Tacks, Metal"
TEC-AC-10001405,Technology,Accessories,"Logitech Router, Bluetooth"
FUR-TA-10004219,Furniture,Tables,"Bevis Computer Table, with Bottom Storage"
FUR-CH-10000932,Furniture,Chairs,"Harbour Creations Executive Leather Armchair, Red"
OFF-BI-10004334,Office Supplies,Binders,"Avery Hole Reinforcements, Durable"
OFF-EN-10004206,Office Supplies,Envelopes,Multimedia Mailers
TEC-PH-10003870,Technology,Phones,"Samsung Signal Booster, VoIP"
FUR-FU-10000342,Furniture,Furnishings,"Deflect-O Light Bulb, Durable"
FUR-CH-10004277,Furniture,Chairs,"SAFCO Swivel Stool, Black"
TEC-PH-10004531,Technology,Phones,AT&T CL2909
FUR-FU-10004459,Furniture,Furnishings,"Deflect-O Door Stop, Erganomic"
FUR-FU-10001343,Furniture,Furnishings,"Eldon Stacking Tray, Erganomic"
OFF-XER-10001454,Office Supplies,Paper,"Xerox Parchment Paper, Multicolor"
OFF-AR-10001149,Office Supplies,Art,"Sanford Colorific Colored Pencils, 12/Box"
TEC-AC-10000420,Technology,Accessories,"Belkin Router, USB"
OFF-FA-10003022,Office Supplies,Fasteners,"Stockwell Clamps, Assorted Sizes"
TEC-MA-10000768,Technology,Machines,"Epson Card Printer, White"
TEC-AC-10000023,Technology,Accessories,"Maxell 74 Minute CD-R Spindle, 50/Pack"
OFF-BI-10004506,Office Supplies,Binders,Wilson Jones data.warehouse D-Ring Binders with DublLock
FUR-TA-10002041,Furniture,Tables,"Bevis Round Conference Table Top, X-Base"
OFF-FA-10004076,Office Supplies,Fasteners,Translucent Push Pins by OIC
OFF-PA-10000194,Office Supplies,Paper,"SanDisk Cards & Envelopes, 8.5 x 11"
TEC-AC-10002015,Technology,Accessories,"Logitech Router, Programmable"
OFF-FA-10000790,Office Supplies,Fasteners,"Stockwell Rubber Bands, Bulk Pack"
OFF-AR-10001868,Office Supplies,Art,Prang Dustless Chalk Sticks
TEC-MA-10000473,Technology,Machines,"Konica Phone, Red"
OFF-LA-10002034,Office Supplies,Labels,Avery 478
OFF-EN-10002258,Office Supplies,Envelopes,"Jiffy Mailers, with clear poly window"
TEC-PH-10004165,Technology,Phones,Mitel MiVoice 5330e IP Phone
FUR-FU-10000743,Furniture,Furnishings,"Eldon Frame, Erganomic"
OFF-LA-10004774,Office Supplies,Labels,"Avery Shipping Labels, Alphabetical"
FUR-ADV-10002889,Furniture,Furnishings,"Advantus Clock, Durable"
FUR-FU-10004787,Furniture,Furnishings,"Advantus Frame, Durable"
TEC-PH-10004182,Technology,Phones,"Motorola Smart Phone, Full Size"
OFF-ST-10004382,Office Supplies,Storage,"Smead Folders, Blue"
OFF-PA-10004255,Office Supplies,Paper,Xerox 219
TEC-CO-10004234,Technology,Copiers,"Canon Fax Machine, Laser"
FUR-CH-10000155,Furniture,Chairs,Global Comet Stacking Armless Chair
TEC-AC-10003047,Technology,Accessories,"SanDisk Keyboard, USB"
TEC-LOG-10001871,Technology,Accessories,"Logitech Router, USB"
OFF-AR-10004348,Office Supplies,Art,"Boston Sketch Pad, Easy-Erase"
OFF-FEL-10001630,Office Supplies,Storage,"Fellowes Lockers, Industrial"
OFF-ST-10001554,Office Supplies,Storage,"Tenex File Cart, Industrial"
OFF-LA-10001191,Office Supplies,Labels,"Harbour Creations File Folder Labels, Alphabetical"
OFF-AR-10002060,Office Supplies,Art,"Stanley Pens, Fluorescent"
OFF-AR-10002640,Office Supplies,Art,"Boston Pens, Blue"
FUR-BO-10002679,Furniture,Bookcases,"Ikea Stackable Bookrack, Mobile"
FUR-TA-10004915,Furniture,Tables,"Office Impressions End Table, 20-1/2""H x 24""W x 20""D"
OFF-FA-10000999,Office Supplies,Fasteners,"OIC Thumb Tacks, 12 Pack"
OFF-XER-10002848,Office Supplies,Paper,"Xerox Message Books, Multicolor"
OFF-AP-10004226,Office Supplies,Appliances,"Cuisinart Coffee Grinder, Black"
OFF-EN-10000387,Office Supplies,Envelopes,"Kraft Clasp Envelope, Recycled"
OFF-WIL-10000146,Office Supplies,Binders,"Wilson Jones Binding Machine, Clear"
TEC-MA-10004669,Technology,Machines,"Epson Inkjet, Wireless"
TEC-AC-10000258,Technology,Accessories,"Belkin Numeric Keypad, Bluetooth"
TEC-APP-10001340,Technology,Phones,"Apple Headset, VoIP"
TEC-KON-10000302,Technology,Machines,"Konica Phone, White"
OFF-SU-10003624,Office Supplies,Supplies,"Stiletto Scissors, High Speed"
OFF-SU-10001173,Office Supplies,Supplies,"Stiletto Trimmer, Easy Grip"
FUR-CH-10004462,Furniture,Chairs,"Hon Executive Leather Armchair, Adjustable"
FUR-CH-10003143,Furniture,Chairs,"Harbour Creations Bag Chairs, Black"
OFF-TEN-10003089,Office Supplies,Storage,"Tenex File Cart, Blue"
OFF-TEN-10003948,Office Supplies,Storage,"Tenex Box, Blue"
OFF-TEN-10001585,Office Supplies,Storage,"Tenex Box, Single Width"
OFF-CAM-10003511,Office Supplies,Envelopes,"Cameo Clasp Envelope, Set of 50"
FUR-CH-10001752,Furniture,Chairs,"Harbour Creations Steel Folding Chair, Black"
OFF-ST-10001522,Office Supplies,Storage,"Gould Plastics 18-Pocket Panel Bin, 34w x 5-1/4d x 20-1/2h"
TEC-BEL-10002476,Technology,Accessories,"Belkin Router, Bluetooth"
OFF-BIN-10002061,Office Supplies,Art,"Binney & Smith Sketch Pad, Blue"
TEC-STA-10002650,Technology,Machines,"StarTech Card Printer, Wireless"
FUR-SAU-10003188,Furniture,Bookcases,"Sauder Stackable Bookrack, Pine"
OFF-BI-10004562,Office Supplies,Binders,"Acco Binder, Clear"
OFF-AME-10001489,Office Supplies,Envelopes,"Ames Manila Envelope, Set of 50"
FUR-FU-10004907,Furniture,Furnishings,"Advantus Light Bulb, Durable"
FUR-HAR-10002223,Furniture,Chairs,"Harbour Creations Chairmat, Set of Two"
OFF-FA-10004527,Office Supplies,Fasteners,"Advantus Thumb Tacks, Bulk Pack"
OFF-BI-10002003,Office Supplies,Binders,Ibico Presentation Index for Binding Systems
FUR-CH-10001756,Furniture,Chairs,"Novimex Bag Chairs, Adjustable"
OFF-SU-10003804,Office Supplies,Supplies,"Kleencut Shears, Easy Grip"
FUR-BUS-10004336,Furniture,Bookcases,"Bush Corner Shelving, Traditional"
FUR-FU-10000432,Furniture,Furnishings,"Eldon Clock, Black"
TEC-HP -10000081,Technology,Copiers,"HP Ink, Color"
OFF-EN-10004521,Office Supplies,Envelopes,"Ames Manila Envelope, Security-Tint"
OFF-STO-10004495,Office Supplies,Fasteners,"Stockwell Thumb Tacks, Bulk Pack"
OFF-PA-10003127,Office Supplies,Paper,Staples
TEC-PH-10002713,Technology,Phones,"Samsung Headset, Cordless"
TEC-PH-10004553,Technology,Phones,"Cisco Audio Dock, VoIP"
OFF-BI-10000930,Office Supplies,Binders,"Avery Hole Reinforcements, Clear"
OFF-BI-10000583,Office Supplies,Binders,"Wilson Jones Hole Reinforcements, Clear"
OFF-EN-10004755,Office Supplies,Envelopes,"Cameo Business Envelopes, Set of 50"
TEC-MA-10002471,Technology,Machines,"Epson Phone, Durable"
OFF-ST-10001590,Office Supplies,Storage,"Eldon Folders, Blue"
OFF-FA-10001631,Office Supplies,Fasteners,"Advantus Staples, Bulk Pack"
OFF-EN-10000871,Office Supplies,Envelopes,"Ames Interoffice Envelope, Set of 50"
OFF-LA-10003644,Office Supplies,Labels,"Novimex Removable Labels, Adjustable"
OFF-AR-10003446,Office Supplies,Art,"BIC Highlighters, Water Color"
TEC-AC-10001187,Technology,Accessories,"Memorex Keyboard, USB"
OFF-PA-10001858,Office Supplies,Paper,"SanDisk Message Books, Multicolor"
OFF-AP-10004868,Office Supplies,Appliances,Hoover Commercial Soft Guard Upright Vacuum And Disposable Filtration Bags
TEC-MA-10004224,Technology,Machines,"StarTech Inkjet, Wireless"
FUR-FU-10000039,Furniture,Furnishings,"Tenex Light Bulb, Duo Pack"
OFF-BI-10000359,Office Supplies,Binders,"Ibico Binder Covers, Durable"
FUR-FU-10004604,Furniture,Furnishings,"Deflect-O Clock, Erganomic"
FUR-BO-10002545,Furniture,Bookcases,"Atlantic Metals Mobile 3-Shelf Bookcases, Custom Colors"
TEC-NOK-10004183,Technology,Phones,"Nokia Office Telephone, VoIP"
FUR-BO-10001003,Furniture,Bookcases,"Dania 3-Shelf Cabinet, Traditional"
TEC-AC-10003611,Technology,Accessories,"Memorex Flash Drive, Programmable"
TEC-PH-10004447,Technology,Phones,Toshiba IPT2010-SD IP Telephone
TEC-PH-10002574,Technology,Phones,"Cisco Speaker Phone, Cordless"
FUR-FU-10003605,Furniture,Furnishings,"Eldon Light Bulb, Durable"
OFF-KIT-10001791,Office Supplies,Appliances,"KitchenAid Refrigerator, White"
FUR-FU-10000913,Furniture,Furnishings,"Rubbermaid Door Stop, Durable"
OFF-LA-10001719,Office Supplies,Labels,"Avery Color Coded Labels, 5000 Label Set"
OFF-PA-10004287,Office Supplies,Paper,"Enermax Message Books, Recycled"
OFF-AR-10001479,Office Supplies,Art,"Binney & Smith Pencil Sharpener, Easy-Erase"
OFF-EN-10000053,Office Supplies,Envelopes,"Ames Business Envelopes, Recycled"
OFF-BI-10001662,Office Supplies,Binders,"Avery Binder, Recycled"
FUR-TA-10002912,Furniture,Tables,"Lesro Conference Table, Rectangular"
OFF-BI-10004491,Office Supplies,Binders,"Avery Binder Covers, Durable"
OFF-EN-10003533,Office Supplies,Envelopes,"Cameo Peel and Seal, Recycled"
TEC-HEW-10003460,Technology,Copiers,"Hewlett Fax and Copier, Color"
FUR-CH-10001414,Furniture,Chairs,"Hon Chairmat, Red"
TEC-PH-10001470,Technology,Phones,"Cisco Office Telephone, with Caller ID"
TEC-CO-10002681,Technology,Copiers,"HP Personal Copier, Digital"
TEC-PH-10004345,Technology,Phones,Cisco SPA 502G IP Phone
OFF-SU-10004872,Office Supplies,Supplies,"Elite Letter Opener, Easy Grip"
OFF-SME-10003134,Office Supplies,Storage,"Smead Box, Single Width"
OFF-EAT-10002789,Office Supplies,Paper,"Eaton Computer Printout Paper, Recycled"
OFF-LA-10001317,Office Supplies,Labels,Avery 520
TEC-AC-10003487,Technology,Accessories,"Enermax Mouse, Erganomic"
TEC-CO-10002350,Technology,Copiers,"Canon Wireless Fax, Digital"
TEC-AC-10003556,Technology,Accessories,"Belkin Keyboard, Bluetooth"
OFF-LA-10004148,Office Supplies,Labels,"Smead File Folder Labels, 5000 Label Set"
FUR-HON-10003412,Furniture,Tables,"Hon Wood Table, Fully Assembled"
OFF-BI-10003708,Office Supplies,Binders,"Acco Four Pocket Poly Ring Binder with Label Holder, Smoke, 1"""
OFF-ST-10001051,Office Supplies,Storage,"Eldon Shelving, Industrial"
TEC-SHA-10000501,Technology,Copiers,"Sharp Wireless Fax, High-Speed"
FUR-IKE-10003796,Furniture,Bookcases,"Ikea Stackable Bookrack, Metal"
OFF-ST-10001050,Office Supplies,Storage,"Eldon Shelving, Blue"
OFF-SU-10004848,Office Supplies,Supplies,"Kleencut Shears, High Speed"
OFF-ST-10002276,Office Supplies,Storage,Safco Steel Mobile File Cart
TEC-MA-10004822,Technology,Machines,"Epson Calculator, Durable"
OFF-CAM-10002625,Office Supplies,Envelopes,"Cameo Peel and Seal, with clear poly window"
TEC-AC-10002159,Technology,Accessories,"Logitech Router, Erganomic"
OFF-LA-10003297,Office Supplies,Labels,"Avery Removable Labels, 5000 Label Set"
OFF-EN-10002850,Office Supplies,Envelopes,"Ames Manila Envelope, Recycled"
OFF-ST-10003282,Office Supplies,Storage,"Advantus 10-Drawer Portable Organizer, Chrome Metal Frame, Smoke Drawers"
OFF-PA-10004359,Office Supplies,Paper,"Xerox Computer Printout Paper, Premium"
OFF-BI-10004554,Office Supplies,Binders,"Avery Index Tab, Clear"
TEC-MA-10000843,Technology,Machines,"Konica Phone, Red"
OFF-EN-10000927,Office Supplies,Envelopes,Jet-Pak Recycled Peel 'N' Seal Padded Mailers
OFF-FA-10000746,Office Supplies,Fasteners,"Advantus Thumb Tacks, 12 Pack"
OFF-AR-10000715,Office Supplies,Art,"Boston Markers, Blue"
OFF-ST-10000028,Office Supplies,Storage,"Rogers Shelving, Blue"
TEC-AC-10003063,Technology,Accessories,"Memorex Memory Card, Programmable"
OFF-AP-10000510,Office Supplies,Appliances,"Cuisinart Coffee Grinder, Red"
FUR-CH-10003822,Furniture,Chairs,"SAFCO Steel Folding Chair, Adjustable"
OFF-ST-10004976,Office Supplies,Storage,"Rogers Lockers, Blue"
OFF-KLE-10003497,Office Supplies,Supplies,"Kleencut Box Cutter, Steel"
OFF-EN-10004550,Office Supplies,Envelopes,"GlobeWeis Interoffice Envelope, Recycled"
OFF-LA-10004614,Office Supplies,Labels,"Smead Round Labels, 5000 Label Set"
TEC-AC-10004227,Technology,Accessories,SanDisk Ultra 16 GB MicroSDHC Class 10 Memory Card
OFF-LA-10004519,Office Supplies,Labels,"Avery Legal Exhibit Labels, 5000 Label Set"
OFF-ST-10000880,Office Supplies,Storage,"Rogers Box, Blue"
FUR-TA-10004256,Furniture,Tables,Bretford “Just In Time” Height-Adjustable Multi-Task Work Tables
TEC-MA-10001546,Technology,Machines,"Okidata Phone, Red"
OFF-BI-10004470,Office Supplies,Binders,"Wilson Jones Index Tab, Durable"
OFF-AP-10000382,Office Supplies,Appliances,"Breville Coffee Grinder, White"
OFF-LA-10000334,Office Supplies,Labels,"Hon Shipping Labels, Alphabetical"
FUR-CH-10004863,Furniture,Chairs,"SAFCO Swivel Stool, Black"
OFF-FA-10004401,Office Supplies,Fasteners,"OIC Staples, Metal"
OFF-BI-10003132,Office Supplies,Binders,"Cardinal Binding Machine, Clear"
OFF-BI-10004308,Office Supplies,Binders,Avery Legal 4-Ring Binder
OFF-AP-10000055,Office Supplies,Appliances,Belkin F9S820V06 8 Outlet Surge
TEC-PH-10004348,Technology,Phones,OtterBox Defender Series Case - iPhone 5c
TEC-MA-10003280,Technology,Machines,"Panasonic Receipt Printer, White"
OFF-PA-10003848,Office Supplies,Paper,Xerox 1997
OFF-PA-10000871,Office Supplies,Paper,"Enermax Cards & Envelopes, Recycled"
OFF-BI-10004908,Office Supplies,Binders,"Avery Binder Covers, Economy"
TEC-LOG-10002589,Technology,Accessories,"Logitech Memory Card, USB"
OFF-PA-10000876,Office Supplies,Paper,"Eaton Computer Printout Paper, Multicolor"
TEC-MA-10001966,Technology,Machines,"Epson Card Printer, Durable"
OFF-FIS-10003234,Office Supplies,Supplies,"Fiskars Trimmer, Serrated"
OFF-AR-10000762,Office Supplies,Art,"BIC Pens, Water Color"
OFF-ST-10000344,Office Supplies,Storage,"Fellowes Box, Industrial"
OFF-AP-10001635,Office Supplies,Appliances,"KitchenAid Refrigerator, Silver"
OFF-ST-10000287,Office Supplies,Storage,"Rogers Box, Blue"
OFF-OIC-10001056,Office Supplies,Fasteners,"OIC Clamps, 12 Pack"
OFF-BI-10000806,Office Supplies,Binders,"Acco Index Tab, Economy"
OFF-SU-10004780,Office Supplies,Supplies,"Fiskars Box Cutter, Steel"
OFF-ST-10004409,Office Supplies,Storage,"Rogers Box, Industrial"
OFF-STO-10004910,Office Supplies,Fasteners,"Stockwell Clamps, 12 Pack"
TEC-AC-10003335,Technology,Accessories,"SanDisk Memory Card, Erganomic"
OFF-ST-10004634,Office Supplies,Storage,"Personal Folder Holder, Ebony"
FUR-FU-10000222,Furniture,Furnishings,"Seth Thomas 16"" Steel Case Clock"
TEC-HEW-10002501,Technology,Copiers,"Hewlett Fax Machine, Laser"
OFF-ST-10003764,Office Supplies,Storage,"Tenex Box, Industrial"
OFF-ST-10004702,Office Supplies,Storage,"Eldon Box, Single Width"
TEC-AC-10000303,Technology,Accessories,Logitech M510 Wireless Mouse
FUR-TA-10001935,Furniture,Tables,"Hon Coffee Table, Fully Assembled"
TEC-MA-10001267,Technology,Machines,"Epson Calculator, Red"
FUR-ADV-10000600,Furniture,Furnishings,"Advantus Clock, Duo Pack"
FUR-CH-10003836,Furniture,Chairs,"Harbour Creations Rocking Chair, Red"
OFF-BIN-10004569,Office Supplies,Art,"Binney & Smith Highlighters, Blue"
OFF-EN-10002559,Office Supplies,Envelopes,"Kraft Clasp Envelope, Recycled"
FUR-FU-10004888,Furniture,Furnishings,"Tenex Stacking Tray, Erganomic"
OFF-AR-10003457,Office Supplies,Art,"Sanford Sketch Pad, Water Color"
FUR-CH-10004026,Furniture,Chairs,"SAFCO Rocking Chair, Adjustable"
OFF-SME-10003530,Office Supplies,Storage,"Smead Lockers, Wire Frame"
TEC-PH-10003535,Technology,Phones,RCA ViSYS 25423RE1 Corded phone
OFF-PA-10003232,Office Supplies,Paper,"Eaton Parchment Paper, 8.5 x 11"
FUR-BO-10000268,Furniture,Bookcases,"Bush Library with Doors, Pine"
OFF-CAR-10000687,Office Supplies,Binders,"Cardinal Binder Covers, Economy"
OFF-BI-10001617,Office Supplies,Binders,GBC Wire Binding Combs
OFF-AP-10001076,Office Supplies,Appliances,"Hamilton Beach Coffee Grinder, Red"
TEC-MA-10002073,Technology,Machines,"3D Systems Cube Printer, 2nd Generation, White"
FUR-CH-10003621,Furniture,Chairs,"Harbour Creations Chairmat, Adjustable"
OFF-STO-10003021,Office Supplies,Fasteners,"Stockwell Thumb Tacks, 12 Pack"
TEC-MA-10004295,Technology,Machines,"Panasonic Phone, Red"
OFF-ST-10003750,Office Supplies,Storage,"Tenex Shelving, Wire Frame"
OFF-PA-10001370,Office Supplies,Paper,"SanDisk Parchment Paper, 8.5 x 11"
OFF-ST-10001469,Office Supplies,Storage,Fellowes Bankers Box Recycled Super Stor/Drawer
TEC-PH-10002296,Technology,Phones,"Nokia Signal Booster, with Caller ID"
TEC-AC-10003628,Technology,Accessories,Logitech 910-002974 M325 Wireless Mouse for Web Scrolling
OFF-BI-10001192,Office Supplies,Binders,"Cardinal Binder, Clear"
OFF-AR-10001922,Office Supplies,Art,"Sanford Pens, Blue"
FUR-DEF-10000384,Furniture,Furnishings,"Deflect-O Door Stop, Black"
FUR-CH-10004455,Furniture,Chairs,"Harbour Creations Swivel Stool, Red"
TEC-PH-10001329,Technology,Phones,"Motorola Headset, Cordless"
OFF-AR-10003066,Office Supplies,Art,"Sanford Markers, Water Color"
TEC-CIS-10002565,Technology,Phones,"Cisco Speaker Phone, Full Size"
OFF-LA-10003627,Office Supplies,Labels,"Novimex Round Labels, Adjustable"
OFF-STI-10002040,Office Supplies,Supplies,"Stiletto Ruler, Easy Grip"
OFF-ST-10004236,Office Supplies,Storage,"Eldon Folders, Blue"
OFF-AME-10002923,Office Supplies,Envelopes,"Ames Clasp Envelope, Set of 50"
OFF-AR-10000127,Office Supplies,Art,Newell 321
TEC-PH-10003970,Technology,Phones,"Cisco Headset, Full Size"
TEC-STA-10004181,Technology,Machines,"StarTech Inkjet, Durable"
TEC-APP-10002829,Technology,Phones,"Apple Audio Dock, Full Size"
FUR-CH-10000229,Furniture,Chairs,Global Enterprise Series Seating High-Back Swivel/Tilt Chairs
FUR-HAR-10004726,Furniture,Chairs,"Harbour Creations Steel Folding Chair, Adjustable"
FUR-FU-10002094,Furniture,Furnishings,"Rubbermaid Photo Frame, Erganomic"
OFF-AR-10001226,Office Supplies,Art,"Boston Pencil Sharpener, Fluorescent"
FUR-BO-10004725,Furniture,Bookcases,"Sauder Library with Doors, Metal"
FUR-CH-10002647,Furniture,Chairs,"Situations Contoured Folding Chairs, 4/Set"
TEC-PH-10004880,Technology,Phones,"Cisco Signal Booster, Cordless"
FUR-BO-10004771,Furniture,Bookcases,"Ikea Classic Bookcase, Traditional"
TEC-PH-10001700,Technology,Phones,Panasonic KX-TG6844B Expandable Digital Cordless Telephone
TEC-CO-10000825,Technology,Copiers,"Brother Ink, Color"
FUR-HAR-10002178,Furniture,Chairs,"Harbour Creations Rocking Chair, Set of Two"
OFF-AR-10003551,Office Supplies,Art,"Sanford Pens, Water Color"
OFF-AP-10001406,Office Supplies,Appliances,"Breville Stove, Black"
OFF-ADV-10002299,Office Supplies,Fasteners,"Advantus Rubber Bands, 12 Pack"
OFF-BI-10000115,Office Supplies,Binders,"Acco Hole Reinforcements, Clear"
TEC-EPS-10001341,Technology,Machines,"Epson Calculator, White"
OFF-SU-10003527,Office Supplies,Supplies,"Elite Ruler, Easy Grip"
FUR-TA-10000518,Furniture,Tables,"Chromcraft Round Table, Fully Assembled"
TEC-PH-10002255,Technology,Phones,"Apple Audio Dock, Full Size"
OFF-PA-10002966,Office Supplies,Paper,"SanDisk Cards & Envelopes, Recycled"
TEC-PH-10002834,Technology,Phones,Google Nexus 5
OFF-EN-10000061,Office Supplies,Envelopes,"Cameo Business Envelopes, Set of 50"
OFF-AP-10000916,Office Supplies,Appliances,"KitchenAid Microwave, Black"
TEC-MA-10001210,Technology,Machines,"Okidata Calculator, Durable"
OFF-LA-10003058,Office Supplies,Labels,"Novimex Legal Exhibit Labels, Adjustable"
TEC-PH-10003927,Technology,Phones,"Nokia Audio Dock, with Caller ID"
TEC-CO-10001264,Technology,Copiers,"Canon Ink, Color"
FUR-TA-10001693,Furniture,Tables,"Bevis Training Table, with Bottom Storage"
OFF-AR-10000584,Office Supplies,Art,"Sanford Pencil Sharpener, Water Color"
TEC-OKI-10000592,Technology,Machines,"Okidata Phone, White"
OFF-LA-10002139,Office Supplies,Labels,"Novimex Color Coded Labels, Alphabetical"
FUR-TA-10003171,Furniture,Tables,"Bevis Training Table, Fully Assembled"
OFF-BI-10001294,Office Supplies,Binders,Fellowes Binding Cases
OFF-FA-10002637,Office Supplies,Fasteners,"OIC Clamps, Bulk Pack"
OFF-EN-10000904,Office Supplies,Envelopes,"Ames Mailers, with clear poly window"
OFF-BI-10000029,Office Supplies,Binders,"Ibico Binding Machine, Recycled"
FUR-FU-10004017,Furniture,Furnishings,"Tenex Contemporary Contur Chairmats for Low and Medium Pile Carpet, Computer, 39"" x 49"""
OFF-AR-10003958,Office Supplies,Art,Newell 337
OFF-PA-10001260,Office Supplies,Paper,"TOPS Money Receipt Book, Consecutively Numbered in Red,"
TEC-STA-10002497,Technology,Machines,"StarTech Card Printer, White"
TEC-AC-10001792,Technology,Accessories,"Logitech Mouse, Programmable"
OFF-AP-10001885,Office Supplies,Appliances,"Hamilton Beach Coffee Grinder, White"
OFF-GRE-10004796,Office Supplies,Paper,"Green Bar Computer Printout Paper, Multicolor"
OFF-SU-10003118,Office Supplies,Supplies,"Acme Shears, Easy Grip"
OFF-LA-10003809,Office Supplies,Labels,"Novimex Legal Exhibit Labels, Laser Printer Compatible"
OFF-PA-10002333,Office Supplies,Paper,"Universal Ultra Bright White Copier/Laser Paper, 8 1/2"" x 11"", Ream"
FUR-SAF-10002557,Furniture,Chairs,"SAFCO Steel Folding Chair, Red"
OFF-FA-10000974,Office Supplies,Fasteners,"Stockwell Paper Clips, Bulk Pack"
TEC-CO-10000961,Technology,Copiers,"Canon Copy Machine, Color"
FUR-CH-10000663,Furniture,Chairs,"Hon Steel Folding Chair, Adjustable"
FUR-CH-10001130,Furniture,Chairs,"Harbour Creations Swivel Stool, Set of Two"
OFF-FA-10000697,Office Supplies,Fasteners,"Advantus Rubber Bands, 12 Pack"
TEC-PH-10000493,Technology,Phones,"Apple Smart Phone, Full Size"
OFF-BI-10001191,Office Supplies,Binders,"Wilson Jones Hole Reinforcements, Recycled"
OFF-ELI-10001904,Office Supplies,Supplies,"Elite Letter Opener, Steel"
OFF-ST-10000798,Office Supplies,Storage,"2300 Heavy-Duty Transfer File Systems by Perma"
TEC-CO-10000556,Technology,Copiers,"HP Wireless Fax, Laser"
TEC-CIS-10002598,Technology,Phones,"Cisco Audio Dock, with Caller ID"
OFF-AR-10000356,Office Supplies,Art,"Boston Highlighters, Fluorescent"
OFF-BI-10002335,Office Supplies,Binders,"Avery Binder Covers, Durable"
TEC-PH-10001148,Technology,Phones,"Samsung Signal Booster, VoIP"
OFF-SU-10003357,Office Supplies,Supplies,"Fiskars Shears, Steel"
OFF-ST-10004315,Office Supplies,Storage,"Rogers Lockers, Blue"
TEC-CO-10002063,Technology,Copiers,"Sharp Fax Machine, Color"
OFF-BI-10000287,Office Supplies,Binders,"Wilson Jones Index Tab, Recycled"
OFF-SU-10000556,Office Supplies,Supplies,"Kleencut Shears, Steel"
OFF-AR-10002113,Office Supplies,Art,"Boston Highlighters, Easy-Erase"
FUR-CH-10004065,Furniture,Chairs,"SAFCO Bag Chairs, Adjustable"
TEC-AC-10001950,Technology,Accessories,"Belkin Flash Drive, Programmable"
OFF-EN-10003271,Office Supplies,Envelopes,"Ames Peel and Seal, Security-Tint"
OFF-PA-10002047,Office Supplies,Paper,"Green Bar Cards & Envelopes, 8.5 x 11"
OFF-FEL-10004974,Office Supplies,Storage,"Fellowes Folders, Industrial"
TEC-AC-10001463,Technology,Accessories,"Logitech Numeric Keypad, Programmable"
OFF-FA-10000540,Office Supplies,Fasteners,"Stockwell Staples, Assorted Sizes"
OFF-KRA-10002406,Office Supplies,Envelopes,"Kraft Interoffice Envelope, with clear poly window"
OFF-EN-10004470,Office Supplies,Envelopes,"Ames Clasp Envelope, Security-Tint"
OFF-AR-10003087,Office Supplies,Art,Staples
TEC-CO-10002057,Technology,Copiers,"Sharp Copy Machine, Color"
TEC-CO-10001472,Technology,Copiers,"Sharp Copy Machine, Laser"
OFF-EN-10000476,Office Supplies,Envelopes,"Kraft Clasp Envelope, Recycled"
OFF-EN-10003729,Office Supplies,Envelopes,"Kraft Manila Envelope, Recycled"
TEC-AC-10002305,Technology,Accessories,KeyTronic E03601U1 - Keyboard - Beige
OFF-PA-10000350,Office Supplies,Paper,"Message Book, Standard Line ""While You Were Out"", 5 1/2"" X 4"", 200 Sets/Book"
TEC-CO-10003587,Technology,Copiers,"Hewlett Personal Copier, Laser"
TEC-MA-10004002,Technology,Machines,Zebra GX420t Direct Thermal/Thermal Transfer Printer
OFF-FA-10001963,Office Supplies,Fasteners,"Advantus Thumb Tacks, Assorted Sizes"
OFF-ST-10003808,Office Supplies,Storage,"Eldon Box, Wire Frame"
OFF-PA-10000476,Office Supplies,Paper,"Eaton Computer Printout Paper, Premium"
OFF-PA-10000127,Office Supplies,Paper,"SanDisk Parchment Paper, Multicolor"
OFF-ST-10002515,Office Supplies,Storage,"Eldon Lockers, Wire Frame"
TEC-CAN-10001376,Technology,Copiers,"Canon Fax and Copier, High-Speed"
FUR-BO-10003103,Furniture,Bookcases,"Dania Floating Shelf Set, Pine"
OFF-AP-10000545,Office Supplies,Appliances,"Cuisinart Toaster, Black"
OFF-ADV-10001451,Office Supplies,Fasteners,"Advantus Clamps, Assorted Sizes"
TEC-AC-10003399,Technology,Accessories,Memorex Mini Travel Drive 64 GB USB 2.0 Flash Drive
OFF-AP-10004515,Office Supplies,Appliances,"Hamilton Beach Coffee Grinder, Red"
FUR-FU-10002800,Furniture,Furnishings,"Tenex Photo Frame, Erganomic"
FUR-FU-10000502,Furniture,Furnishings,"Deflect-O Clock, Black"
TEC-SAM-10003205,Technology,Phones,"Samsung Audio Dock, VoIP"
OFF-SU-10003540,Office Supplies,Supplies,"Acme Shears, Serrated"
FUR-FU-10003414,Furniture,Furnishings,"Deflect-O Light Bulb, Erganomic"
OFF-ACM-10004587,Office Supplies,Supplies,"Acme Scissors, Steel"
OFF-PA-10002338,Office Supplies,Paper,"Green Bar Parchment Paper, Recycled"
OFF-AP-10000358,Office Supplies,Appliances,Fellowes Basic Home/Office Series Surge Protectors
OFF-BI-10003397,Office Supplies,Binders,"Avery 3-Hole Punch, Economy"
OFF-PA-10004735,Office Supplies,Paper,Xerox 1905
OFF-XER-10000566,Office Supplies,Paper,"Xerox Note Cards, 8.5 x 11"
OFF-AR-10001419,Office Supplies,Art,Newell 325
OFF-FA-10000992,Office Supplies,Fasteners,"Acco Clips to Go Binder Clips, 24 Clips in Two Sizes"
OFF-EN-10000872,Office Supplies,Envelopes,"Ames Business Envelopes, Set of 50"
FUR-TA-10002786,Furniture,Tables,"Lesro Computer Table, Fully Assembled"
OFF-EN-10001434,Office Supplies,Envelopes,"Strathmore #10 Envelopes, Ultimate White"
OFF-AR-10000461,Office Supplies,Art,"Binney & Smith Highlighters, Water Color"
OFF-PA-10003920,Office Supplies,Paper,"Xerox Parchment Paper, Premium"
TEC-MA-10002165,Technology,Machines,"Konica Card Printer, Red"
OFF-BRE-10002255,Office Supplies,Appliances,"Breville Stove, White"
TEC-AC-10004420,Technology,Accessories,Cherry 142-key Programmable Keyboard
OFF-ENE-10001906,Office Supplies,Paper,"Enermax Message Books, Recycled"
OFF-AR-10003046,Office Supplies,Art,"Sanford Sketch Pad, Fluorescent"
OFF-SU-10000062,Office Supplies,Supplies,"Stiletto Scissors, High Speed"
OFF-SU-10000213,Office Supplies,Supplies,"Kleencut Shears, Easy Grip"
OFF-PA-10000587,Office Supplies,Paper,"Array Parchment Paper, Assorted Colors"
OFF-PA-10004071,Office Supplies,Paper,"Eaton Premium Continuous-Feed Paper, 25% Cotton, Letter Size, White, 1000 Shts/Box"
OFF-JIF-10000556,Office Supplies,Envelopes,"Jiffy Interoffice Envelope, Security-Tint"
OFF-EN-10004941,Office Supplies,Envelopes,"GlobeWeis Manila Envelope, Recycled"
TEC-MA-10003927,Technology,Machines,"StarTech Inkjet, Wireless"
OFF-PA-10000474,Office Supplies,Paper,Staples
TEC-AC-10004070,Technology,Accessories,"Memorex Router, Programmable"
FUR-DAN-10002741,Furniture,Bookcases,"Dania Corner Shelving, Pine"
OFF-ST-10000988,Office Supplies,Storage,"Fellowes Folders, Blue"
OFF-LA-10003119,Office Supplies,Labels,"Hon Color Coded Labels, 5000 Label Set"
TEC-MA-10000029,Technology,Machines,"Epson WorkForce WF-2530 All-in-One Printer, Copier Scanner"
TEC-PH-10002624,Technology,Phones,Samsung Galaxy S4 Mini
OFF-SME-10001652,Office Supplies,Storage,"Smead Trays, Wire Frame"
OFF-BIC-10000718,Office Supplies,Art,"BIC Pencil Sharpener, Fluorescent"
OFF-AR-10002564,Office Supplies,Art,"Boston Pens, Easy-Erase"
TEC-MA-10003178,Technology,Machines,"Okidata Receipt Printer, Wireless"
FUR-BO-10000208,Furniture,Bookcases,"Bush Stackable Bookrack, Mobile"
OFF-LA-10004370,Office Supplies,Labels,"Novimex File Folder Labels, 5000 Label Set"
TEC-MA-10003990,Technology,Machines,"Panasonic Card Printer, White"
TEC-BRO-10000773,Technology,Copiers,"Brother Personal Copier, High-Speed"
OFF-FA-10000611,Office Supplies,Fasteners,Binder Clips by OIC
TEC-AC-10001100,Technology,Accessories,"Logitech Router, Bluetooth"
FUR-BO-10003706,Furniture,Bookcases,"Sauder Stackable Bookrack, Pine"
FUR-CH-10002212,Furniture,Chairs,"Novimex Swivel Stool, Adjustable"
OFF-AR-10002583,Office Supplies,Art,"BIC Markers, Fluorescent"
TEC-MA-10000423,Technology,Machines,Texas Instruments TI-34 Scientific Calculator
FUR-CH-10001270,Furniture,Chairs,"SAFCO Rocking Chair, Black"
FUR-CH-10003448,Furniture,Chairs,"Harbour Creations Bag Chairs, Set of Two"
OFF-SU-10000776,Office Supplies,Supplies,"Elite Letter Opener, Steel"
FUR-CH-10004194,Furniture,Chairs,"Harbour Creations Steel Folding Chair, Set of Two"
OFF-BI-10003917,Office Supplies,Binders,"Avery Hole Reinforcements, Economy"
OFF-AR-10003384,Office Supplies,Art,"Boston Pens, Water Color"
TEC-PH-10001299,Technology,Phones,Polycom CX300 Desktop Phone USB VoIP phone
OFF-AR-10001230,Office Supplies,Art,"Binney & Smith Markers, Water Color"
FUR-FU-10002928,Furniture,Furnishings,"Eldon Light Bulb, Erganomic"
TEC-PH-10001146,Technology,Phones,"Nokia Smart Phone, Full Size"
TEC-PH-10001651,Technology,Phones,"Samsung Speaker Phone, VoIP"
OFF-AR-10002135,Office Supplies,Art,Boston Heavy-Duty Trimline Electric Pencil Sharpeners
FUR-SAU-10003928,Furniture,Bookcases,"Sauder Classic Bookcase, Metal"
TEC-CO-10003682,Technology,Copiers,"Sharp Ink, Digital"
TEC-MA-10000161,Technology,Machines,"Konica Receipt Printer, Durable"
FUR-CH-10000727,Furniture,Chairs,"Office Star Chairmat, Set of Two"
FUR-FU-10000723,Furniture,Furnishings,"Deflect-o EconoMat Studded, No Bevel Mat for Low Pile Carpeting"
TEC-AC-10003659,Technology,Accessories,"Memorex Memory Card, Programmable"
OFF-BI-10003392,Office Supplies,Binders,"Acco Binder Covers, Durable"
OFF-ST-10004374,Office Supplies,Storage,"Smead File Cart, Single Width"
OFF-FA-10000067,Office Supplies,Fasteners,"Stockwell Staples, 12 Pack"
OFF-EN-10003920,Office Supplies,Envelopes,"Jiffy Business Envelopes, Set of 50"
OFF-FA-10001057,Office Supplies,Fasteners,"Accos Clamps, Assorted Sizes"
FUR-FU-10000339,Furniture,Furnishings,"Tenex Frame, Black"
TEC-MOT-10001088,Technology,Phones,"Motorola Audio Dock, VoIP"
OFF-STO-10003728,Office Supplies,Fasteners,"Stockwell Paper Clips, Assorted Sizes"
FUR-FU-10000246,Furniture,Furnishings,Aluminum Document Frame
OFF-EN-10002081,Office Supplies,Envelopes,"Jiffy Mailers, Set of 50"
OFF-AR-10004422,Office Supplies,Art,"Boston Sketch Pad, Blue"
OFF-BI-10003181,Office Supplies,Binders,"Ibico Binder Covers, Recycled"
FUR-OFF-10001187,Furniture,Chairs,"Office Star Chairmat, Black"
OFF-SU-10002152,Office Supplies,Supplies,"Fiskars Shears, Serrated"
OFF-LA-10000590,Office Supplies,Labels,"Smead Color Coded Labels, 5000 Label Set"
OFF-FA-10002895,Office Supplies,Fasteners,"Accos Staples, 12 Pack"
OFF-BOS-10000350,Office Supplies,Art,"Boston Pens, Blue"
TEC-AC-10003989,Technology,Accessories,"Enermax Numeric Keypad, Bluetooth"
FUR-HON-10001960,Furniture,Tables,"Hon Wood Table, Rectangular"
FUR-HON-10002837,Furniture,Tables,"Hon Round Table, with Bottom Storage"
TEC-AC-10003763,Technology,Accessories,"Logitech Mouse, Programmable"
OFF-AP-10002765,Office Supplies,Appliances,Fellowes Advanced Computer Series Surge Protectors
OFF-EN-10003111,Office Supplies,Envelopes,"GlobeWeis Clasp Envelope, Recycled"
OFF-FA-10004239,Office Supplies,Fasteners,"Advantus Staples, Metal"
FUR-CH-10004306,Furniture,Chairs,"SAFCO Bag Chairs, Red"
TEC-CO-10002872,Technology,Copiers,"Canon Ink, Color"
OFF-SU-10004884,Office Supplies,Supplies,Acme Galleria Hot Forged Steel Scissors with Colored Handles
OFF-PA-10000791,Office Supplies,Paper,"Wirebound Message Books, Four 2 3/4 x 5 Forms per Page, 200 Sets per Book"
OFF-LA-10002945,Office Supplies,Labels,"Permanent Self-Adhesive File Folder Labels for Typewriters, 1 1/8 x 3 1/2, White"
OFF-EN-10004773,Office Supplies,Envelopes,Staples
FUR-BO-10002985,Furniture,Bookcases,"Sauder Corner Shelving, Mobile"
OFF-PA-10003172,Office Supplies,Paper,Xerox 1996
OFF-EN-10001715,Office Supplies,Envelopes,"Ames Clasp Envelope, with clear poly window"
FUR-FU-10003662,Furniture,Furnishings,"Tenex Door Stop, Erganomic"
TEC-AC-10000051,Technology,Accessories,"Logitech Memory Card, USB"
OFF-AP-10002518,Office Supplies,Appliances,Kensington 7 Outlet MasterPiece Power Center
OFF-SU-10000514,Office Supplies,Supplies,"Kleencut Shears, High Speed"
OFF-AR-10003732,Office Supplies,Art,Newell 333
TEC-AC-10003400,Technology,Accessories,"Memorex Flash Drive, USB"
OFF-ST-10002122,Office Supplies,Storage,"Smead Box, Industrial"
FUR-ELD-10004559,Furniture,Furnishings,"Eldon Stacking Tray, Erganomic"
FUR-FU-10003069,Furniture,Furnishings,"Deflect-O Photo Frame, Durable"
FUR-CH-10002966,Furniture,Chairs,"Harbour Creations Swivel Stool, Red"
OFF-STI-10000937,Office Supplies,Supplies,"Stiletto Scissors, High Speed"
OFF-AR-10004010,Office Supplies,Art,Hunt Boston Vacuum Mount KS Pencil Sharpener
TEC-MA-10001527,Technology,Machines,"Panasonic Calculator, White"
FUR-ELD-10004384,Furniture,Furnishings,"Eldon Frame, Black"
OFF-FA-10003833,Office Supplies,Fasteners,"OIC Thumb Tacks, Metal"
OFF-SU-10004696,Office Supplies,Supplies,"Acme Shears, Easy Grip"
OFF-AP-10002899,Office Supplies,Appliances,"Breville Toaster, Silver"
OFF-FA-10001039,Office Supplies,Fasteners,"Stockwell Clamps, 12 Pack"
TEC-AC-10002550,Technology,Accessories,"Memorex 25GB 6X Branded Blu-Ray Recordable Disc, 30/Pack"
TEC-PH-10002070,Technology,Phones,Griffin GC36547 PowerJolt SE Lightning Charger
FUR-CH-10001220,Furniture,Chairs,"Harbour Creations Chairmat, Set of Two"
FUR-TA-10001228,Furniture,Tables,"Bevis Training Table, Rectangular"
TEC-CO-10001343,Technology,Copiers,"Canon Fax Machine, Digital"
FUR-SAF-10002529,Furniture,Chairs,"SAFCO Chairmat, Red"
OFF-AR-10002115,Office Supplies,Art,"Boston Canvas, Fluorescent"
OFF-EN-10004254,Office Supplies,Envelopes,"Ames Interoffice Envelope, Recycled"
FUR-TA-10002487,Furniture,Tables,"Bevis Training Table, with Bottom Storage"
OFF-ELI-10001685,Office Supplies,Supplies,"Elite Ruler, Steel"
FUR-CH-10002749,Furniture,Chairs,"SAFCO Chairmat, Black"
FUR-TA-10001768,Furniture,Tables,Hon Racetrack Conference Tables
FUR-SAU-10003872,Furniture,Bookcases,"Sauder Floating Shelf Set, Pine"
OFF-LA-10001497,Office Supplies,Labels,"Smead Round Labels, Adjustable"
FUR-CH-10004910,Furniture,Chairs,"Office Star Executive Leather Armchair, Red"
TEC-ENE-10000995,Technology,Accessories,"Enermax Memory Card, USB"
TEC-SAM-10004940,Technology,Phones,"Samsung Smart Phone, Full Size"
FUR-FU-10003664,Furniture,Furnishings,"Electrix Architect's Clamp-On Swing Arm Lamp, Black"
FUR-TA-10001039,Furniture,Tables,KI Adjustable-Height Table
OFF-PA-10003022,Office Supplies,Paper,Standard Line “While You Were Out” Hardbound Telephone Message Book
TEC-AC-10000710,Technology,Accessories,Maxell DVD-RAM Discs
OFF-AR-10001860,Office Supplies,Art,BIC Liqua Brite Liner
OFF-AVE-10001847,Office Supplies,Binders,"Avery Binder, Clear"
OFF-PA-10000362,Office Supplies,Paper,"Xerox Parchment Paper, Premium"
OFF-ST-10002967,Office Supplies,Storage,"Rogers Folders, Blue"
OFF-BI-10003883,Office Supplies,Binders,"Acco Binder, Economy"
OFF-ST-10004267,Office Supplies,Storage,"Smead File Cart, Single Width"
OFF-BI-10000561,Office Supplies,Binders,"Acco Binding Machine, Durable"
OFF-HOO-10001105,Office Supplies,Appliances,"Hoover Refrigerator, Silver"
OFF-PA-10001944,Office Supplies,Paper,"SanDisk Computer Printout Paper, Premium"
OFF-EN-10002873,Office Supplies,Envelopes,"Ames Interoffice Envelope, Recycled"
OFF-ST-10002395,Office Supplies,Storage,"Rogers Lockers, Single Width"
FUR-TA-10002568,Furniture,Tables,"Chromcraft Coffee Table, Rectangular"
OFF-PA-10002262,Office Supplies,Paper,Xerox 192
TEC-AC-10002399,Technology,Accessories,SanDisk Cruzer 32 GB USB Flash Drive
OFF-FA-10003378,Office Supplies,Fasteners,"Accos Push Pins, Metal"
FUR-BO-10004119,Furniture,Bookcases,"Ikea Floating Shelf Set, Traditional"
OFF-FA-10004942,Office Supplies,Fasteners,"OIC Clamps, Metal"
OFF-FA-10003587,Office Supplies,Fasteners,"Advantus Push Pins, Assorted Sizes"
OFF-SU-10003545,Office Supplies,Supplies,"Fiskars Box Cutter, Serrated"
FUR-BO-10003530,Furniture,Bookcases,"Safco Classic Bookcase, Metal"
OFF-PA-10004530,Office Supplies,Paper,Personal Creations Ink Jet Cards and Labels
FUR-DAN-10002631,Furniture,Bookcases,"Dania 3-Shelf Cabinet, Pine"
OFF-FA-10001297,Office Supplies,Fasteners,"OIC Staples, 12 Pack"
OFF-AR-10003183,Office Supplies,Art,Avery Fluorescent Highlighter Four-Color Set
OFF-FA-10001574,Office Supplies,Fasteners,"Accos Clamps, Bulk Pack"
OFF-LA-10002868,Office Supplies,Labels,"Hon Removable Labels, 5000 Label Set"
TEC-PH-10003601,Technology,Phones,"Ativa D5772 2-Line 5.8GHz Digital Expandable Corded/Cordless Phone System with Answering & Caller ID/Call Waiting, Black/Silver"
TEC-APP-10001389,Technology,Phones,"Apple Audio Dock, with Caller ID"
FUR-TA-10001306,Furniture,Tables,"Hon Wood Table, Adjustable Height"
OFF-PA-10004766,Office Supplies,Paper,"Enermax Message Books, Premium"
OFF-BI-10000325,Office Supplies,Binders,"Wilson Jones Binder Covers, Recycled"
FUR-BO-10000490,Furniture,Bookcases,"Bush Library with Doors, Metal"
TEC-CO-10000051,Technology,Copiers,"Sharp Wireless Fax, Color"
TEC-PH-10003555,Technology,Phones,Motorola HK250 Universal Bluetooth Headset
OFF-AR-10004652,Office Supplies,Art,"Sanford Highlighters, Water Color"
FUR-FU-10001015,Furniture,Furnishings,"Eldon Stacking Tray, Black"
OFF-PA-10000781,Office Supplies,Paper,"Eaton Message Books, 8.5 x 11"
TEC-CO-10001629,Technology,Copiers,"Sharp Copy Machine, Color"
OFF-BI-10003364,Office Supplies,Binders,"Cardinal 3-Hole Punch, Clear"
OFF-FA-10003668,Office Supplies,Fasteners,"Accos Rubber Bands, 12 Pack"
TEC-CO-10003924,Technology,Copiers,"Brother Ink, Digital"
FUR-FU-10000918,Furniture,Furnishings,"Deflect-O Photo Frame, Duo Pack"
FUR-FU-10004152,Furniture,Furnishings,"Eldon Photo Frame, Erganomic"
OFF-AR-10001777,Office Supplies,Art,"Binney & Smith Sketch Pad, Water Color"
OFF-AP-10000304,Office Supplies,Appliances,"Breville Stove, Red"
OFF-ST-10001460,Office Supplies,Storage,"Smead Trays, Industrial"
OFF-ACC-10004871,Office Supplies,Binders,"Acco Binder Covers, Economy"
FUR-BO-10002916,Furniture,Bookcases,"Rush Hierlooms Collection 1"" Thick Stackable Bookcases"
TEC-MA-10000560,Technology,Machines,"StarTech Inkjet, Wireless"
TEC-CO-10002095,Technology,Copiers,Hewlett Packard 610 Color Digital Copier / Printer
TEC-PH-10003885,Technology,Phones,"Cisco Headset, with Caller ID"
OFF-BI-10003166,Office Supplies,Binders,"Cardinal Hole Reinforcements, Durable"
OFF-FA-10004503,Office Supplies,Fasteners,"Accos Staples, Assorted Sizes"
OFF-SU-10000898,Office Supplies,Supplies,"Acme Hot Forged Carbon Steel Scissors with Nickel-Plated Handles, 3 7/8"" Cut, 8""L"
OFF-HOO-10002946,Office Supplies,Appliances,"Hoover Stove, Red"
OFF-EN-10004173,Office Supplies,Envelopes,"Jiffy Manila Envelope, Set of 50"
OFF-KLE-10000527,Office Supplies,Supplies,"Kleencut Scissors, High Speed"
OFF-AP-10001692,Office Supplies,Appliances,"KitchenAid Stove, Black"
OFF-HAM-10002455,Office Supplies,Appliances,"Hamilton Beach Toaster, Red"
TEC-BEL-10000485,Technology,Accessories,"Belkin Numeric Keypad, Bluetooth"
OFF-SAN-10003318,Office Supplies,Paper,"SanDisk Memo Slips, Premium"
OFF-LA-10001230,Office Supplies,Labels,"Smead Removable Labels, Adjustable"
OFF-ST-10003266,Office Supplies,Storage,"Tenex Lockers, Industrial"
OFF-PA-10000788,Office Supplies,Paper,Xerox 210
FUR-TA-10001771,Furniture,Tables,"Bush Cubix Conference Tables, Fully Assembled"
FUR-FU-10000012,Furniture,Furnishings,"Tenex Stacking Tray, Black"
OFF-PA-10000743,Office Supplies,Paper,Xerox 1977
FUR-TA-10000963,Furniture,Tables,"Chromcraft Round Table, with Bottom Storage"
OFF-AVE-10003549,Office Supplies,Binders,"Avery Binding Machine, Recycled"
TEC-CO-10000601,Technology,Copiers,"Brother Ink, Laser"
OFF-PA-10001421,Office Supplies,Paper,"Green Bar Memo Slips, 8.5 x 11"
FUR-FU-10001063,Furniture,Furnishings,"Eldon Light Bulb, Black"
TEC-PH-10003885,Technology,Phones,Cisco SPA508G
OFF-ST-10004748,Office Supplies,Storage,"Smead Lockers, Blue"
OFF-BI-10000305,Office Supplies,Binders,"Cardinal 3-Hole Punch, Durable"
FUR-BO-10002853,Furniture,Bookcases,O'Sullivan 5-Shelf Heavy-Duty Bookcases
TEC-CO-10004928,Technology,Copiers,"Brother Copy Machine, Color"
OFF-FA-10001520,Office Supplies,Fasteners,"Stockwell Thumb Tacks, 12 Pack"
FUR-CH-10001919,Furniture,Chairs,"Harbour Creations Steel Folding Chair, Red"
OFF-EN-10002831,Office Supplies,Envelopes,"Tyvek  Top-Opening Peel & Seel  Envelopes, Gray"
FUR-FU-10004450,Furniture,Furnishings,"Eldon Light Bulb, Duo Pack"
OFF-ST-10003017,Office Supplies,Storage,"Tenex Box, Industrial"
FUR-FU-10002502,Furniture,Furnishings,"Eldon Light Bulb, Durable"
OFF-EN-10001538,Office Supplies,Envelopes,"Jiffy Peel and Seal, Recycled"
OFF-BI-10003806,Office Supplies,Binders,"Avery Index Tab, Clear"
OFF-BI-10001132,Office Supplies,Binders,"Acco PRESSTEX Data Binder with Storage Hooks, Dark Blue, 9 1/2"" X 11"""
OFF-SU-10000496,Office Supplies,Supplies,"Fiskars Scissors, Steel"
OFF-AR-10003096,Office Supplies,Art,"Binney & Smith Sketch Pad, Blue"
FUR-FU-10004614,Furniture,Furnishings,"Rubbermaid Frame, Black"
FUR-BO-10003333,Furniture,Bookcases,"Sauder Stackable Bookrack, Traditional"
TEC-PH-10004389,Technology,Phones,Nokia Lumia 925
TEC-CO-10002962,Technology,Copiers,"Sharp Wireless Fax, Color"
OFF-WIL-10003299,Office Supplies,Binders,"Wilson Jones Binding Machine, Recycled"
TEC-MA-10000904,Technology,Machines,"Brother MFC-9340CDW LED All-In-One Printer, Copier Scanner"
FUR-FU-10000980,Furniture,Furnishings,"Advantus Photo Frame, Duo Pack"
FUR-CH-10001146,Furniture,Chairs,"Global Task Chair, Black"
TEC-CO-10000663,Technology,Copiers,"HP Fax Machine, High-Speed"
OFF-SU-10000789,Office Supplies,Supplies,"Kleencut Box Cutter, Serrated"
TEC-PH-10003770,Technology,Phones,"Apple Speaker Phone, Full Size"
TEC-AC-10003570,Technology,Accessories,"Memorex Flash Drive, Erganomic"
OFF-LA-10001287,Office Supplies,Labels,"Harbour Creations Removable Labels, Adjustable"
OFF-LA-10004853,Office Supplies,Labels,Avery 483
OFF-BI-10004140,Office Supplies,Binders,Avery Non-Stick Binders
FUR-BO-10002740,Furniture,Bookcases,"Ikea Classic Bookcase, Metal"
OFF-EN-10004903,Office Supplies,Envelopes,"Cameo Manila Envelope, with clear poly window"
TEC-CO-10001222,Technology,Copiers,"Sharp Fax Machine, Laser"
OFF-AR-10003651,Office Supplies,Art,"Sanford Pencil Sharpener, Easy-Erase"
OFF-BI-10001284,Office Supplies,Binders,"Ibico Hole Reinforcements, Clear"
OFF-ADV-10003369,Office Supplies,Fasteners,"Advantus Thumb Tacks, Assorted Sizes"
FUR-TA-10004667,Furniture,Tables,"Bevis Wood Table, Adjustable Height"
FUR-BO-10001753,Furniture,Bookcases,"Dania Stackable Bookrack, Traditional"
OFF-EN-10003512,Office Supplies,Envelopes,"Jiffy Peel and Seal, Recycled"
OFF-KRA-10004876,Office Supplies,Envelopes,"Kraft Interoffice Envelope, Set of 50"
OFF-HAR-10003580,Office Supplies,Labels,"Harbour Creations Legal Exhibit Labels, Alphabetical"
OFF-PA-10003232,Office Supplies,Paper,"Green Bar Cards & Envelopes, Recycled"
TEC-CO-10003655,Technology,Copiers,"Hewlett Wireless Fax, High-Speed"
TEC-PH-10004922,Technology,Phones,RCA Visys Integrated PBX 8-Line Router
OFF-ST-10001228,Office Supplies,Storage,Personal File Boxes with Fold-Down Carry Handle
TEC-MA-10002055,Technology,Machines,"Epson Calculator, Wireless"
OFF-BI-10003656,Office Supplies,Binders,Fellowes PB200 Plastic Comb Binding Machine
FUR-NOV-10002333,Furniture,Chairs,"Novimex Steel Folding Chair, Black"
OFF-BI-10002222,Office Supplies,Binders,"Cardinal Binder Covers, Clear"
OFF-FA-10004112,Office Supplies,Fasteners,"Stockwell Staples, 12 Pack"
TEC-CO-10003346,Technology,Copiers,"Brother Wireless Fax, Digital"
OFF-AR-10000091,Office Supplies,Art,"BIC Markers, Fluorescent"
FUR-FU-10004460,Furniture,Furnishings,"Tenex Clock, Black"
FUR-FU-10001436,Furniture,Furnishings,"Advantus Clock, Duo Pack"
OFF-SU-10003355,Office Supplies,Supplies,"Acme Trimmer, Steel"
TEC-STA-10000546,Technology,Machines,"StarTech Calculator, Red"
OFF-PA-10003731,Office Supplies,Paper,"Enermax Note Cards, Premium"
FUR-BO-10002206,Furniture,Bookcases,"Bush Saratoga Collection 5-Shelf Bookcase, Hanover Cherry, *Special Order"
TEC-AC-10004429,Technology,Accessories,"Enermax Keyboard, USB"
FUR-FU-10000705,Furniture,Furnishings,"Advantus Frame, Black"
TEC-CO-10003597,Technology,Copiers,"Brother Copy Machine, High-Speed"
OFF-AP-10001797,Office Supplies,Appliances,"Cuisinart Blender, Black"
TEC-AC-10002881,Technology,Accessories,"Belkin Numeric Keypad, Bluetooth"
TEC-CAN-10002363,Technology,Copiers,"Canon Fax Machine, Digital"
OFF-ST-10000952,Office Supplies,Storage,"Smead File Cart, Blue"
OFF-AR-10002847,Office Supplies,Art,"Stanley Pens, Water Color"
OFF-PA-10004243,Office Supplies,Paper,Xerox 1939
TEC-AC-10001438,Technology,Accessories,"SanDisk Flash Drive, Programmable"
OFF-SU-10002983,Office Supplies,Supplies,"Acme Trimmer, High Speed"
OFF-AVE-10004508,Office Supplies,Labels,"Avery Round Labels, Adjustable"
OFF-XER-10004820,Office Supplies,Paper,"Xerox Computer Printout Paper, Premium"
TEC-PH-10000332,Technology,Phones,"Samsung Smart Phone, VoIP"
OFF-AR-10000821,Office Supplies,Art,"Sanford Highlighters, Fluorescent"
OFF-BI-10003373,Office Supplies,Binders,"Wilson Jones Binding Machine, Economy"
OFF-AR-10001812,Office Supplies,Art,"Binney & Smith Markers, Easy-Erase"
FUR-CH-10000604,Furniture,Chairs,"Office Star Rocking Chair, Set of Two"
OFF-EN-10002674,Office Supplies,Envelopes,"Cameo Interoffice Envelope, Set of 50"
OFF-ST-10003741,Office Supplies,Storage,"Smead Lockers, Blue"
OFF-PA-10001243,Office Supplies,Paper,Xerox 1983
OFF-ST-10001558,Office Supplies,Storage,Acco Perma 4000 Stacking Storage Drawers
TEC-PH-10002094,Technology,Phones,"Nokia Smart Phone, with Caller ID"
