"location_key","city","state","country","region","market"
Oyama-Tochigi-Japan,Oyama,Tochigi,Japan,North Asia,APAC
Seoul-Seoul-South Korea,Seoul,Seoul,South Korea,North Asia,APAC
Cassilândia-Mato Grosso do Sul-Brazil,Cassilândia,Mato Grosso do Sul,Brazil,South,LATAM
Chittagong-Chittagong-Bangladesh,Chittagong,Chittagong,Bangladesh,Central Asia,APAC
Purwokerto-Jawa Tengah-Indonesia,Purwokerto,Jawa Tengah,Indonesia,Southeast Asia,APAC
Mijas-Andalusía-Spain,Mijas,Andalusía,Spain,South,EU
Fuzhou-Fujian-China,Fuzhou,Fujian,China,North Asia,APAC
Shinyanga-Shinyanga-Tanzania,Shinyanga,Shinyanga,Tanzania,Africa,Africa
Mudanjiang-Heilongjiang-China,Mudanjiang,Heilongjiang,China,North Asia,APAC
Peshawar-Khyber Pakhtunkhwa-Pakistan,Peshawar,Khyber Pakhtunkhwa,Pakistan,Central Asia,APAC
Huaibei-Anhui-China,Huaibei,Anhui,China,North Asia,APAC
Newark-Delaware-United States,Newark,Delaware,United States,East,US
Hadera-Haifa-Israel,Hadera,Haifa,Israel,EMEA,EMEA
Dieppe-Upper Normandy-France,Dieppe,Upper Normandy,France,Central,EU
Shaoxing-Zhejiang-China,Shaoxing,Zhejiang,China,North Asia,APAC
Drancy-Ile-de-France-France,Drancy,Ile-de-France,France,Central,EU
South Shields-England-United Kingdom,South Shields,England,United Kingdom,North,EU
Sierra Vista-Arizona-United States,Sierra Vista,Arizona,United States,West,US
Neuquén-Neuquén-Argentina,Neuquén,Neuquén,Argentina,South,LATAM
Mbuji-mayi-Kasai-Oriental-Democratic Republic of the Congo,Mbuji-mayi,Kasai-Oriental,Democratic Republic of the Congo,Africa,Africa
Auch-Midi-Pyrénées-France,Auch,Midi-Pyrénées,France,Central,EU
Arezzo-Tuscany-Italy,Arezzo,Tuscany,Italy,South,EU
Yopal-Casanare-Colombia,Yopal,Casanare,Colombia,South,LATAM
Khenifra-Meknès-Tafilalet-Morocco,Khenifra,Meknès-Tafilalet,Morocco,Africa,Africa
Tauranga-Bay of Plenty-New Zealand,Tauranga,Bay of Plenty,New Zealand,Oceania,APAC
Lawrence-Massachusetts-United States,Lawrence,Massachusetts,United States,East,US
Grasse-Provence-Alpes-Côte d'Azur-France,Grasse,Provence-Alpes-Côte d'Azur,France,Central,EU
Cambridge-England-United Kingdom,Cambridge,England,United Kingdom,North,EU
Halesowen-England-United Kingdom,Halesowen,England,United Kingdom,North,EU
Carrara-Tuscany-Italy,Carrara,Tuscany,Italy,South,EU
Lorca-Murcia-Spain,Lorca,Murcia,Spain,South,EU
Lancaster-Pennsylvania-United States,Lancaster,Pennsylvania,United States,East,US
Carapicuíba-São Paulo-Brazil,Carapicuíba,São Paulo,Brazil,South,LATAM
Novara-Piedmont-Italy,Novara,Piedmont,Italy,South,EU
Mishawaka-Indiana-United States,Mishawaka,Indiana,United States,Central,US
Danville-Illinois-United States,Danville,Illinois,United States,Central,US
Nijmegen-Gelderland-Netherlands,Nijmegen,Gelderland,Netherlands,Central,EU
Hilden-North Rhine-Westphalia-Germany,Hilden,North Rhine-Westphalia,Germany,Central,EU
Osijek-Osjecko-Baranjska-Croatia,Osijek,Osjecko-Baranjska,Croatia,EMEA,EMEA
Benoni-Gauteng-South Africa,Benoni,Gauteng,South Africa,Africa,Africa
Gilbert-Arizona-United States,Gilbert,Arizona,United States,West,US
Prato-Tuscany-Italy,Prato,Tuscany,Italy,South,EU
Fujisawa-Kanagawa-Japan,Fujisawa,Kanagawa,Japan,North Asia,APAC
Missouri City-Texas-United States,Missouri City,Texas,United States,Central,US
Serra-Espírito Santo-Brazil,Serra,Espírito Santo,Brazil,South,LATAM
Manukau City-Auckland-New Zealand,Manukau City,Auckland,New Zealand,Oceania,APAC
Felahiye-Kayseri-Turkey,Felahiye,Kayseri,Turkey,EMEA,EMEA
Euskirchen-North Rhine-Westphalia-Germany,Euskirchen,North Rhine-Westphalia,Germany,Central,EU
Kartal-Istanbul-Turkey,Kartal,Istanbul,Turkey,EMEA,EMEA
Xianning-Hubei-China,Xianning,Hubei,China,North Asia,APAC
Elbasan-Elbasan-Albania,Elbasan,Elbasan,Albania,EMEA,EMEA
Kasama-Northern-Zambia,Kasama,Northern,Zambia,Africa,Africa
Adiyaman-Adiyaman-Turkey,Adiyaman,Adiyaman,Turkey,EMEA,EMEA
Minna-Niger-Nigeria,Minna,Niger,Nigeria,Africa,Africa
Sogamoso-Boyacá-Colombia,Sogamoso,Boyacá,Colombia,South,LATAM
Monroe-North Carolina-United States,Monroe,North Carolina,United States,South,US
Usti nad Labem-Usti nad Labem-Czech Republic,Usti nad Labem,Usti nad Labem,Czech Republic,EMEA,EMEA
Dakar-Dakar-Senegal,Dakar,Dakar,Senegal,Africa,Africa
Oceanside-California-United States,Oceanside,California,United States,West,US
Ceyhan-Adana-Turkey,Ceyhan,Adana,Turkey,EMEA,EMEA
Leshan-Sichuan-China,Leshan,Sichuan,China,North Asia,APAC
Ragusa-Sicily-Italy,Ragusa,Sicily,Italy,South,EU
Ikot Ekpene-Akwa Ibom-Nigeria,Ikot Ekpene,Akwa Ibom,Nigeria,Africa,Africa
Salto-São Paulo-Brazil,Salto,São Paulo,Brazil,South,LATAM
Le Creusot-Burgundy-France,Le Creusot,Burgundy,France,Central,EU
Kigali-Kigali-Rwanda,Kigali,Kigali,Rwanda,Africa,Africa
Lons-le-Saunier-Franche-Comté-France,Lons-le-Saunier,Franche-Comté,France,Central,EU
Noblesville-Indiana-United States,Noblesville,Indiana,United States,Central,US
Aalen-Baden-Württemberg-Germany,Aalen,Baden-Württemberg,Germany,Central,EU
Cachan-Ile-de-France-France,Cachan,Ile-de-France,France,Central,EU
Kigoma-Kigoma-Tanzania,Kigoma,Kigoma,Tanzania,Africa,Africa
Porto Alegre-Rio Grande do Sul-Brazil,Porto Alegre,Rio Grande do Sul,Brazil,South,LATAM
Toronto-Ontario-Canada,Toronto,Ontario,Canada,Canada,Canada
Phnom Penh-Phnom Penh-Cambodia,Phnom Penh,Phnom Penh,Cambodia,Southeast Asia,APAC
Severodvinsk-Arkhangel'sk-Russia,Severodvinsk,Arkhangel'sk,Russia,EMEA,EMEA
Linhares-Espírito Santo-Brazil,Linhares,Espírito Santo,Brazil,South,LATAM
Dole-Franche-Comté-France,Dole,Franche-Comté,France,Central,EU
Ayacucho-Ayacucho-Peru,Ayacucho,Ayacucho,Peru,South,LATAM
Jinan-Shandong-China,Jinan,Shandong,China,North Asia,APAC
Douai-Nord-Pas-de-Calais-France,Douai,Nord-Pas-de-Calais,France,Central,EU
Owensboro-Kentucky-United States,Owensboro,Kentucky,United States,South,US
Zlatoust-Chelyabinsk-Russia,Zlatoust,Chelyabinsk,Russia,EMEA,EMEA
Olympia-Washington-United States,Olympia,Washington,United States,West,US
Allentown-Pennsylvania-United States,Allentown,Pennsylvania,United States,East,US
Castellammare di Stabia-Campania-Italy,Castellammare di Stabia,Campania,Italy,South,EU
Namibe-Namibe-Angola,Namibe,Namibe,Angola,Africa,Africa
Le Blanc-Mesnil-Ile-de-France-France,Le Blanc-Mesnil,Ile-de-France,France,Central,EU
Bossier City-Louisiana-United States,Bossier City,Louisiana,United States,South,US
Biarritz-Aquitaine-France,Biarritz,Aquitaine,France,Central,EU
Roosendaal-North Brabant-Netherlands,Roosendaal,North Brabant,Netherlands,Central,EU
Irbid-Irbid-Jordan,Irbid,Irbid,Jordan,EMEA,EMEA
Jurema-Pernambuco-Brazil,Jurema,Pernambuco,Brazil,South,LATAM
Santa Barbara-California-United States,Santa Barbara,California,United States,West,US
Caraguatatuba-São Paulo-Brazil,Caraguatatuba,São Paulo,Brazil,South,LATAM
Obninsk-Kaluga-Russia,Obninsk,Kaluga,Russia,EMEA,EMEA
Poços de Caldas-Minas Gerais-Brazil,Poços de Caldas,Minas Gerais,Brazil,South,LATAM
Linz-Upper Austria-Austria,Linz,Upper Austria,Austria,Central,EU
Vigevano-Lombardy-Italy,Vigevano,Lombardy,Italy,South,EU
Kherson-Kherson-Ukraine,Kherson,Kherson,Ukraine,EMEA,EMEA
Plaisir-Ile-de-France-France,Plaisir,Ile-de-France,France,Central,EU
Bamberg-Bavaria-Germany,Bamberg,Bavaria,Germany,Central,EU
Prague-Prague-Czech Republic,Prague,Prague,Czech Republic,EMEA,EMEA
Rambouillet-Ile-de-France-France,Rambouillet,Ile-de-France,France,Central,EU
Richmond-Indiana-United States,Richmond,Indiana,United States,Central,US
Asahikawa-Hokkaido-Japan,Asahikawa,Hokkaido,Japan,North Asia,APAC
Burnley-England-United Kingdom,Burnley,England,United Kingdom,North,EU
Alcobendas-Madrid-Spain,Alcobendas,Madrid,Spain,South,EU
Hubli-Karnataka-India,Hubli,Karnataka,India,Central Asia,APAC
Villiers-le-Bel-Ile-de-France-France,Villiers-le-Bel,Ile-de-France,France,Central,EU
Esenyurt-Istanbul-Turkey,Esenyurt,Istanbul,Turkey,EMEA,EMEA
Patiala-Punjab-India,Patiala,Punjab,India,Central Asia,APAC
Pemba-Cabo Delgado-Mozambique,Pemba,Cabo Delgado,Mozambique,Africa,Africa
San Lorenzo-Central-Paraguay,San Lorenzo,Central,Paraguay,South,LATAM
Lichinga-Niassa-Mozambique,Lichinga,Niassa,Mozambique,Africa,Africa
Pekalongan-Jawa Tengah-Indonesia,Pekalongan,Jawa Tengah,Indonesia,Southeast Asia,APAC
Tremblay-en-France-Ile-de-France-France,Tremblay-en-France,Ile-de-France,France,Central,EU
Barneveld-Gelderland-Netherlands,Barneveld,Gelderland,Netherlands,Central,EU
Halmstad-Halland-Sweden,Halmstad,Halland,Sweden,North,EU
Gitarama-Southern-Rwanda,Gitarama,Southern,Rwanda,Africa,Africa
Zwolle-Overijssel-Netherlands,Zwolle,Overijssel,Netherlands,Central,EU
Yao-Osaka-Japan,Yao,Osaka,Japan,North Asia,APAC
Shizuishan-Ningxia-China,Shizuishan,Ningxia,China,North Asia,APAC
Oceanside-New York-United States,Oceanside,New York,United States,East,US
Xinxiang-Henan-China,Xinxiang,Henan,China,North Asia,APAC
Dnipropetrovs'k-Dnipropetrovs'k-Ukraine,Dnipropetrovs'k,Dnipropetrovs'k,Ukraine,EMEA,EMEA
Ziguinchor-Ziguinchor-Senegal,Ziguinchor,Ziguinchor,Senegal,Africa,Africa
Parbhani-Maharashtra-India,Parbhani,Maharashtra,India,Central Asia,APAC
Cabimas-Zulia-Venezuela,Cabimas,Zulia,Venezuela,South,LATAM
Agadir-Souss-Massa-Draâ-Morocco,Agadir,Souss-Massa-Draâ,Morocco,Africa,Africa
Wodonga-Victoria-Australia,Wodonga,Victoria,Australia,Oceania,APAC
San Justo-Santa Fe-Argentina,San Justo,Santa Fe,Argentina,South,LATAM
Kayes-Kayes-Mali,Kayes,Kayes,Mali,Africa,Africa
Gaziantep-Gaziantep-Turkey,Gaziantep,Gaziantep,Turkey,EMEA,EMEA
Araranguá-Santa Catarina-Brazil,Araranguá,Santa Catarina,Brazil,South,LATAM
Yunyang-Henan-China,Yunyang,Henan,China,North Asia,APAC
Vadodara-Gujarat-India,Vadodara,Gujarat,India,Central Asia,APAC
Le Plessis-Robinson-Ile-de-France-France,Le Plessis-Robinson,Ile-de-France,France,Central,EU
Revere-Massachusetts-United States,Revere,Massachusetts,United States,East,US
Vila Nova de Gaia-Porto-Portugal,Vila Nova de Gaia,Porto,Portugal,South,EU
Pelotas-Rio Grande do Sul-Brazil,Pelotas,Rio Grande do Sul,Brazil,South,LATAM
Shahjahanpur-Uttar Pradesh-India,Shahjahanpur,Uttar Pradesh,India,Central Asia,APAC
Stavanger-Rogaland-Norway,Stavanger,Rogaland,Norway,North,EU
Medan-Sumatera Utara-Indonesia,Medan,Sumatera Utara,Indonesia,Southeast Asia,APAC
Rio Rancho-New Mexico-United States,Rio Rancho,New Mexico,United States,West,US
Warangal-Telangana-India,Warangal,Telangana,India,Central Asia,APAC
Villenave-d'Ornon-Aquitaine-France,Villenave-d'Ornon,Aquitaine,France,Central,EU
Jamshedpur-Jharkhand-India,Jamshedpur,Jharkhand,India,Central Asia,APAC
Manizales-Caldas-Colombia,Manizales,Caldas,Colombia,South,LATAM
Danville-California-United States,Danville,California,United States,West,US
Xiaogan-Hubei-China,Xiaogan,Hubei,China,North Asia,APAC
Ploiesti-Prahova-Romania,Ploiesti,Prahova,Romania,EMEA,EMEA
Handan-Hebei-China,Handan,Hebei,China,North Asia,APAC
Newcastle-Kwazulu-natal-South Africa,Newcastle,Kwazulu-natal,South Africa,Africa,Africa
El Escorial-Madrid-Spain,El Escorial,Madrid,Spain,South,EU
Moca-Espaillat-Dominican Republic,Moca,Espaillat,Dominican Republic,Caribbean,LATAM
Batna-Batna-Algeria,Batna,Batna,Algeria,Africa,Africa
Rehovot-Central-Israel,Rehovot,Central,Israel,EMEA,EMEA
Trapani-Sicily-Italy,Trapani,Sicily,Italy,South,EU
Tirupati-Andhra Pradesh-India,Tirupati,Andhra Pradesh,India,Central Asia,APAC
Kremenchuk-Poltava-Ukraine,Kremenchuk,Poltava,Ukraine,EMEA,EMEA
Yuci-Shanxi-China,Yuci,Shanxi,China,North Asia,APAC
Chandigarh-Chandigarh-India,Chandigarh,Chandigarh,India,Central Asia,APAC
Thonon-les-Bains-Rhône-Alpes-France,Thonon-les-Bains,Rhône-Alpes,France,Central,EU
Udaipur-Tripura-India,Udaipur,Tripura,India,Central Asia,APAC
Givors-Rhône-Alpes-France,Givors,Rhône-Alpes,France,Central,EU
Guarulhos-São Paulo-Brazil,Guarulhos,São Paulo,Brazil,South,LATAM
Ulm-Baden-Württemberg-Germany,Ulm,Baden-Württemberg,Germany,Central,EU
Gosport-England-United Kingdom,Gosport,England,United Kingdom,North,EU
Quevedo-Los Rios-Ecuador,Quevedo,Los Rios,Ecuador,South,LATAM
Nieuwegein-Utrecht-Netherlands,Nieuwegein,Utrecht,Netherlands,Central,EU
Holyoke-Massachusetts-United States,Holyoke,Massachusetts,United States,East,US
Kalush-Ivano-Frankivsk-Ukraine,Kalush,Ivano-Frankivsk,Ukraine,EMEA,EMEA
Laval-Quebec-Canada,Laval,Quebec,Canada,Canada,Canada
Pistoia-Tuscany-Italy,Pistoia,Tuscany,Italy,South,EU
Tongchuan-Sichuan-China,Tongchuan,Sichuan,China,North Asia,APAC
Saint-Priest-Rhône-Alpes-France,Saint-Priest,Rhône-Alpes,France,Central,EU
Gap-Provence-Alpes-Côte d'Azur-France,Gap,Provence-Alpes-Côte d'Azur,France,Central,EU
Widnes-England-United Kingdom,Widnes,England,United Kingdom,North,EU
Taytay-Calabarzon-Philippines,Taytay,Calabarzon,Philippines,Southeast Asia,APAC
Yogyakarta-Yogyakarta-Indonesia,Yogyakarta,Yogyakarta,Indonesia,Southeast Asia,APAC
Coppell-Texas-United States,Coppell,Texas,United States,Central,US
Mufulira-Copperbelt-Zambia,Mufulira,Copperbelt,Zambia,Africa,Africa
Vaughan-Ontario-Canada,Vaughan,Ontario,Canada,Canada,Canada
Shangqiu-Henan-China,Shangqiu,Henan,China,North Asia,APAC
Araguaína-Tocantins-Brazil,Araguaína,Tocantins,Brazil,South,LATAM
Mersin-Mersin-Turkey,Mersin,Mersin,Turkey,EMEA,EMEA
Saumur-Pays de la Loire-France,Saumur,Pays de la Loire,France,Central,EU
Nuevo Laredo-Tamaulipas-Mexico,Nuevo Laredo,Tamaulipas,Mexico,North,LATAM
Pestovo-Novgorod-Russia,Pestovo,Novgorod,Russia,EMEA,EMEA
Cambé-Parana-Brazil,Cambé,Parana,Brazil,South,LATAM
Asheville-North Carolina-United States,Asheville,North Carolina,United States,South,US
Sabadell-Catalonia-Spain,Sabadell,Catalonia,Spain,South,EU
Apartadó-Antioquia-Colombia,Apartadó,Antioquia,Colombia,South,LATAM
Balikesir-Balikesir-Turkey,Balikesir,Balikesir,Turkey,EMEA,EMEA
Vertou-Pays de la Loire-France,Vertou,Pays de la Loire,France,Central,EU
Kayseri-Kayseri-Turkey,Kayseri,Kayseri,Turkey,EMEA,EMEA
Broken Hill-New South Wales-Australia,Broken Hill,New South Wales,Australia,Oceania,APAC
Chilpancingo-Guerrero-Mexico,Chilpancingo,Guerrero,Mexico,North,LATAM
Saint-Dizier-Champagne-Ardenne-France,Saint-Dizier,Champagne-Ardenne,France,Central,EU
Ichalkaranji-Maharashtra-India,Ichalkaranji,Maharashtra,India,Central Asia,APAC
Amarillo-Texas-United States,Amarillo,Texas,United States,Central,US
Modesto-California-United States,Modesto,California,United States,West,US
Aberdeen-Scotland-United Kingdom,Aberdeen,Scotland,United Kingdom,North,EU
Cedar Hill-Texas-United States,Cedar Hill,Texas,United States,Central,US
Nakhon Ratchasima-Nakhon Ratchasima-Thailand,Nakhon Ratchasima,Nakhon Ratchasima,Thailand,Southeast Asia,APAC
Gandia-Valenciana-Spain,Gandia,Valenciana,Spain,South,EU
Irkutsk-Irkutsk-Russia,Irkutsk,Irkutsk,Russia,EMEA,EMEA
Arkhangelsk-Arkhangel'sk-Russia,Arkhangelsk,Arkhangel'sk,Russia,EMEA,EMEA
Adana-Adana-Turkey,Adana,Adana,Turkey,EMEA,EMEA
Richmond-Virginia-United States,Richmond,Virginia,United States,South,US
Como-Lombardy-Italy,Como,Lombardy,Italy,South,EU
Burgos-Castile and León-Spain,Burgos,Castile and León,Spain,South,EU
Jodhpur-Rajasthan-India,Jodhpur,Rajasthan,India,Central Asia,APAC
Sousa-Paraíba-Brazil,Sousa,Paraíba,Brazil,South,LATAM
Saint-Pol-sur-Mer-Nord-Pas-de-Calais-France,Saint-Pol-sur-Mer,Nord-Pas-de-Calais,France,Central,EU
Darbhanga-Bihar-India,Darbhanga,Bihar,India,Central Asia,APAC
Plovdiv-Plovdiv-Bulgaria,Plovdiv,Plovdiv,Bulgaria,EMEA,EMEA
Bandung-Jawa Barat-Indonesia,Bandung,Jawa Barat,Indonesia,Southeast Asia,APAC
Dearborn Heights-Michigan-United States,Dearborn Heights,Michigan,United States,Central,US
Fortaleza-Ceará-Brazil,Fortaleza,Ceará,Brazil,South,LATAM
San Marcos-Texas-United States,San Marcos,Texas,United States,Central,US
Unna-North Rhine-Westphalia-Germany,Unna,North Rhine-Westphalia,Germany,Central,EU
Guyancourt-Ile-de-France-France,Guyancourt,Ile-de-France,France,Central,EU
Bellingham-Washington-United States,Bellingham,Washington,United States,West,US
Czestochowa-Silesia-Poland,Czestochowa,Silesia,Poland,EMEA,EMEA
Quimper-Brittany-France,Quimper,Brittany,France,Central,EU
Guntur-Andhra Pradesh-India,Guntur,Andhra Pradesh,India,Central Asia,APAC
San Cristóbal-Táchira-Venezuela,San Cristóbal,Táchira,Venezuela,South,LATAM
Vigo-Galicia-Spain,Vigo,Galicia,Spain,South,EU
Franconville-Ile-de-France-France,Franconville,Ile-de-France,France,Central,EU
Taverny-Ile-de-France-France,Taverny,Ile-de-France,France,Central,EU
Ambattur-Tamil Nadu-India,Ambattur,Tamil Nadu,India,Central Asia,APAC
Richmond-Kentucky-United States,Richmond,Kentucky,United States,South,US
Cagliari-Sardinia-Italy,Cagliari,Sardinia,Italy,South,EU
Kota-Chhattisgarh-India,Kota,Chhattisgarh,India,Central Asia,APAC
Aligarh-Uttar Pradesh-India,Aligarh,Uttar Pradesh,India,Central Asia,APAC
Lorient-Brittany-France,Lorient,Brittany,France,Central,EU
Kerpen-North Rhine-Westphalia-Germany,Kerpen,North Rhine-Westphalia,Germany,Central,EU
Alexandria-Al Iskandariyah-Egypt,Alexandria,Al Iskandariyah,Egypt,Africa,Africa
Capelle aan den IJssel-South Holland-Netherlands,Capelle aan den IJssel,South Holland,Netherlands,Central,EU
Altamira-Pará-Brazil,Altamira,Pará,Brazil,South,LATAM
Jamestown-New York-United States,Jamestown,New York,United States,East,US
Pilar-Alagoas-Brazil,Pilar,Alagoas,Brazil,South,LATAM
Apeldoorn-Gelderland-Netherlands,Apeldoorn,Gelderland,Netherlands,Central,EU
Pernik-Pernik-Bulgaria,Pernik,Pernik,Bulgaria,EMEA,EMEA
Srinagar-Jammu and Kashmir-India,Srinagar,Jammu and Kashmir,India,Central Asia,APAC
Quetzaltenango-Quezaltenango-Guatemala,Quetzaltenango,Quezaltenango,Guatemala,Central,LATAM
Quito-Pichincha-Ecuador,Quito,Pichincha,Ecuador,South,LATAM
Vratsa-Vratsa-Bulgaria,Vratsa,Vratsa,Bulgaria,EMEA,EMEA
Mixco-Guatemala-Guatemala,Mixco,Guatemala,Guatemala,Central,LATAM
Natal-Rio Grande do Norte-Brazil,Natal,Rio Grande do Norte,Brazil,South,LATAM
Heze-Shandong-China,Heze,Shandong,China,North Asia,APAC
Savigny-le-Temple-Ile-de-France-France,Savigny-le-Temple,Ile-de-France,France,Central,EU
Paraparaumu-Wellington-New Zealand,Paraparaumu,Wellington,New Zealand,Oceania,APAC
Kaduna-Kaduna-Nigeria,Kaduna,Kaduna,Nigeria,Africa,Africa
Middletown-Connecticut-United States,Middletown,Connecticut,United States,East,US
Mabopane-Gauteng-South Africa,Mabopane,Gauteng,South Africa,Africa,Africa
Suffolk-Virginia-United States,Suffolk,Virginia,United States,South,US
Ibb-Ibb-Yemen,Ibb,Ibb,Yemen,EMEA,EMEA
Copiapó-Atacama-Chile,Copiapó,Atacama,Chile,South,LATAM
Annecy-Rhône-Alpes-France,Annecy,Rhône-Alpes,France,Central,EU
Tahta-Suhaj-Egypt,Tahta,Suhaj,Egypt,Africa,Africa
Bobigny-Ile-de-France-France,Bobigny,Ile-de-France,France,Central,EU
Chimoio-Manica-Mozambique,Chimoio,Manica,Mozambique,Africa,Africa
Fayetteville-Arkansas-United States,Fayetteville,Arkansas,United States,South,US
Rancho Cucamonga-California-United States,Rancho Cucamonga,California,United States,West,US
Santiago de los Caballeros-Santiago-Dominican Republic,Santiago de los Caballeros,Santiago,Dominican Republic,Caribbean,LATAM
Normal-Illinois-United States,Normal,Illinois,United States,Central,US
Jingdezhen-Jiangxi-China,Jingdezhen,Jiangxi,China,North Asia,APAC
Comodoro Rivadavia-Chubut-Argentina,Comodoro Rivadavia,Chubut,Argentina,South,LATAM
Hildesheim-Lower Saxony-Germany,Hildesheim,Lower Saxony,Germany,Central,EU
Woodland-California-United States,Woodland,California,United States,West,US
Oakland-California-United States,Oakland,California,United States,West,US
Letchworth-England-United Kingdom,Letchworth,England,United Kingdom,North,EU
Chalinze-Pwani-Tanzania,Chalinze,Pwani,Tanzania,Africa,Africa
Gusau-Zamfara-Nigeria,Gusau,Zamfara,Nigeria,Africa,Africa
Kankan-Kankan-Guinea,Kankan,Kankan,Guinea,Africa,Africa
Le Chesnay-Ile-de-France-France,Le Chesnay,Ile-de-France,France,Central,EU
Longueuil-Quebec-Canada,Longueuil,Quebec,Canada,Canada,Canada
Warner Robins-Georgia-United States,Warner Robins,Georgia,United States,South,US
Mwanza-Mwanza-Tanzania,Mwanza,Mwanza,Tanzania,Africa,Africa
Rugby-England-United Kingdom,Rugby,England,United Kingdom,North,EU
Fontainebleau-Ile-de-France-France,Fontainebleau,Ile-de-France,France,Central,EU
Mataram-Nusa Tenggara Barat-Indonesia,Mataram,Nusa Tenggara Barat,Indonesia,Southeast Asia,APAC
Vijayawada-Andhra Pradesh-India,Vijayawada,Andhra Pradesh,India,Central Asia,APAC
Aprilia-Lazio-Italy,Aprilia,Lazio,Italy,South,EU
Guatemala City-Guatemala-Guatemala,Guatemala City,Guatemala,Guatemala,Central,LATAM
Genoa-Liguria-Italy,Genoa,Liguria,Italy,South,EU
Mardin-Mardin-Turkey,Mardin,Mardin,Turkey,EMEA,EMEA
Jalna-Maharashtra-India,Jalna,Maharashtra,India,Central Asia,APAC
Soma-Manisa-Turkey,Soma,Manisa,Turkey,EMEA,EMEA
Gothenburg-Västra Götaland-Sweden,Gothenburg,Västra Götaland,Sweden,North,EU
Toulouse-Midi-Pyrénées-France,Toulouse,Midi-Pyrénées,France,Central,EU
Chapel Hill-North Carolina-United States,Chapel Hill,North Carolina,United States,South,US
Cagua-Aragua-Venezuela,Cagua,Aragua,Venezuela,South,LATAM
Quetta-Baluchistan-Pakistan,Quetta,Baluchistan,Pakistan,Central Asia,APAC
Xinzhou-Hubei-China,Xinzhou,Hubei,China,North Asia,APAC
Smyrna-Tennessee-United States,Smyrna,Tennessee,United States,South,US
Reus-Catalonia-Spain,Reus,Catalonia,Spain,South,EU
Noisy-le-Sec-Ile-de-France-France,Noisy-le-Sec,Ile-de-France,France,Central,EU
Frankfort-Illinois-United States,Frankfort,Illinois,United States,Central,US
Garland-Texas-United States,Garland,Texas,United States,Central,US
Pamplona-Navarra-Spain,Pamplona,Navarra,Spain,South,EU
Pimpri-Maharashtra-India,Pimpri,Maharashtra,India,Central Asia,APAC
Bergamo-Lombardy-Italy,Bergamo,Lombardy,Italy,South,EU
Vlore-Vlorë-Albania,Vlore,Vlorë,Albania,EMEA,EMEA
Sonneberg-Thuringia-Germany,Sonneberg,Thuringia,Germany,Central,EU
Neiva-Huila-Colombia,Neiva,Huila,Colombia,South,LATAM
São Vicente-São Paulo-Brazil,São Vicente,São Paulo,Brazil,South,LATAM
Kamina-Katanga-Democratic Republic of the Congo,Kamina,Katanga,Democratic Republic of the Congo,Africa,Africa
Espoo-Uusimaa-Finland,Espoo,Uusimaa,Finland,North,EU
Suzhou-Jiangsu-China,Suzhou,Jiangsu,China,North Asia,APAC
Mason-Ohio-United States,Mason,Ohio,United States,East,US
Santa Cruz de Barahona-Barahona-Dominican Republic,Santa Cruz de Barahona,Barahona,Dominican Republic,Caribbean,LATAM
Sibiu-Sibiu-Romania,Sibiu,Sibiu,Romania,EMEA,EMEA
Chongqing-Chongqing-China,Chongqing,Chongqing,China,North Asia,APAC
Salvador-Bahia-Brazil,Salvador,Bahia,Brazil,South,LATAM
Recklinghausen-North Rhine-Westphalia-Germany,Recklinghausen,North Rhine-Westphalia,Germany,Central,EU
Kilwinning-Scotland-United Kingdom,Kilwinning,Scotland,United Kingdom,North,EU
Los Ángeles-Biobio-Chile,Los Ángeles,Biobio,Chile,South,LATAM
Fuji-Shizuoka-Japan,Fuji,Shizuoka,Japan,North Asia,APAC
Balneário Camboriú-Santa Catarina-Brazil,Balneário Camboriú,Santa Catarina,Brazil,South,LATAM
Jiangyan-Jiangsu-China,Jiangyan,Jiangsu,China,North Asia,APAC
Maroua-Extreme-Nord-Cameroon,Maroua,Extreme-Nord,Cameroon,Africa,Africa
Luoyang-Henan-China,Luoyang,Henan,China,North Asia,APAC
Obregón-Sonora-Mexico,Obregón,Sonora,Mexico,North,LATAM
Warwick-Rhode Island-United States,Warwick,Rhode Island,United States,East,US
Apple Valley-Minnesota-United States,Apple Valley,Minnesota,United States,Central,US
Concord-New Hampshire-United States,Concord,New Hampshire,United States,East,US
Muret-Midi-Pyrénées-France,Muret,Midi-Pyrénées,France,Central,EU
Uberaba-Minas Gerais-Brazil,Uberaba,Minas Gerais,Brazil,South,LATAM
Barueri-São Paulo-Brazil,Barueri,São Paulo,Brazil,South,LATAM
Columbia-Missouri-United States,Columbia,Missouri,United States,Central,US
Avon-Ile-de-France-France,Avon,Ile-de-France,France,Central,EU
Hargeysa-Woqooyi Galbeed-Somalia,Hargeysa,Woqooyi Galbeed,Somalia,Africa,Africa
Semarang-Jawa Tengah-Indonesia,Semarang,Jawa Tengah,Indonesia,Southeast Asia,APAC
Madrid-Madrid-Spain,Madrid,Madrid,Spain,South,EU
Massa-Tuscany-Italy,Massa,Tuscany,Italy,South,EU
Bergen op Zoom-North Brabant-Netherlands,Bergen op Zoom,North Brabant,Netherlands,Central,EU
Alphen aan den Rijn-South Holland-Netherlands,Alphen aan den Rijn,South Holland,Netherlands,Central,EU
East Orange-New Jersey-United States,East Orange,New Jersey,United States,East,US
Chester-England-United Kingdom,Chester,England,United Kingdom,North,EU
El Paso-Texas-United States,El Paso,Texas,United States,Central,US
Mubi-Adamawa-Nigeria,Mubi,Adamawa,Nigeria,Africa,Africa
Lomme-Nord-Pas-de-Calais-France,Lomme,Nord-Pas-de-Calais,France,Central,EU
Anyang-Henan-China,Anyang,Henan,China,North Asia,APAC
Lowestoft-England-United Kingdom,Lowestoft,England,United Kingdom,North,EU
Puducherry-Puducherry-India,Puducherry,Puducherry,India,Central Asia,APAC
Fort Lauderdale-Florida-United States,Fort Lauderdale,Florida,United States,South,US
Chattanooga-Tennessee-United States,Chattanooga,Tennessee,United States,South,US
Javanrud-Kermanshah-Iran,Javanrud,Kermanshah,Iran,EMEA,EMEA
Gdynia-Pomerania-Poland,Gdynia,Pomerania,Poland,EMEA,EMEA
Bergerac-Aquitaine-France,Bergerac,Aquitaine,France,Central,EU
Santo André-São Paulo-Brazil,Santo André,São Paulo,Brazil,South,LATAM
Caracas-Distrito Capital-Venezuela,Caracas,Distrito Capital,Venezuela,South,LATAM
Las Piedras-Canelones-Uruguay,Las Piedras,Canelones,Uruguay,South,LATAM
Lucerne-Lucerne-Switzerland,Lucerne,Lucerne,Switzerland,Central,EU
Marion-Iowa-United States,Marion,Iowa,United States,Central,US
Medea-Medea-Algeria,Medea,Medea,Algeria,Africa,Africa
Imola-Emilia-Romagna-Italy,Imola,Emilia-Romagna,Italy,South,EU
Eskilstuna-Södermanland-Sweden,Eskilstuna,Södermanland,Sweden,North,EU
Kristiansand-Vest-Agder-Norway,Kristiansand,Vest-Agder,Norway,North,EU
Atlantic City-New Jersey-United States,Atlantic City,New Jersey,United States,East,US
Igarassu-Pernambuco-Brazil,Igarassu,Pernambuco,Brazil,South,LATAM
Kaliningrad-Kaliningrad-Russia,Kaliningrad,Kaliningrad,Russia,EMEA,EMEA
La Romana-La Romana-Dominican Republic,La Romana,La Romana,Dominican Republic,Caribbean,LATAM
Clacton-on-Sea-England-United Kingdom,Clacton-on-Sea,England,United Kingdom,North,EU
Umtata-Eastern Cape-South Africa,Umtata,Eastern Cape,South Africa,Africa,Africa
La Roche-sur-Yon-Pays de la Loire-France,La Roche-sur-Yon,Pays de la Loire,France,Central,EU
Raipur-Chhattisgarh-India,Raipur,Chhattisgarh,India,Central Asia,APAC
Jos-Plateau-Nigeria,Jos,Plateau,Nigeria,Africa,Africa
Bry-sur-Marne-Ile-de-France-France,Bry-sur-Marne,Ile-de-France,France,Central,EU
Tilburg-North Brabant-Netherlands,Tilburg,North Brabant,Netherlands,Central,EU
Nacka-Stockholm-Sweden,Nacka,Stockholm,Sweden,North,EU
Ad Diwaniyah-Al Qadisiyah-Iraq,Ad Diwaniyah,Al Qadisiyah,Iraq,EMEA,EMEA
La Plata-Provincia de Buenos Aires-Argentina,La Plata,Provincia de Buenos Aires,Argentina,South,LATAM
Zabol-Sistan Va Baluchestan-Iran,Zabol,Sistan Va Baluchestan,Iran,EMEA,EMEA
Tarsus-Mersin-Turkey,Tarsus,Mersin,Turkey,EMEA,EMEA
Guayana-Bolivar-Venezuela,Guayana,Bolivar,Venezuela,South,LATAM
The Hague-South Holland-Netherlands,The Hague,South Holland,Netherlands,Central,EU
Posadas-Misiones-Argentina,Posadas,Misiones,Argentina,South,LATAM
Bielefeld-North Rhine-Westphalia-Germany,Bielefeld,North Rhine-Westphalia,Germany,Central,EU
Lome-Maritime-Togo,Lome,Maritime,Togo,Africa,Africa
Greenville-North Carolina-United States,Greenville,North Carolina,United States,South,US
Vantaa-Uusimaa-Finland,Vantaa,Uusimaa,Finland,North,EU
Melton-Victoria-Australia,Melton,Victoria,Australia,Oceania,APAC
Carrefour-Ouest-Haiti,Carrefour,Ouest,Haiti,Caribbean,LATAM
San Jose-California-United States,San Jose,California,United States,West,US
Corpus Christi-Texas-United States,Corpus Christi,Texas,United States,Central,US
Shenyang-Liaoning-China,Shenyang,Liaoning,China,North Asia,APAC
Layton-Utah-United States,Layton,Utah,United States,West,US
Oberhausen-North Rhine-Westphalia-Germany,Oberhausen,North Rhine-Westphalia,Germany,Central,EU
Murray-Kentucky-United States,Murray,Kentucky,United States,South,US
Thane-Maharashtra-India,Thane,Maharashtra,India,Central Asia,APAC
Abu Kabir-Ash Sharqiyah-Egypt,Abu Kabir,Ash Sharqiyah,Egypt,Africa,Africa
Stoke-on-Trent-England-United Kingdom,Stoke-on-Trent,England,United Kingdom,North,EU
Seattle-Washington-United States,Seattle,Washington,United States,West,US
Liberec-Liberec-Czech Republic,Liberec,Liberec,Czech Republic,EMEA,EMEA
Mansfield-Texas-United States,Mansfield,Texas,United States,Central,US
Torcy-Ile-de-France-France,Torcy,Ile-de-France,France,Central,EU
Apopka-Florida-United States,Apopka,Florida,United States,South,US
Qaraghandy-Qaraghandy-Kazakhstan,Qaraghandy,Qaraghandy,Kazakhstan,EMEA,EMEA
Lodi-California-United States,Lodi,California,United States,West,US
Richardson-Texas-United States,Richardson,Texas,United States,Central,US
Santa Rosa-La Pampa-Argentina,Santa Rosa,La Pampa,Argentina,South,LATAM
Doetinchem-Gelderland-Netherlands,Doetinchem,Gelderland,Netherlands,Central,EU
Farmington-New Mexico-United States,Farmington,New Mexico,United States,West,US
Hastings-Hawke's Bay-New Zealand,Hastings,Hawke's Bay,New Zealand,Oceania,APAC
Dartford-England-United Kingdom,Dartford,England,United Kingdom,North,EU
Nampula-Nampula-Mozambique,Nampula,Nampula,Mozambique,Africa,Africa
Freiburg-Baden-Württemberg-Germany,Freiburg,Baden-Württemberg,Germany,Central,EU
Dewsbury-England-United Kingdom,Dewsbury,England,United Kingdom,North,EU
Menden-North Rhine-Westphalia-Germany,Menden,North Rhine-Westphalia,Germany,Central,EU
Bhatinda-Punjab-India,Bhatinda,Punjab,India,Central Asia,APAC
Rizhao-Shandong-China,Rizhao,Shandong,China,North Asia,APAC
Cluj-Napoca-Cluj-Romania,Cluj-Napoca,Cluj,Romania,EMEA,EMEA
Taylor-Michigan-United States,Taylor,Michigan,United States,Central,US
Southampton-England-United Kingdom,Southampton,England,United Kingdom,North,EU
Koforidua-Eastern-Ghana,Koforidua,Eastern,Ghana,Africa,Africa
San Bernardo-Santiago-Chile,San Bernardo,Santiago,Chile,South,LATAM
Knoxville-Tennessee-United States,Knoxville,Tennessee,United States,South,US
Burlington-Vermont-United States,Burlington,Vermont,United States,East,US
Bissau-Bissau-Guinea-Bissau,Bissau,Bissau,Guinea-Bissau,Africa,Africa
Yichun-Jiangxi-China,Yichun,Jiangxi,China,North Asia,APAC
Monza-Lombardy-Italy,Monza,Lombardy,Italy,South,EU
Iserlohn-North Rhine-Westphalia-Germany,Iserlohn,North Rhine-Westphalia,Germany,Central,EU
Grand Prairie-Texas-United States,Grand Prairie,Texas,United States,Central,US
Clovis-New Mexico-United States,Clovis,New Mexico,United States,West,US
Nantes-Pays de la Loire-France,Nantes,Pays de la Loire,France,Central,EU
Moulins-Auvergne-France,Moulins,Auvergne,France,Central,EU
Bucheon-Gyeonggi-South Korea,Bucheon,Gyeonggi,South Korea,North Asia,APAC
Zwickau-Saxony-Germany,Zwickau,Saxony,Germany,Central,EU
Gwalior-Madhya Pradesh-India,Gwalior,Madhya Pradesh,India,Central Asia,APAC
Olomouc-Olomouc-Czech Republic,Olomouc,Olomouc,Czech Republic,EMEA,EMEA
Cergy-Ile-de-France-France,Cergy,Ile-de-France,France,Central,EU
Moers-North Rhine-Westphalia-Germany,Moers,North Rhine-Westphalia,Germany,Central,EU
San José de Guanipa-Anzoátegui-Venezuela,San José de Guanipa,Anzoátegui,Venezuela,South,LATAM
Rabat-Rabat-Salé-Zemmour-Zaer-Morocco,Rabat,Rabat-Salé-Zemmour-Zaer,Morocco,Africa,Africa
New Albany-Indiana-United States,New Albany,Indiana,United States,Central,US
Buca-Izmir-Turkey,Buca,Izmir,Turkey,EMEA,EMEA
Magnitogorsk-Chelyabinsk-Russia,Magnitogorsk,Chelyabinsk,Russia,EMEA,EMEA
Criciúma-Santa Catarina-Brazil,Criciúma,Santa Catarina,Brazil,South,LATAM
Dearborn-Michigan-United States,Dearborn,Michigan,United States,Central,US
Bolzano-Trentino-Alto Adige-Italy,Bolzano,Trentino-Alto Adige,Italy,South,EU
Chillán-Biobio-Chile,Chillán,Biobio,Chile,South,LATAM
Rohtak-Haryana-India,Rohtak,Haryana,India,Central Asia,APAC
Salzburg-Salzburg-Austria,Salzburg,Salzburg,Austria,Central,EU
Phoenix-Arizona-United States,Phoenix,Arizona,United States,West,US
Mouscron-Hainaut-Belgium,Mouscron,Hainaut,Belgium,Central,EU
Goulburn-New South Wales-Australia,Goulburn,New South Wales,Australia,Oceania,APAC
Emden-Lower Saxony-Germany,Emden,Lower Saxony,Germany,Central,EU
Tapachula-Chiapas-Mexico,Tapachula,Chiapas,Mexico,North,LATAM
Barbacena-Minas Gerais-Brazil,Barbacena,Minas Gerais,Brazil,South,LATAM
Brahmapur-Odisha-India,Brahmapur,Odisha,India,Central Asia,APAC
Dewas-Madhya Pradesh-India,Dewas,Madhya Pradesh,India,Central Asia,APAC
Varamin-Tehran-Iran,Varamin,Tehran,Iran,EMEA,EMEA
Preston-England-United Kingdom,Preston,England,United Kingdom,North,EU
Kukatpalli-Telangana-India,Kukatpalli,Telangana,India,Central Asia,APAC
Melchor Ocampo-México-Mexico,Melchor Ocampo,México,Mexico,North,LATAM
Brescia-Lombardy-Italy,Brescia,Lombardy,Italy,South,EU
Renqiu-Hebei-China,Renqiu,Hebei,China,North Asia,APAC
Le Mans-Pays de la Loire-France,Le Mans,Pays de la Loire,France,Central,EU
Geelong-Victoria-Australia,Geelong,Victoria,Australia,Oceania,APAC
Akhmim-Suhaj-Egypt,Akhmim,Suhaj,Egypt,Africa,Africa
Mons-en-Baroeul-Nord-Pas-de-Calais-France,Mons-en-Baroeul,Nord-Pas-de-Calais,France,Central,EU
Kuala Terengganu-Trengganu-Malaysia,Kuala Terengganu,Trengganu,Malaysia,Southeast Asia,APAC
Chihuahua-Chihuahua-Mexico,Chihuahua,Chihuahua,Mexico,North,LATAM
Pulheim-North Rhine-Westphalia-Germany,Pulheim,North Rhine-Westphalia,Germany,Central,EU
Salt Lake City-Utah-United States,Salt Lake City,Utah,United States,West,US
San Diego-California-United States,San Diego,California,United States,West,US
Clichy-Ile-de-France-France,Clichy,Ile-de-France,France,Central,EU
Tongzhou-Beijing-China,Tongzhou,Beijing,China,North Asia,APAC
Cotia-São Paulo-Brazil,Cotia,São Paulo,Brazil,South,LATAM
Pleasant Grove-Utah-United States,Pleasant Grove,Utah,United States,West,US
Las Rozas de Madrid-Madrid-Spain,Las Rozas de Madrid,Madrid,Spain,South,EU
Nkongsamba-Littoral-Cameroon,Nkongsamba,Littoral,Cameroon,Africa,Africa
Oruro-Oruro-Bolivia,Oruro,Oruro,Bolivia,South,LATAM
Coacalco-México-Mexico,Coacalco,México,Mexico,North,LATAM
Jacobina-Bahia-Brazil,Jacobina,Bahia,Brazil,South,LATAM
Mexicali-Baja California-Mexico,Mexicali,Baja California,Mexico,North,LATAM
Umraniye-Istanbul-Turkey,Umraniye,Istanbul,Turkey,EMEA,EMEA
Ennigerloh-North Rhine-Westphalia-Germany,Ennigerloh,North Rhine-Westphalia,Germany,Central,EU
Kotka-Kymenlaakso-Finland,Kotka,Kymenlaakso,Finland,North,EU
Nancy-Lorraine-France,Nancy,Lorraine,France,Central,EU
Anaheim-California-United States,Anaheim,California,United States,West,US
Baia Mare-Maramures-Romania,Baia Mare,Maramures,Romania,EMEA,EMEA
Alanya-Antalya-Turkey,Alanya,Antalya,Turkey,EMEA,EMEA
Viterbo-Lazio-Italy,Viterbo,Lazio,Italy,South,EU
Deyang-Sichuan-China,Deyang,Sichuan,China,North Asia,APAC
Linden-New Jersey-United States,Linden,New Jersey,United States,East,US
Ermont-Ile-de-France-France,Ermont,Ile-de-France,France,Central,EU
Elyria-Ohio-United States,Elyria,Ohio,United States,East,US
Jayapura-Papua-Indonesia,Jayapura,Papua,Indonesia,Southeast Asia,APAC
Burlington-North Carolina-United States,Burlington,North Carolina,United States,South,US
Tempe-Arizona-United States,Tempe,Arizona,United States,West,US
Firminy-Rhône-Alpes-France,Firminy,Rhône-Alpes,France,Central,EU
Macon-Georgia-United States,Macon,Georgia,United States,South,US
Texas City-Texas-United States,Texas City,Texas,United States,Central,US
Jiangdu-Jiangsu-China,Jiangdu,Jiangsu,China,North Asia,APAC
Pekanbaru-Riau-Indonesia,Pekanbaru,Riau,Indonesia,Southeast Asia,APAC
Cuenca-Azuay-Ecuador,Cuenca,Azuay,Ecuador,South,LATAM
Sonipat-Haryana-India,Sonipat,Haryana,India,Central Asia,APAC
Guiyang-Guizhou-China,Guiyang,Guizhou,China,North Asia,APAC
Les Lilas-Ile-de-France-France,Les Lilas,Ile-de-France,France,Central,EU
Yiwu-Zhejiang-China,Yiwu,Zhejiang,China,North Asia,APAC
Datong-Anhui-China,Datong,Anhui,China,North Asia,APAC
Villefontaine-Rhône-Alpes-France,Villefontaine,Rhône-Alpes,France,Central,EU
Ferndown-England-United Kingdom,Ferndown,England,United Kingdom,North,EU
Arapongas-Parana-Brazil,Arapongas,Parana,Brazil,South,LATAM
Kuito-Bie-Angola,Kuito,Bie,Angola,Africa,Africa
Sindelfingen-Baden-Württemberg-Germany,Sindelfingen,Baden-Württemberg,Germany,Central,EU
Rybnik-Silesia-Poland,Rybnik,Silesia,Poland,EMEA,EMEA
Polatsk-Vitsyebsk-Belarus,Polatsk,Vitsyebsk,Belarus,EMEA,EMEA
Chaozhou-Guangdong-China,Chaozhou,Guangdong,China,North Asia,APAC
Barika-Batna-Algeria,Barika,Batna,Algeria,Africa,Africa
Toguchin-Novosibirsk-Russia,Toguchin,Novosibirsk,Russia,EMEA,EMEA
Altamura-Apulia-Italy,Altamura,Apulia,Italy,South,EU
Lafayette-Louisiana-United States,Lafayette,Louisiana,United States,South,US
Shanghai-Shanghai-China,Shanghai,Shanghai,China,North Asia,APAC
Mentougou-Beijing-China,Mentougou,Beijing,China,North Asia,APAC
Zanjan-Zanjan-Iran,Zanjan,Zanjan,Iran,EMEA,EMEA
Bilaspur-Uttar Pradesh-India,Bilaspur,Uttar Pradesh,India,Central Asia,APAC
Mauguio-Languedoc-Roussillon-France,Mauguio,Languedoc-Roussillon,France,Central,EU
Hailin-Heilongjiang-China,Hailin,Heilongjiang,China,North Asia,APAC
Jizzakh-Jizzakh-Uzbekistan,Jizzakh,Jizzakh,Uzbekistan,EMEA,EMEA
São Benedito-Ceará-Brazil,São Benedito,Ceará,Brazil,South,LATAM
Mainz-Rhineland-Palatinate-Germany,Mainz,Rhineland-Palatinate,Germany,Central,EU
Erzurum-Erzurum-Turkey,Erzurum,Erzurum,Turkey,EMEA,EMEA
Sheffield-England-United Kingdom,Sheffield,England,United Kingdom,North,EU
Kent-Washington-United States,Kent,Washington,United States,West,US
Jinja-Jinja-Uganda,Jinja,Jinja,Uganda,Africa,Africa
Yulin-Shaanxi-China,Yulin,Shaanxi,China,North Asia,APAC
Xingtai-Hebei-China,Xingtai,Hebei,China,North Asia,APAC
Madero-Tamaulipas-Mexico,Madero,Tamaulipas,Mexico,North,LATAM
Funabashi-Chiba-Japan,Funabashi,Chiba,Japan,North Asia,APAC
Puerto La Cruz-Anzoátegui-Venezuela,Puerto La Cruz,Anzoátegui,Venezuela,South,LATAM
Uvira-South Kivu-Democratic Republic of the Congo,Uvira,South Kivu,Democratic Republic of the Congo,Africa,Africa
Schweinfurt-Bavaria-Germany,Schweinfurt,Bavaria,Germany,Central,EU
Rochester-New York-United States,Rochester,New York,United States,East,US
Tuxtla Gutiérrez-Chiapas-Mexico,Tuxtla Gutiérrez,Chiapas,Mexico,North,LATAM
Norfolk-Nebraska-United States,Norfolk,Nebraska,United States,Central,US
Odivelas-Lisboa-Portugal,Odivelas,Lisboa,Portugal,South,EU
Saint-Brieuc-Brittany-France,Saint-Brieuc,Brittany,France,Central,EU
Probolinggo-Jawa Timur-Indonesia,Probolinggo,Jawa Timur,Indonesia,Southeast Asia,APAC
Taza-Taza-Al Hoceima-Taounate-Morocco,Taza,Taza-Al Hoceima-Taounate,Morocco,Africa,Africa
Wuchang-Heilongjiang-China,Wuchang,Heilongjiang,China,North Asia,APAC
Gravataí-Rio Grande do Sul-Brazil,Gravataí,Rio Grande do Sul,Brazil,South,LATAM
Ocaña-Norte de Santander-Colombia,Ocaña,Norte de Santander,Colombia,South,LATAM
Fulda-Hesse-Germany,Fulda,Hesse,Germany,Central,EU
Logan-Utah-United States,Logan,Utah,United States,West,US
Ar Raqqah-Ar Raqqah-Syria,Ar Raqqah,Ar Raqqah,Syria,EMEA,EMEA
Blenheim-Marlborough-New Zealand,Blenheim,Marlborough,New Zealand,Oceania,APAC
Bayeux-Paraíba-Brazil,Bayeux,Paraíba,Brazil,South,LATAM
Austin-Texas-United States,Austin,Texas,United States,Central,US
Mococa-São Paulo-Brazil,Mococa,São Paulo,Brazil,South,LATAM
Pitesti-Arges-Romania,Pitesti,Arges,Romania,EMEA,EMEA
Karimnagar-Telangana-India,Karimnagar,Telangana,India,Central Asia,APAC
Lisbon-Lisboa-Portugal,Lisbon,Lisboa,Portugal,South,EU
Pescara-Abruzzi-Italy,Pescara,Abruzzi,Italy,South,EU
Avadi-Tamil Nadu-India,Avadi,Tamil Nadu,India,Central Asia,APAC
Shumen-Shumen-Bulgaria,Shumen,Shumen,Bulgaria,EMEA,EMEA
Dartmouth-Nova Scotia-Canada,Dartmouth,Nova Scotia,Canada,Canada,Canada
Piedras Negras-Coahuila-Mexico,Piedras Negras,Coahuila,Mexico,North,LATAM
Durgapur-West Bengal-India,Durgapur,West Bengal,India,Central Asia,APAC
Albertville-Rhône-Alpes-France,Albertville,Rhône-Alpes,France,Central,EU
Weimar-Thuringia-Germany,Weimar,Thuringia,Germany,Central,EU
Pontivy-Brittany-France,Pontivy,Brittany,France,Central,EU
La Seyne-sur-Mer-Provence-Alpes-Côte d'Azur-France,La Seyne-sur-Mer,Provence-Alpes-Côte d'Azur,France,Central,EU
Vitrolles-Provence-Alpes-Côte d'Azur-France,Vitrolles,Provence-Alpes-Côte d'Azur,France,Central,EU
Huzhou-Zhejiang-China,Huzhou,Zhejiang,China,North Asia,APAC
Costa Mesa-California-United States,Costa Mesa,California,United States,West,US
Bogor-Jawa Barat-Indonesia,Bogor,Jawa Barat,Indonesia,Southeast Asia,APAC
Sarkand-Almaty-Kazakhstan,Sarkand,Almaty,Kazakhstan,EMEA,EMEA
Soissons-Picardy-France,Soissons,Picardy,France,Central,EU
Teresina-Piauí-Brazil,Teresina,Piauí,Brazil,South,LATAM
Rome-Lazio-Italy,Rome,Lazio,Italy,South,EU
Bunbury-Western Australia-Australia,Bunbury,Western Australia,Australia,Oceania,APAC
Xiangfan-Hubei-China,Xiangfan,Hubei,China,North Asia,APAC
Lakeland-Florida-United States,Lakeland,Florida,United States,South,US
Springs-Gauteng-South Africa,Springs,Gauteng,South Africa,Africa,Africa
Cambridge-Waikato-New Zealand,Cambridge,Waikato,New Zealand,Oceania,APAC
Concarneau-Brittany-France,Concarneau,Brittany,France,Central,EU
Luton-England-United Kingdom,Luton,England,United Kingdom,North,EU
Juiz de Fora-Minas Gerais-Brazil,Juiz de Fora,Minas Gerais,Brazil,South,LATAM
George-Western Cape-South Africa,George,Western Cape,South Africa,Africa,Africa
Catalão-Goiás-Brazil,Catalão,Goiás,Brazil,South,LATAM
Passos-Minas Gerais-Brazil,Passos,Minas Gerais,Brazil,South,LATAM
Chimaltenango-Chimaltenango-Guatemala,Chimaltenango,Chimaltenango,Guatemala,Central,LATAM
Shulan-Jilin-China,Shulan,Jilin,China,North Asia,APAC
Taubaté-São Paulo-Brazil,Taubaté,São Paulo,Brazil,South,LATAM
San Luis Río Colorado-Sonora-Mexico,San Luis Río Colorado,Sonora,Mexico,North,LATAM
Bournemouth-England-United Kingdom,Bournemouth,England,United Kingdom,North,EU
Umuarama-Parana-Brazil,Umuarama,Parana,Brazil,South,LATAM
Rosny-sous-Bois-Ile-de-France-France,Rosny-sous-Bois,Ile-de-France,France,Central,EU
Itapetininga-São Paulo-Brazil,Itapetininga,São Paulo,Brazil,South,LATAM
Lubbock-Texas-United States,Lubbock,Texas,United States,Central,US
Ajman-'Ajman-United Arab Emirates,Ajman,'Ajman,United Arab Emirates,EMEA,EMEA
Colombo-Parana-Brazil,Colombo,Parana,Brazil,South,LATAM
Wheeling-West Virginia-United States,Wheeling,West Virginia,United States,East,US
Utrecht-Utrecht-Netherlands,Utrecht,Utrecht,Netherlands,Central,EU
Vernon-Upper Normandy-France,Vernon,Upper Normandy,France,Central,EU
Kortrijk-West Flanders-Belgium,Kortrijk,West Flanders,Belgium,Central,EU
Barquisimeto-Lara-Venezuela,Barquisimeto,Lara,Venezuela,South,LATAM
Gravatá-Pernambuco-Brazil,Gravatá,Pernambuco,Brazil,South,LATAM
Mission Viejo-California-United States,Mission Viejo,California,United States,West,US
Bucaramanga-Santander-Colombia,Bucaramanga,Santander,Colombia,South,LATAM
Chelles-Ile-de-France-France,Chelles,Ile-de-France,France,Central,EU
Yongchuan-Chongqing-China,Yongchuan,Chongqing,China,North Asia,APAC
Perugia-Umbria-Italy,Perugia,Umbria,Italy,South,EU
Badalona-Catalonia-Spain,Badalona,Catalonia,Spain,South,EU
Cincinnati-Ohio-United States,Cincinnati,Ohio,United States,East,US
Zaria-Kaduna-Nigeria,Zaria,Kaduna,Nigeria,Africa,Africa
Marina di Carrara-Tuscany-Italy,Marina di Carrara,Tuscany,Italy,South,EU
Boulogne-sur-Mer-Nord-Pas-de-Calais-France,Boulogne-sur-Mer,Nord-Pas-de-Calais,France,Central,EU
Malayer-Hamadan-Iran,Malayer,Hamadan,Iran,EMEA,EMEA
Veracruz-Veracruz-Mexico,Veracruz,Veracruz,Mexico,North,LATAM
Birjand-South Khorasan-Iran,Birjand,South Khorasan,Iran,EMEA,EMEA
Valence-Rhône-Alpes-France,Valence,Rhône-Alpes,France,Central,EU
Bytom-Silesia-Poland,Bytom,Silesia,Poland,EMEA,EMEA
Wagga Wagga-New South Wales-Australia,Wagga Wagga,New South Wales,Australia,Oceania,APAC
Troisdorf-North Rhine-Westphalia-Germany,Troisdorf,North Rhine-Westphalia,Germany,Central,EU
Mashhad-Razavi Khorasan-Iran,Mashhad,Razavi Khorasan,Iran,EMEA,EMEA
Tinley Park-Illinois-United States,Tinley Park,Illinois,United States,Central,US
Ponte Nova-Minas Gerais-Brazil,Ponte Nova,Minas Gerais,Brazil,South,LATAM
Karlstad-Värmland-Sweden,Karlstad,Värmland,Sweden,North,EU
Raipur-Uttarakhand-India,Raipur,Uttarakhand,India,Central Asia,APAC
Rotterdam-South Holland-Netherlands,Rotterdam,South Holland,Netherlands,Central,EU
Slough-England-United Kingdom,Slough,England,United Kingdom,North,EU
Shkoder-Shkodër-Albania,Shkoder,Shkodër,Albania,EMEA,EMEA
Greeley-Colorado-United States,Greeley,Colorado,United States,West,US
Mykolayiv-Mykolayiv-Ukraine,Mykolayiv,Mykolayiv,Ukraine,EMEA,EMEA
Rillieux-la-Pape-Rhône-Alpes-France,Rillieux-la-Pape,Rhône-Alpes,France,Central,EU
Almaty-Almaty City-Kazakhstan,Almaty,Almaty City,Kazakhstan,EMEA,EMEA
Beauvais-Picardy-France,Beauvais,Picardy,France,Central,EU
Montenegro-Quindío-Colombia,Montenegro,Quindío,Colombia,South,LATAM
Chifeng-Inner Mongolia-China,Chifeng,Inner Mongolia,China,North Asia,APAC
Luoyang-Guangdong-China,Luoyang,Guangdong,China,North Asia,APAC
Benidorm-Valenciana-Spain,Benidorm,Valenciana,Spain,South,EU
Bagnolet-Ile-de-France-France,Bagnolet,Ile-de-France,France,Central,EU
Montbrison-Rhône-Alpes-France,Montbrison,Rhône-Alpes,France,Central,EU
Milpa Alta-Distrito Federal-Mexico,Milpa Alta,Distrito Federal,Mexico,North,LATAM
Eugene-Oregon-United States,Eugene,Oregon,United States,West,US
Cesena-Emilia-Romagna-Italy,Cesena,Emilia-Romagna,Italy,South,EU
Guanambi-Bahia-Brazil,Guanambi,Bahia,Brazil,South,LATAM
Skikda-Skikda-Algeria,Skikda,Skikda,Algeria,Africa,Africa
Ekibastuz-Pavlodar-Kazakhstan,Ekibastuz,Pavlodar,Kazakhstan,EMEA,EMEA
Allauch-Provence-Alpes-Côte d'Azur-France,Allauch,Provence-Alpes-Côte d'Azur,France,Central,EU
Ormond Beach-Florida-United States,Ormond Beach,Florida,United States,South,US
Aoba-ku-Kanagawa-Japan,Aoba-ku,Kanagawa,Japan,North Asia,APAC
Surabaya-Jawa Timur-Indonesia,Surabaya,Jawa Timur,Indonesia,Southeast Asia,APAC
Idfu-Aswan-Egypt,Idfu,Aswan,Egypt,Africa,Africa
Tel Aviv-Tel Aviv-Israel,Tel Aviv,Tel Aviv,Israel,EMEA,EMEA
Everett-Massachusetts-United States,Everett,Massachusetts,United States,East,US
Choloma-Cortés-Honduras,Choloma,Cortés,Honduras,Central,LATAM
Abbotsford-British Columbia-Canada,Abbotsford,British Columbia,Canada,Canada,Canada
Gronau-North Rhine-Westphalia-Germany,Gronau,North Rhine-Westphalia,Germany,Central,EU
Hackensack-New Jersey-United States,Hackensack,New Jersey,United States,East,US
Kakinada-Andhra Pradesh-India,Kakinada,Andhra Pradesh,India,Central Asia,APAC
Johnson City-Tennessee-United States,Johnson City,Tennessee,United States,South,US
Meknes-Meknès-Tafilalet-Morocco,Meknes,Meknès-Tafilalet,Morocco,Africa,Africa
Clinton-Maryland-United States,Clinton,Maryland,United States,East,US
Saint-Cloud-Ile-de-France-France,Saint-Cloud,Ile-de-France,France,Central,EU
Mbandaka-Equateur-Democratic Republic of the Congo,Mbandaka,Equateur,Democratic Republic of the Congo,Africa,Africa
Arvada-Colorado-United States,Arvada,Colorado,United States,West,US
Tepic-Nayarit-Mexico,Tepic,Nayarit,Mexico,North,LATAM
Saint-Gratien-Ile-de-France-France,Saint-Gratien,Ile-de-France,France,Central,EU
Faenza-Emilia-Romagna-Italy,Faenza,Emilia-Romagna,Italy,South,EU
Tiruchchirappalli-Tamil Nadu-India,Tiruchchirappalli,Tamil Nadu,India,Central Asia,APAC
Siedlce-Masovia-Poland,Siedlce,Masovia,Poland,EMEA,EMEA
Sydney-New South Wales-Australia,Sydney,New South Wales,Australia,Oceania,APAC
Dortmund-North Rhine-Westphalia-Germany,Dortmund,North Rhine-Westphalia,Germany,Central,EU
Cosmópolis-São Paulo-Brazil,Cosmópolis,São Paulo,Brazil,South,LATAM
Aracati-Ceará-Brazil,Aracati,Ceará,Brazil,South,LATAM
Talcahuano-Biobio-Chile,Talcahuano,Biobio,Chile,South,LATAM
Seville-Andalusía-Spain,Seville,Andalusía,Spain,South,EU
Bisceglie-Apulia-Italy,Bisceglie,Apulia,Italy,South,EU
Yuncheng-Shanxi-China,Yuncheng,Shanxi,China,North Asia,APAC
Villemomble-Ile-de-France-France,Villemomble,Ile-de-France,France,Central,EU
Santa Maria-California-United States,Santa Maria,California,United States,West,US
Kulti-West Bengal-India,Kulti,West Bengal,India,Central Asia,APAC
Temecula-California-United States,Temecula,California,United States,West,US
Celaya-Guanajuato-Mexico,Celaya,Guanajuato,Mexico,North,LATAM
Aberdeen-South Dakota-United States,Aberdeen,South Dakota,United States,Central,US
Shah Alam-Selangor-Malaysia,Shah Alam,Selangor,Malaysia,Southeast Asia,APAC
Sancti Spíritus-Sancti Spíritus-Cuba,Sancti Spíritus,Sancti Spíritus,Cuba,Caribbean,LATAM
Duitama-Boyacá-Colombia,Duitama,Boyacá,Colombia,South,LATAM
Weifang-Shandong-China,Weifang,Shandong,China,North Asia,APAC
Matsumoto-Nagano-Japan,Matsumoto,Nagano,Japan,North Asia,APAC
Annonay-Rhône-Alpes-France,Annonay,Rhône-Alpes,France,Central,EU
Anshun-Guizhou-China,Anshun,Guizhou,China,North Asia,APAC
Les Mureaux-Ile-de-France-France,Les Mureaux,Ile-de-France,France,Central,EU
Marrakech-Marrakech-Tensift-El Haouz-Morocco,Marrakech,Marrakech-Tensift-El Haouz,Morocco,Africa,Africa
Focsani-Vrancea-Romania,Focsani,Vrancea,Romania,EMEA,EMEA
Huddinge-Stockholm-Sweden,Huddinge,Stockholm,Sweden,North,EU
Chartres-Centre-France,Chartres,Centre,France,Central,EU
Schwerin-Mecklenburg-Vorpommern-Germany,Schwerin,Mecklenburg-Vorpommern,Germany,Central,EU
Ratingen-North Rhine-Westphalia-Germany,Ratingen,North Rhine-Westphalia,Germany,Central,EU
Torbat-e Heydariyeh-Razavi Khorasan-Iran,Torbat-e Heydariyeh,Razavi Khorasan,Iran,EMEA,EMEA
Ruda Slaska-Silesia-Poland,Ruda Slaska,Silesia,Poland,EMEA,EMEA
Pinar del Río-Pinar del Río-Cuba,Pinar del Río,Pinar del Río,Cuba,Caribbean,LATAM
São Paulo-São Paulo-Brazil,São Paulo,São Paulo,Brazil,South,LATAM
Derbent-Dagestan-Russia,Derbent,Dagestan,Russia,EMEA,EMEA
Melitopol'-Zaporizhzhya-Ukraine,Melitopol',Zaporizhzhya,Ukraine,EMEA,EMEA
Hasselt-Limburg-Belgium,Hasselt,Limburg,Belgium,Central,EU
Busan-Busan-South Korea,Busan,Busan,South Korea,North Asia,APAC
Ras al Khaymah-Ra's Al Khaymah-United Arab Emirates,Ras al Khaymah,Ra's Al Khaymah,United Arab Emirates,EMEA,EMEA
Cidade Ocidental-Goiás-Brazil,Cidade Ocidental,Goiás,Brazil,South,LATAM
Kismaayo-Jubbada Hoose-Somalia,Kismaayo,Jubbada Hoose,Somalia,Africa,Africa
Constantine-Constantine-Algeria,Constantine,Constantine,Algeria,Africa,Africa
Sumy-Sumy-Ukraine,Sumy,Sumy,Ukraine,EMEA,EMEA
Ndola-Copperbelt-Zambia,Ndola,Copperbelt,Zambia,Africa,Africa
Weston-super-Mare-England-United Kingdom,Weston-super-Mare,England,United Kingdom,North,EU
Yamoussoukro-Lacs-Cote d'Ivoire,Yamoussoukro,Lacs,Cote d'Ivoire,Africa,Africa
Guantánamo-Guantánamo-Cuba,Guantánamo,Guantánamo,Cuba,Caribbean,LATAM
Garches-Ile-de-France-France,Garches,Ile-de-France,France,Central,EU
La Mesa-California-United States,La Mesa,California,United States,West,US
College Station-Texas-United States,College Station,Texas,United States,Central,US
Afyon-Afyonkarahisar-Turkey,Afyon,Afyonkarahisar,Turkey,EMEA,EMEA
Pingnan-Guangxi-China,Pingnan,Guangxi,China,North Asia,APAC
Bloemfontein-Free State-South Africa,Bloemfontein,Free State,South Africa,Africa,Africa
Sukkur-Sindh-Pakistan,Sukkur,Sindh,Pakistan,Central Asia,APAC
Trani-Apulia-Italy,Trani,Apulia,Italy,South,EU
Salamanca-Guanajuato-Mexico,Salamanca,Guanajuato,Mexico,North,LATAM
Ontario-California-United States,Ontario,California,United States,West,US
Gradignan-Aquitaine-France,Gradignan,Aquitaine,France,Central,EU
Natitingou-Atakora-Benin,Natitingou,Atakora,Benin,Africa,Africa
Sonsonate-Sonsonate-El Salvador,Sonsonate,Sonsonate,El Salvador,Central,LATAM
Chisinau-Chisinau-Moldova,Chisinau,Chisinau,Moldova,EMEA,EMEA
Ilorin-Kwara-Nigeria,Ilorin,Kwara,Nigeria,Africa,Africa
Afragola-Campania-Italy,Afragola,Campania,Italy,South,EU
Legnano-Lombardy-Italy,Legnano,Lombardy,Italy,South,EU
Bath-England-United Kingdom,Bath,England,United Kingdom,North,EU
Bafoussam-Ouest-Cameroon,Bafoussam,Ouest,Cameroon,Africa,Africa
Auburn-Washington-United States,Auburn,Washington,United States,West,US
Itapeva-São Paulo-Brazil,Itapeva,São Paulo,Brazil,South,LATAM
La Spezia-Liguria-Italy,La Spezia,Liguria,Italy,South,EU
Jacksonville-Florida-United States,Jacksonville,Florida,United States,South,US
Halifax-Nova Scotia-Canada,Halifax,Nova Scotia,Canada,Canada,Canada
Imphal-Manipur-India,Imphal,Manipur,India,Central Asia,APAC
Panihati-West Bengal-India,Panihati,West Bengal,India,Central Asia,APAC
Osny-Ile-de-France-France,Osny,Ile-de-France,France,Central,EU
Launceston-Tasmania-Australia,Launceston,Tasmania,Australia,Oceania,APAC
Jiaxing-Zhejiang-China,Jiaxing,Zhejiang,China,North Asia,APAC
Lake Charles-Louisiana-United States,Lake Charles,Louisiana,United States,South,US
Maturín-Monagas-Venezuela,Maturín,Monagas,Venezuela,South,LATAM
Córdoba-Córdoba-Argentina,Córdoba,Córdoba,Argentina,South,LATAM
Niterói-Rio de Janeiro-Brazil,Niterói,Rio de Janeiro,Brazil,South,LATAM
Toluca-México-Mexico,Toluca,México,Mexico,North,LATAM
Korba-Chhattisgarh-India,Korba,Chhattisgarh,India,Central Asia,APAC
Tehuacán-Puebla-Mexico,Tehuacán,Puebla,Mexico,North,LATAM
Langfang-Hebei-China,Langfang,Hebei,China,North Asia,APAC
Kunming-Yunnan-China,Kunming,Yunnan,China,North Asia,APAC
Kozan-Adana-Turkey,Kozan,Adana,Turkey,EMEA,EMEA
Petare-Miranda-Venezuela,Petare,Miranda,Venezuela,South,LATAM
Fontenay-le-Comte-Pays de la Loire-France,Fontenay-le-Comte,Pays de la Loire,France,Central,EU
Bandirma-Balikesir-Turkey,Bandirma,Balikesir,Turkey,EMEA,EMEA
Reynosa-Tamaulipas-Mexico,Reynosa,Tamaulipas,Mexico,North,LATAM
Surat-Gujarat-India,Surat,Gujarat,India,Central Asia,APAC
Riom-Auvergne-France,Riom,Auvergne,France,Central,EU
Jaú-São Paulo-Brazil,Jaú,São Paulo,Brazil,South,LATAM
Salamanca-Castile and León-Spain,Salamanca,Castile and León,Spain,South,EU
Aba-Abia-Nigeria,Aba,Abia,Nigeria,Africa,Africa
Arauca-Arauca-Colombia,Arauca,Arauca,Colombia,South,LATAM
Kingswood-England-United Kingdom,Kingswood,England,United Kingdom,North,EU
Plantation-Florida-United States,Plantation,Florida,United States,South,US
Barddhaman-West Bengal-India,Barddhaman,West Bengal,India,Central Asia,APAC
Krasnyy Luch-Luhans'k-Ukraine,Krasnyy Luch,Luhans'k,Ukraine,EMEA,EMEA
Schiltigheim-Alsace-France,Schiltigheim,Alsace,France,Central,EU
Stadtlohn-North Rhine-Westphalia-Germany,Stadtlohn,North Rhine-Westphalia,Germany,Central,EU
Vicenza-Veneto-Italy,Vicenza,Veneto,Italy,South,EU
Termez-Surxondaryo-Uzbekistan,Termez,Surxondaryo,Uzbekistan,EMEA,EMEA
Rotorua-Bay of Plenty-New Zealand,Rotorua,Bay of Plenty,New Zealand,Oceania,APAC
Jodhpur-Gujarat-India,Jodhpur,Gujarat,India,Central Asia,APAC
Lormont-Aquitaine-France,Lormont,Aquitaine,France,Central,EU
Sylhet-Sylhet-Bangladesh,Sylhet,Sylhet,Bangladesh,Central Asia,APAC
Dover-New Hampshire-United States,Dover,New Hampshire,United States,East,US
Xinghua-Jiangsu-China,Xinghua,Jiangsu,China,North Asia,APAC
Cainta-Calabarzon-Philippines,Cainta,Calabarzon,Philippines,Southeast Asia,APAC
Freeport-Illinois-United States,Freeport,Illinois,United States,Central,US
Guayaquil-Guayas-Ecuador,Guayaquil,Guayas,Ecuador,South,LATAM
Pune-Maharashtra-India,Pune,Maharashtra,India,Central Asia,APAC
Gaspar-Santa Catarina-Brazil,Gaspar,Santa Catarina,Brazil,South,LATAM
Kurashiki-Okayama-Japan,Kurashiki,Okayama,Japan,North Asia,APAC
Marly-le-Roi-Ile-de-France-France,Marly-le-Roi,Ile-de-France,France,Central,EU
Mazyr-Homyel'-Belarus,Mazyr,Homyel',Belarus,EMEA,EMEA
Mary-Mary-Turkmenistan,Mary,Mary,Turkmenistan,EMEA,EMEA
Naihati-West Bengal-India,Naihati,West Bengal,India,Central Asia,APAC
Karlsruhe-Baden-Württemberg-Germany,Karlsruhe,Baden-Württemberg,Germany,Central,EU
Zhoukou-Henan-China,Zhoukou,Henan,China,North Asia,APAC
Luts'k-Volyn-Ukraine,Luts'k,Volyn,Ukraine,EMEA,EMEA
Borken-North Rhine-Westphalia-Germany,Borken,North Rhine-Westphalia,Germany,Central,EU
São Leopoldo-Rio Grande do Sul-Brazil,São Leopoldo,Rio Grande do Sul,Brazil,South,LATAM
Choluteca-Choluteca-Honduras,Choluteca,Choluteca,Honduras,Central,LATAM
Abakaliki-Ebonyi-Nigeria,Abakaliki,Ebonyi,Nigeria,Africa,Africa
Chipata-Eastern-Zambia,Chipata,Eastern,Zambia,Africa,Africa
Laval-Pays de la Loire-France,Laval,Pays de la Loire,France,Central,EU
La Baule-Escoublac-Pays de la Loire-France,La Baule-Escoublac,Pays de la Loire,France,Central,EU
Mulhouse-Alsace-France,Mulhouse,Alsace,France,Central,EU
Valles-San Luis Potosí-Mexico,Valles,San Luis Potosí,Mexico,North,LATAM
Les Pavillons-sous-Bois-Ile-de-France-France,Les Pavillons-sous-Bois,Ile-de-France,France,Central,EU
Apatzingán de la Constitución-Michoacán-Mexico,Apatzingán de la Constitución,Michoacán,Mexico,North,LATAM
Hamilton-Waikato-New Zealand,Hamilton,Waikato,New Zealand,Oceania,APAC
Montereau-Fault-Yonne-Ile-de-France-France,Montereau-Fault-Yonne,Ile-de-France,France,Central,EU
Highland Park-Illinois-United States,Highland Park,Illinois,United States,Central,US
Poltava-Poltava-Ukraine,Poltava,Poltava,Ukraine,EMEA,EMEA
Taiyuan-Shanxi-China,Taiyuan,Shanxi,China,North Asia,APAC
Jember-Jawa Timur-Indonesia,Jember,Jawa Timur,Indonesia,Southeast Asia,APAC
Southaven-Mississippi-United States,Southaven,Mississippi,United States,South,US
Bistrita-Bistrita-Nasaud-Romania,Bistrita,Bistrita-Nasaud,Romania,EMEA,EMEA
Rouen-Upper Normandy-France,Rouen,Upper Normandy,France,Central,EU
Allahabad-Uttar Pradesh-India,Allahabad,Uttar Pradesh,India,Central Asia,APAC
Barra do Piraí-Rio de Janeiro-Brazil,Barra do Piraí,Rio de Janeiro,Brazil,South,LATAM
Smyrna-Georgia-United States,Smyrna,Georgia,United States,South,US
Baytown-Texas-United States,Baytown,Texas,United States,Central,US
Bafra-Samsun-Turkey,Bafra,Samsun,Turkey,EMEA,EMEA
Tupã-São Paulo-Brazil,Tupã,São Paulo,Brazil,South,LATAM
Winterthur-Zürich-Switzerland,Winterthur,Zürich,Switzerland,Central,EU
Leicester-England-United Kingdom,Leicester,England,United Kingdom,North,EU
Larache-Tanger-Tétouan-Morocco,Larache,Tanger-Tétouan,Morocco,Africa,Africa
Koumra-Mandoul-Chad,Koumra,Mandoul,Chad,Africa,Africa
Cournon-d'Auvergne-Auvergne-France,Cournon-d'Auvergne,Auvergne,France,Central,EU
Craiova-Dolj-Romania,Craiova,Dolj,Romania,EMEA,EMEA
Sale-Rabat-Salé-Zemmour-Zaer-Morocco,Sale,Rabat-Salé-Zemmour-Zaer,Morocco,Africa,Africa
Lehi-Utah-United States,Lehi,Utah,United States,West,US
Kindia-Kindia-Guinea,Kindia,Kindia,Guinea,Africa,Africa
Jena-Thuringia-Germany,Jena,Thuringia,Germany,Central,EU
West Allis-Wisconsin-United States,West Allis,Wisconsin,United States,Central,US
Águas Lindas de Goiás-Goiás-Brazil,Águas Lindas de Goiás,Goiás,Brazil,South,LATAM
Oxnard-California-United States,Oxnard,California,United States,West,US
Bhilwara-Rajasthan-India,Bhilwara,Rajasthan,India,Central Asia,APAC
Laohekou-Hubei-China,Laohekou,Hubei,China,North Asia,APAC
Athens-Georgia-United States,Athens,Georgia,United States,South,US
Morristown-New Jersey-United States,Morristown,New Jersey,United States,East,US
Bezerros-Pernambuco-Brazil,Bezerros,Pernambuco,Brazil,South,LATAM
Tlalpan-Distrito Federal-Mexico,Tlalpan,Distrito Federal,Mexico,North,LATAM
Ajmer-Rajasthan-India,Ajmer,Rajasthan,India,Central Asia,APAC
Hobart-Tasmania-Australia,Hobart,Tasmania,Australia,Oceania,APAC
Antananarivo-Analamanga-Madagascar,Antananarivo,Analamanga,Madagascar,Africa,Africa
Goussainville-Ile-de-France-France,Goussainville,Ile-de-France,France,Central,EU
Pontoise-Ile-de-France-France,Pontoise,Ile-de-France,France,Central,EU
Tabuk-Tabuk-Saudi Arabia,Tabuk,Tabuk,Saudi Arabia,EMEA,EMEA
Santa Rosa-Rio Grande do Sul-Brazil,Santa Rosa,Rio Grande do Sul,Brazil,South,LATAM
Pompano Beach-Florida-United States,Pompano Beach,Florida,United States,South,US
Reims-Champagne-Ardenne-France,Reims,Champagne-Ardenne,France,Central,EU
Orange-New South Wales-Australia,Orange,New South Wales,Australia,Oceania,APAC
Cherbourg-Octeville-Lower Normandy-France,Cherbourg-Octeville,Lower Normandy,France,Central,EU
Gisborne-Gisborne-New Zealand,Gisborne,Gisborne,New Zealand,Oceania,APAC
Fort Portal-Kabarole-Uganda,Fort Portal,Kabarole,Uganda,Africa,Africa
Margate-Florida-United States,Margate,Florida,United States,South,US
Levallois-Perret-Ile-de-France-France,Levallois-Perret,Ile-de-France,France,Central,EU
Pindamonhangaba-São Paulo-Brazil,Pindamonhangaba,São Paulo,Brazil,South,LATAM
Francisco Beltrão-Parana-Brazil,Francisco Beltrão,Parana,Brazil,South,LATAM
Issoire-Auvergne-France,Issoire,Auvergne,France,Central,EU
Guiping-Guangxi-China,Guiping,Guangxi,China,North Asia,APAC
Newcastle upon Tyne-England-United Kingdom,Newcastle upon Tyne,England,United Kingdom,North,EU
Montigny-le-Bretonneux-Ile-de-France-France,Montigny-le-Bretonneux,Ile-de-France,France,Central,EU
Envigado-Antioquia-Colombia,Envigado,Antioquia,Colombia,South,LATAM
São Pedro da Aldeia-Rio de Janeiro-Brazil,São Pedro da Aldeia,Rio de Janeiro,Brazil,South,LATAM
Yucaipa-California-United States,Yucaipa,California,United States,West,US
Columbia-South Carolina-United States,Columbia,South Carolina,United States,South,US
Khomeynishahr-Esfahan-Iran,Khomeynishahr,Esfahan,Iran,EMEA,EMEA
Belleville-New Jersey-United States,Belleville,New Jersey,United States,East,US
Roanne-Rhône-Alpes-France,Roanne,Rhône-Alpes,France,Central,EU
Silopi-Sirnak-Turkey,Silopi,Sirnak,Turkey,EMEA,EMEA
Maastricht-Limburg-Netherlands,Maastricht,Limburg,Netherlands,Central,EU
Ancona-Marche-Italy,Ancona,Marche,Italy,South,EU
Bur Sudan-Red Sea-Sudan,Bur Sudan,Red Sea,Sudan,Africa,Africa
Changzhou-Jiangsu-China,Changzhou,Jiangsu,China,North Asia,APAC
Paysandú-Paysandú-Uruguay,Paysandú,Paysandú,Uruguay,South,LATAM
Bridgeton-New Jersey-United States,Bridgeton,New Jersey,United States,East,US
Slupsk-Pomerania-Poland,Slupsk,Pomerania,Poland,EMEA,EMEA
Urbandale-Iowa-United States,Urbandale,Iowa,United States,Central,US
Kananga-Kasai-Occidental-Democratic Republic of the Congo,Kananga,Kasai-Occidental,Democratic Republic of the Congo,Africa,Africa
Barreiras-Bahia-Brazil,Barreiras,Bahia,Brazil,South,LATAM
Zaporizhzhya-Zaporizhzhya-Ukraine,Zaporizhzhya,Zaporizhzhya,Ukraine,EMEA,EMEA
Kita-ku-Osaka-Japan,Kita-ku,Osaka,Japan,North Asia,APAC
Constanta-Constanta-Romania,Constanta,Constanta,Romania,EMEA,EMEA
Vitry-sur-Seine-Ile-de-France-France,Vitry-sur-Seine,Ile-de-France,France,Central,EU
Tete-Tete-Mozambique,Tete,Tete,Mozambique,Africa,Africa
Malakoff-Ile-de-France-France,Malakoff,Ile-de-France,France,Central,EU
Auxerre-Burgundy-France,Auxerre,Burgundy,France,Central,EU
Great Yarmouth-England-United Kingdom,Great Yarmouth,England,United Kingdom,North,EU
Waukesha-Wisconsin-United States,Waukesha,Wisconsin,United States,Central,US
Citrus Heights-California-United States,Citrus Heights,California,United States,West,US
Badajoz-Extremadura-Spain,Badajoz,Extremadura,Spain,South,EU
Wuhan-Hubei-China,Wuhan,Hubei,China,North Asia,APAC
Lecce-Apulia-Italy,Lecce,Apulia,Italy,South,EU
Bristol-Connecticut-United States,Bristol,Connecticut,United States,East,US
Sucy-en-Brie-Ile-de-France-France,Sucy-en-Brie,Ile-de-France,France,Central,EU
Paranaguá-Parana-Brazil,Paranaguá,Parana,Brazil,South,LATAM
Dunstable-England-United Kingdom,Dunstable,England,United Kingdom,North,EU
Acayucan-Veracruz-Mexico,Acayucan,Veracruz,Mexico,North,LATAM
Bacau-Bacau-Romania,Bacau,Bacau,Romania,EMEA,EMEA
Milwaukee-Wisconsin-United States,Milwaukee,Wisconsin,United States,Central,US
Ramat Gan-Tel Aviv-Israel,Ramat Gan,Tel Aviv,Israel,EMEA,EMEA
Antiguo Cuscatlán-La Libertad-El Salvador,Antiguo Cuscatlán,La Libertad,El Salvador,Central,LATAM
Parla-Madrid-Spain,Parla,Madrid,Spain,South,EU
Agrigento-Sicily-Italy,Agrigento,Sicily,Italy,South,EU
San Juan de la Maguana-San Juan-Dominican Republic,San Juan de la Maguana,San Juan,Dominican Republic,Caribbean,LATAM
Cranston-Rhode Island-United States,Cranston,Rhode Island,United States,East,US
Firozabad-Uttar Pradesh-India,Firozabad,Uttar Pradesh,India,Central Asia,APAC
Santa Cruz do Sul-Rio Grande do Sul-Brazil,Santa Cruz do Sul,Rio Grande do Sul,Brazil,South,LATAM
Muskogee-Oklahoma-United States,Muskogee,Oklahoma,United States,Central,US
Turmero-Aragua-Venezuela,Turmero,Aragua,Venezuela,South,LATAM
La Celle-Saint-Cloud-Ile-de-France-France,La Celle-Saint-Cloud,Ile-de-France,France,Central,EU
Wuchuan-Guangdong-China,Wuchuan,Guangdong,China,North Asia,APAC
Bowling Green-Ohio-United States,Bowling Green,Ohio,United States,East,US
Nevsehir-Nevsehir-Turkey,Nevsehir,Nevsehir,Turkey,EMEA,EMEA
Sacramento-California-United States,Sacramento,California,United States,West,US
Aligudarz-Lorestan-Iran,Aligudarz,Lorestan,Iran,EMEA,EMEA
Tongi-Dhaka-Bangladesh,Tongi,Dhaka,Bangladesh,Central Asia,APAC
Zacatecas-Zacatecas-Mexico,Zacatecas,Zacatecas,Mexico,North,LATAM
Ibaraki-Osaka-Japan,Ibaraki,Osaka,Japan,North Asia,APAC
Split-Splitsko-Dalmatinska-Croatia,Split,Splitsko-Dalmatinska,Croatia,EMEA,EMEA
Liaocheng-Shandong-China,Liaocheng,Shandong,China,North Asia,APAC
Campeche-Campeche-Mexico,Campeche,Campeche,Mexico,North,LATAM
Coimbatore-Tamil Nadu-India,Coimbatore,Tamil Nadu,India,Central Asia,APAC
San Pedro de Macorís-San Pedro de Macorís-Dominican Republic,San Pedro de Macorís,San Pedro de Macorís,Dominican Republic,Caribbean,LATAM
Huntsville-Texas-United States,Huntsville,Texas,United States,Central,US
Seraing-Liège-Belgium,Seraing,Liège,Belgium,Central,EU
Cambrai-Nord-Pas-de-Calais-France,Cambrai,Nord-Pas-de-Calais,France,Central,EU
Fresno-California-United States,Fresno,California,United States,West,US
Odense-South Denmark-Denmark,Odense,South Denmark,Denmark,North,EU
Riberalta-Beni-Bolivia,Riberalta,Beni,Bolivia,South,LATAM
Edogawa-ku-Tokyo-Japan,Edogawa-ku,Tokyo,Japan,North Asia,APAC
Erlangen-Bavaria-Germany,Erlangen,Bavaria,Germany,Central,EU
Tamarac-Florida-United States,Tamarac,Florida,United States,South,US
Denpasar-Bali-Indonesia,Denpasar,Bali,Indonesia,Southeast Asia,APAC
Bezons-Ile-de-France-France,Bezons,Ile-de-France,France,Central,EU
Stockton-California-United States,Stockton,California,United States,West,US
Barnsley-England-United Kingdom,Barnsley,England,United Kingdom,North,EU
Darwin-Northern Territory-Australia,Darwin,Northern Territory,Australia,Oceania,APAC
Alfortville-Ile-de-France-France,Alfortville,Ile-de-France,France,Central,EU
Khorramshahr-Khuzestan-Iran,Khorramshahr,Khuzestan,Iran,EMEA,EMEA
Bangor-Maine-United States,Bangor,Maine,United States,East,US
Puerto Padre-Las Tunas-Cuba,Puerto Padre,Las Tunas,Cuba,Caribbean,LATAM
San Fernando-Andalusía-Spain,San Fernando,Andalusía,Spain,South,EU
Saint Charles-Illinois-United States,Saint Charles,Illinois,United States,Central,US
Turgutlu-Manisa-Turkey,Turgutlu,Manisa,Turkey,EMEA,EMEA
Villeneuve-sur-Lot-Aquitaine-France,Villeneuve-sur-Lot,Aquitaine,France,Central,EU
Mianyang-Sichuan-China,Mianyang,Sichuan,China,North Asia,APAC
Vanderbijlpark-Gauteng-South Africa,Vanderbijlpark,Gauteng,South Africa,Africa,Africa
Baruta-Miranda-Venezuela,Baruta,Miranda,Venezuela,South,LATAM
Velsen-North Holland-Netherlands,Velsen,North Holland,Netherlands,Central,EU
Chiclana de la Frontera-Andalusía-Spain,Chiclana de la Frontera,Andalusía,Spain,South,EU
Anglet-Aquitaine-France,Anglet,Aquitaine,France,Central,EU
Budënnovsk-Stavropol'-Russia,Budënnovsk,Stavropol',Russia,EMEA,EMEA
Hoover-Alabama-United States,Hoover,Alabama,United States,South,US
Tinaquillo-Cojedes-Venezuela,Tinaquillo,Cojedes,Venezuela,South,LATAM
Gladstone-Queensland-Australia,Gladstone,Queensland,Australia,Oceania,APAC
Columbus-Ohio-United States,Columbus,Ohio,United States,East,US
Kumanovo-Kumanovo-Macedonia,Kumanovo,Kumanovo,Macedonia,EMEA,EMEA
Rondonópolis-Mato Grosso-Brazil,Rondonópolis,Mato Grosso,Brazil,South,LATAM
Metz-Lorraine-France,Metz,Lorraine,France,Central,EU
Tulancingo-Hidalgo-Mexico,Tulancingo,Hidalgo,Mexico,North,LATAM
San Luis Potosí-San Luis Potosí-Mexico,San Luis Potosí,San Luis Potosí,Mexico,North,LATAM
Marikina-National Capital-Philippines,Marikina,National Capital,Philippines,Southeast Asia,APAC
Chula Vista-California-United States,Chula Vista,California,United States,West,US
Mougins-Provence-Alpes-Côte d'Azur-France,Mougins,Provence-Alpes-Côte d'Azur,France,Central,EU
Camagüey-Camagüey-Cuba,Camagüey,Camagüey,Cuba,Caribbean,LATAM
Naples-Campania-Italy,Naples,Campania,Italy,South,EU
Dar Chioukh-Djelfa-Algeria,Dar Chioukh,Djelfa,Algeria,Africa,Africa
Presidente Dutra-Maranhão-Brazil,Presidente Dutra,Maranhão,Brazil,South,LATAM
League City-Texas-United States,League City,Texas,United States,Central,US
Broomfield-Colorado-United States,Broomfield,Colorado,United States,West,US
Sivas-Sivas-Turkey,Sivas,Sivas,Turkey,EMEA,EMEA
Villa Canales-Guatemala-Guatemala,Villa Canales,Guatemala,Guatemala,Central,LATAM
Sialkot-Punjab-Pakistan,Sialkot,Punjab,Pakistan,Central Asia,APAC
Les Herbiers-Pays de la Loire-France,Les Herbiers,Pays de la Loire,France,Central,EU
Wichita-Kansas-United States,Wichita,Kansas,United States,Central,US
Nazilli-Aydin-Turkey,Nazilli,Aydin,Turkey,EMEA,EMEA
Valparaíso de Goiás-Goiás-Brazil,Valparaíso de Goiás,Goiás,Brazil,South,LATAM
Caxias do Sul-Rio Grande do Sul-Brazil,Caxias do Sul,Rio Grande do Sul,Brazil,South,LATAM
San Andrés Tuxtla-Veracruz-Mexico,San Andrés Tuxtla,Veracruz,Mexico,North,LATAM
Manchester-Connecticut-United States,Manchester,Connecticut,United States,East,US
Sassari-Sardinia-Italy,Sassari,Sardinia,Italy,South,EU
Yuanjiang-Hunan-China,Yuanjiang,Hunan,China,North Asia,APAC
Narsingdi-Dhaka-Bangladesh,Narsingdi,Dhaka,Bangladesh,Central Asia,APAC
Qitaihe-Heilongjiang-China,Qitaihe,Heilongjiang,China,North Asia,APAC
Florencia-Caquetá-Colombia,Florencia,Caquetá,Colombia,South,LATAM
Agde-Languedoc-Roussillon-France,Agde,Languedoc-Roussillon,France,Central,EU
Saint-Avold-Lorraine-France,Saint-Avold,Lorraine,France,Central,EU
Loum-Littoral-Cameroon,Loum,Littoral,Cameroon,Africa,Africa
Darton-England-United Kingdom,Darton,England,United Kingdom,North,EU
Fareham-England-United Kingdom,Fareham,England,United Kingdom,North,EU
Troy-New York-United States,Troy,New York,United States,East,US
Franco da Rocha-São Paulo-Brazil,Franco da Rocha,São Paulo,Brazil,South,LATAM
Mildura-Victoria-Australia,Mildura,Victoria,Australia,Oceania,APAC
Chesterfield-England-United Kingdom,Chesterfield,England,United Kingdom,North,EU
Sokoto-Sokoto-Nigeria,Sokoto,Sokoto,Nigeria,Africa,Africa
Segovia-Castile and León-Spain,Segovia,Castile and León,Spain,South,EU
Ananindeua-Pará-Brazil,Ananindeua,Pará,Brazil,South,LATAM
Ivano-Frankivs'k-Ivano-Frankivsk-Ukraine,Ivano-Frankivs'k,Ivano-Frankivsk,Ukraine,EMEA,EMEA
Munster-Lower Saxony-Germany,Munster,Lower Saxony,Germany,Central,EU
Caloundra-Queensland-Australia,Caloundra,Queensland,Australia,Oceania,APAC
Randfontein-Gauteng-South Africa,Randfontein,Gauteng,South Africa,Africa,Africa
Jining-Inner Mongolia-China,Jining,Inner Mongolia,China,North Asia,APAC
Wafangdian-Liaoning-China,Wafangdian,Liaoning,China,North Asia,APAC
Kochi-Kerala-India,Kochi,Kerala,India,Central Asia,APAC
Nanchong-Sichuan-China,Nanchong,Sichuan,China,North Asia,APAC
Estepona-Andalusía-Spain,Estepona,Andalusía,Spain,South,EU
Pine Bluff-Arkansas-United States,Pine Bluff,Arkansas,United States,South,US
Kent-Ohio-United States,Kent,Ohio,United States,East,US
Wendeng-Shandong-China,Wendeng,Shandong,China,North Asia,APAC
Quibdó-Chocó-Colombia,Quibdó,Chocó,Colombia,South,LATAM
Green Bay-Wisconsin-United States,Green Bay,Wisconsin,United States,Central,US
Ilopango-San Salvador-El Salvador,Ilopango,San Salvador,El Salvador,Central,LATAM
Manfredonia-Apulia-Italy,Manfredonia,Apulia,Italy,South,EU
Abha-'Asir-Saudi Arabia,Abha,'Asir,Saudi Arabia,EMEA,EMEA
Tlalnepantla-México-Mexico,Tlalnepantla,México,Mexico,North,LATAM
Peoria-Arizona-United States,Peoria,Arizona,United States,West,US
Esbjerg-South Denmark-Denmark,Esbjerg,South Denmark,Denmark,North,EU
Mesquite-Texas-United States,Mesquite,Texas,United States,Central,US
Iowa City-Iowa-United States,Iowa City,Iowa,United States,Central,US
Gonabad-Razavi Khorasan-Iran,Gonabad,Razavi Khorasan,Iran,EMEA,EMEA
Yangquan-Shanxi-China,Yangquan,Shanxi,China,North Asia,APAC
Saltillo-Coahuila-Mexico,Saltillo,Coahuila,Mexico,North,LATAM
Visalia-California-United States,Visalia,California,United States,West,US
North Miami-Florida-United States,North Miami,Florida,United States,South,US
Samarra'-Salah Ad Din-Iraq,Samarra',Salah Ad Din,Iraq,EMEA,EMEA
Commerce City-Colorado-United States,Commerce City,Colorado,United States,West,US
Rawalpindi-Punjab-Pakistan,Rawalpindi,Punjab,Pakistan,Central Asia,APAC
Rapid City-South Dakota-United States,Rapid City,South Dakota,United States,Central,US
Amagasaki-Hyogo-Japan,Amagasaki,Hyogo,Japan,North Asia,APAC
Nikopol'-Dnipropetrovs'k-Ukraine,Nikopol',Dnipropetrovs'k,Ukraine,EMEA,EMEA
Valinhos-São Paulo-Brazil,Valinhos,São Paulo,Brazil,South,LATAM
Sari-Mazandaran-Iran,Sari,Mazandaran,Iran,EMEA,EMEA
Tembisa-Gauteng-South Africa,Tembisa,Gauteng,South Africa,Africa,Africa
Florence-Kentucky-United States,Florence,Kentucky,United States,South,US
Coslada-Madrid-Spain,Coslada,Madrid,Spain,South,EU
Mangalore-Karnataka-India,Mangalore,Karnataka,India,Central Asia,APAC
Jabalpur-Madhya Pradesh-India,Jabalpur,Madhya Pradesh,India,Central Asia,APAC
Parintins-Amazonas-Brazil,Parintins,Amazonas,Brazil,South,LATAM
Bowling Green-Kentucky-United States,Bowling Green,Kentucky,United States,South,US
Bharatpur-Rajasthan-India,Bharatpur,Rajasthan,India,Central Asia,APAC
Khorramabad-Lorestan-Iran,Khorramabad,Lorestan,Iran,EMEA,EMEA
Sète-Languedoc-Roussillon-France,Sète,Languedoc-Roussillon,France,Central,EU
Boise-Idaho-United States,Boise,Idaho,United States,West,US
Nha Trang-Khánh Hòa-Vietnam,Nha Trang,Khánh Hòa,Vietnam,Southeast Asia,APAC
Hamamatsu-Shizuoka-Japan,Hamamatsu,Shizuoka,Japan,North Asia,APAC
Surrey-British Columbia-Canada,Surrey,British Columbia,Canada,Canada,Canada
Mpumalanga-Kwazulu-natal-South Africa,Mpumalanga,Kwazulu-natal,South Africa,Africa,Africa
Santa Catarina-Nuevo León-Mexico,Santa Catarina,Nuevo León,Mexico,North,LATAM
Bracknell-England-United Kingdom,Bracknell,England,United Kingdom,North,EU
Pasto-Nariño-Colombia,Pasto,Nariño,Colombia,South,LATAM
Musoma-Mara-Tanzania,Musoma,Mara,Tanzania,Africa,Africa
Roodepoort-Gauteng-South Africa,Roodepoort,Gauteng,South Africa,Africa,Africa
Kowloon-Hong Kong-Hong Kong,Kowloon,Hong Kong,Hong Kong,North Asia,APAC
Guatire-Miranda-Venezuela,Guatire,Miranda,Venezuela,South,LATAM
Kawasaki-Fukuoka-Japan,Kawasaki,Fukuoka,Japan,North Asia,APAC
Mandurah-Western Australia-Australia,Mandurah,Western Australia,Australia,Oceania,APAC
Hrodna-Hrodna-Belarus,Hrodna,Hrodna,Belarus,EMEA,EMEA
Semnan-Semnan-Iran,Semnan,Semnan,Iran,EMEA,EMEA
Hyderabad-Telangana-India,Hyderabad,Telangana,India,Central Asia,APAC
Yangjiang-Guangdong-China,Yangjiang,Guangdong,China,North Asia,APAC
Solapur-Maharashtra-India,Solapur,Maharashtra,India,Central Asia,APAC
Ghaziabad-Uttar Pradesh-India,Ghaziabad,Uttar Pradesh,India,Central Asia,APAC
Bondy-Ile-de-France-France,Bondy,Ile-de-France,France,Central,EU
Bengbu-Anhui-China,Bengbu,Anhui,China,North Asia,APAC
Al Mahallah al Kubra-Al Gharbiyah-Egypt,Al Mahallah al Kubra,Al Gharbiyah,Egypt,Africa,Africa
Ixtapaluca-México-Mexico,Ixtapaluca,México,Mexico,North,LATAM
Oleksandriya-Kirovohrad-Ukraine,Oleksandriya,Kirovohrad,Ukraine,EMEA,EMEA
Namangan-Namangan-Uzbekistan,Namangan,Namangan,Uzbekistan,EMEA,EMEA
Yanbu al Bahr-Al Madinah-Saudi Arabia,Yanbu al Bahr,Al Madinah,Saudi Arabia,EMEA,EMEA
Yancheng-Jiangsu-China,Yancheng,Jiangsu,China,North Asia,APAC
Manado-Sulawesi Utara-Indonesia,Manado,Sulawesi Utara,Indonesia,Southeast Asia,APAC
Panipat-Haryana-India,Panipat,Haryana,India,Central Asia,APAC
Bagcilar-Istanbul-Turkey,Bagcilar,Istanbul,Turkey,EMEA,EMEA
Katoomba-New South Wales-Australia,Katoomba,New South Wales,Australia,Oceania,APAC
Jaboticabal-São Paulo-Brazil,Jaboticabal,São Paulo,Brazil,South,LATAM
Evanston-Illinois-United States,Evanston,Illinois,United States,Central,US
Belgaum-Karnataka-India,Belgaum,Karnataka,India,Central Asia,APAC
Dax-Aquitaine-France,Dax,Aquitaine,France,Central,EU
Bullhead City-Arizona-United States,Bullhead City,Arizona,United States,West,US
Bhopal-Madhya Pradesh-India,Bhopal,Madhya Pradesh,India,Central Asia,APAC
Saint-Cyr-sur-Loire-Centre-France,Saint-Cyr-sur-Loire,Centre,France,Central,EU
Plock-Masovia-Poland,Plock,Masovia,Poland,EMEA,EMEA
Hod HaSharon-Central-Israel,Hod HaSharon,Central,Israel,EMEA,EMEA
Evreux-Upper Normandy-France,Evreux,Upper Normandy,France,Central,EU
Waterlooville-England-United Kingdom,Waterlooville,England,United Kingdom,North,EU
Lagny-sur-Marne-Ile-de-France-France,Lagny-sur-Marne,Ile-de-France,France,Central,EU
Lázaro Cárdenas-Michoacán-Mexico,Lázaro Cárdenas,Michoacán,Mexico,North,LATAM
Bragança Paulista-São Paulo-Brazil,Bragança Paulista,São Paulo,Brazil,South,LATAM
Shuangyashan-Heilongjiang-China,Shuangyashan,Heilongjiang,China,North Asia,APAC
Petapa-Guatemala-Guatemala,Petapa,Guatemala,Guatemala,Central,LATAM
Cuttack-Odisha-India,Cuttack,Odisha,India,Central Asia,APAC
Troy-Ohio-United States,Troy,Ohio,United States,East,US
Hechuan-Chongqing-China,Hechuan,Chongqing,China,North Asia,APAC
Roman-Neamt-Romania,Roman,Neamt,Romania,EMEA,EMEA
Ninghai-Shandong-China,Ninghai,Shandong,China,North Asia,APAC
Bauchi-Bauchi-Nigeria,Bauchi,Bauchi,Nigeria,Africa,Africa
Illkirch-Graffenstaden-Alsace-France,Illkirch-Graffenstaden,Alsace,France,Central,EU
Longjumeau-Ile-de-France-France,Longjumeau,Ile-de-France,France,Central,EU
Sannois-Ile-de-France-France,Sannois,Ile-de-France,France,Central,EU
Horlivka-Donetsk-Ukraine,Horlivka,Donetsk,Ukraine,EMEA,EMEA
Senlis-Picardy-France,Senlis,Picardy,France,Central,EU
Campo Grande-Mato Grosso do Sul-Brazil,Campo Grande,Mato Grosso do Sul,Brazil,South,LATAM
Carol Stream-Illinois-United States,Carol Stream,Illinois,United States,Central,US
Arak-Markazi-Iran,Arak,Markazi,Iran,EMEA,EMEA
Huaraz-Ancash-Peru,Huaraz,Ancash,Peru,South,LATAM
Astrakhan'-Astrakhan'-Russia,Astrakhan',Astrakhan',Russia,EMEA,EMEA
Limbe-Sud-Ouest-Cameroon,Limbe,Sud-Ouest,Cameroon,Africa,Africa
Jacareí-São Paulo-Brazil,Jacareí,São Paulo,Brazil,South,LATAM
Tartagal-Salta-Argentina,Tartagal,Salta,Argentina,South,LATAM
Foshan-Guangdong-China,Foshan,Guangdong,China,North Asia,APAC
Hurghada-Al Bahr Al Ahmar-Egypt,Hurghada,Al Bahr Al Ahmar,Egypt,Africa,Africa
Mechelen-Antwerp-Belgium,Mechelen,Antwerp,Belgium,Central,EU
Mosquera-Cundinamarca-Colombia,Mosquera,Cundinamarca,Colombia,South,LATAM
Washington-England-United Kingdom,Washington,England,United Kingdom,North,EU
Edmond-Oklahoma-United States,Edmond,Oklahoma,United States,Central,US
Albi-Midi-Pyrénées-France,Albi,Midi-Pyrénées,France,Central,EU
York-Pennsylvania-United States,York,Pennsylvania,United States,East,US
New York City-New York-United States,New York City,New York,United States,East,US
Waynesboro-Virginia-United States,Waynesboro,Virginia,United States,South,US
Lida-Hrodna-Belarus,Lida,Hrodna,Belarus,EMEA,EMEA
Binzhou-Heilongjiang-China,Binzhou,Heilongjiang,China,North Asia,APAC
Banjarmasin-Kalimantan Selatan-Indonesia,Banjarmasin,Kalimantan Selatan,Indonesia,Southeast Asia,APAC
Meizhou-Guangdong-China,Meizhou,Guangdong,China,North Asia,APAC
Estelí-Estelí-Nicaragua,Estelí,Estelí,Nicaragua,Central,LATAM
Mérida-Yucatán-Mexico,Mérida,Yucatán,Mexico,North,LATAM
Lianzhou-Guangdong-China,Lianzhou,Guangdong,China,North Asia,APAC
Fontenay-aux-Roses-Ile-de-France-France,Fontenay-aux-Roses,Ile-de-France,France,Central,EU
Apodaca-Nuevo León-Mexico,Apodaca,Nuevo León,Mexico,North,LATAM
Antipolo-Calabarzon-Philippines,Antipolo,Calabarzon,Philippines,Southeast Asia,APAC
Bendigo-Victoria-Australia,Bendigo,Victoria,Australia,Oceania,APAC
El Jadida-Doukkala-Abda-Morocco,El Jadida,Doukkala-Abda,Morocco,Africa,Africa
Manisa-Manisa-Turkey,Manisa,Manisa,Turkey,EMEA,EMEA
Gubkin-Belgorod-Russia,Gubkin,Belgorod,Russia,EMEA,EMEA
Bratsk-Irkutsk-Russia,Bratsk,Irkutsk,Russia,EMEA,EMEA
Alkmaar-North Holland-Netherlands,Alkmaar,North Holland,Netherlands,Central,EU
Talara-Piura-Peru,Talara,Piura,Peru,South,LATAM
Junín-Provincia de Buenos Aires-Argentina,Junín,Provincia de Buenos Aires,Argentina,South,LATAM
Arnsberg-North Rhine-Westphalia-Germany,Arnsberg,North Rhine-Westphalia,Germany,Central,EU
Niamey-Niamey-Niger,Niamey,Niamey,Niger,Africa,Africa
Argentan-Lower Normandy-France,Argentan,Lower Normandy,France,Central,EU
Girona-Catalonia-Spain,Girona,Catalonia,Spain,South,EU
Tottori-Tottori-Japan,Tottori,Tottori,Japan,North Asia,APAC
Saint-Nazaire-Pays de la Loire-France,Saint-Nazaire,Pays de la Loire,France,Central,EU
Borazjan-Bushehr-Iran,Borazjan,Bushehr,Iran,EMEA,EMEA
Coquitlam-British Columbia-Canada,Coquitlam,British Columbia,Canada,Canada,Canada
Columbia-Maryland-United States,Columbia,Maryland,United States,East,US
Mount Vernon-New York-United States,Mount Vernon,New York,United States,East,US
Nal'chik-Kabardino-Balkariya-Russia,Nal'chik,Kabardino-Balkariya,Russia,EMEA,EMEA
Xiangtan-Hunan-China,Xiangtan,Hunan,China,North Asia,APAC
Kita-ku-Hyogo-Japan,Kita-ku,Hyogo,Japan,North Asia,APAC
Jacksonville-North Carolina-United States,Jacksonville,North Carolina,United States,South,US
Jiangyou-Sichuan-China,Jiangyou,Sichuan,China,North Asia,APAC
Baotou-Inner Mongolia-China,Baotou,Inner Mongolia,China,North Asia,APAC
Vitória de Santo Antão-Pernambuco-Brazil,Vitória de Santo Antão,Pernambuco,Brazil,South,LATAM
Thies Nones-Thies-Senegal,Thies Nones,Thies,Senegal,Africa,Africa
Liverpool-England-United Kingdom,Liverpool,England,United Kingdom,North,EU
Hisar-Haryana-India,Hisar,Haryana,India,Central Asia,APAC
Feira-Aveiro-Portugal,Feira,Aveiro,Portugal,South,EU
Presidencia Roque Sáenz Peña-Chaco-Argentina,Presidencia Roque Sáenz Peña,Chaco,Argentina,South,LATAM
Bangkok-Bangkok-Thailand,Bangkok,Bangkok,Thailand,Southeast Asia,APAC
Latur-Maharashtra-India,Latur,Maharashtra,India,Central Asia,APAC
Yushu-Jilin-China,Yushu,Jilin,China,North Asia,APAC
Perpignan-Languedoc-Roussillon-France,Perpignan,Languedoc-Roussillon,France,Central,EU
Kassala-Kassala-Sudan,Kassala,Kassala,Sudan,Africa,Africa
Jixi-Heilongjiang-China,Jixi,Heilongjiang,China,North Asia,APAC
Berlin-Berlin-Germany,Berlin,Berlin,Germany,Central,EU
Misratah-Misratah-Libya,Misratah,Misratah,Libya,Africa,Africa
Rome-New York-United States,Rome,New York,United States,East,US
Beverly-Massachusetts-United States,Beverly,Massachusetts,United States,East,US
Delicias-Chihuahua-Mexico,Delicias,Chihuahua,Mexico,North,LATAM
Bijapur-Karnataka-India,Bijapur,Karnataka,India,Central Asia,APAC
Kidderminster-England-United Kingdom,Kidderminster,England,United Kingdom,North,EU
Caucaia-Ceará-Brazil,Caucaia,Ceará,Brazil,South,LATAM
Norwich-Connecticut-United States,Norwich,Connecticut,United States,East,US
Sokode-Centrale-Togo,Sokode,Centrale,Togo,Africa,Africa
Tlaquepaque-Jalisco-Mexico,Tlaquepaque,Jalisco,Mexico,North,LATAM
Santa Clara-Villa Clara-Cuba,Santa Clara,Villa Clara,Cuba,Caribbean,LATAM
Ufa-Bashkortostan-Russia,Ufa,Bashkortostan,Russia,EMEA,EMEA
Hayange-Lorraine-France,Hayange,Lorraine,France,Central,EU
Blois-Centre-France,Blois,Centre,France,Central,EU
Koidu-Eastern-Sierra Leone,Koidu,Eastern,Sierra Leone,Africa,Africa
Torrance-California-United States,Torrance,California,United States,West,US
Berne-Bern-Switzerland,Berne,Bern,Switzerland,Central,EU
Stolberg-North Rhine-Westphalia-Germany,Stolberg,North Rhine-Westphalia,Germany,Central,EU
Malambo-Atlántico-Colombia,Malambo,Atlántico,Colombia,South,LATAM
Medina-Al Madinah-Saudi Arabia,Medina,Al Madinah,Saudi Arabia,EMEA,EMEA
Yaroslavl'-Yaroslavl'-Russia,Yaroslavl',Yaroslavl',Russia,EMEA,EMEA
Victoria-Tamaulipas-Mexico,Victoria,Tamaulipas,Mexico,North,LATAM
La Rochelle-Poitou-Charentes-France,La Rochelle,Poitou-Charentes,France,Central,EU
Vittoria-Sicily-Italy,Vittoria,Sicily,Italy,South,EU
Venice-Veneto-Italy,Venice,Veneto,Italy,South,EU
Dayr az Zawr-Dayr Az Zawr-Syria,Dayr az Zawr,Dayr Az Zawr,Syria,EMEA,EMEA
Halle-Saxony-Anhalt-Germany,Halle,Saxony-Anhalt,Germany,Central,EU
Lincoln Park-Michigan-United States,Lincoln Park,Michigan,United States,Central,US
Takestan-Qazvin-Iran,Takestan,Qazvin,Iran,EMEA,EMEA
Jammu-Jammu and Kashmir-India,Jammu,Jammu and Kashmir,India,Central Asia,APAC
Crato-Ceará-Brazil,Crato,Ceará,Brazil,South,LATAM
Kabwe-Central-Zambia,Kabwe,Central,Zambia,Africa,Africa
Tours-Centre-France,Tours,Centre,France,Central,EU
Mopti-Mopti-Mali,Mopti,Mopti,Mali,Africa,Africa
Bakersfield-California-United States,Bakersfield,California,United States,West,US
Duzce-Düzce-Turkey,Duzce,Düzce,Turkey,EMEA,EMEA
Dongguan-Guangdong-China,Dongguan,Guangdong,China,North Asia,APAC
Zhongxiang-Hubei-China,Zhongxiang,Hubei,China,North Asia,APAC
Arles-Provence-Alpes-Côte d'Azur-France,Arles,Provence-Alpes-Côte d'Azur,France,Central,EU
Ciudad del Carmen-Campeche-Mexico,Ciudad del Carmen,Campeche,Mexico,North,LATAM
Garza García-Nuevo León-Mexico,Garza García,Nuevo León,Mexico,North,LATAM
Breda-North Brabant-Netherlands,Breda,North Brabant,Netherlands,Central,EU
Neu-Ulm-Bavaria-Germany,Neu-Ulm,Bavaria,Germany,Central,EU
Mau-Madhya Pradesh-India,Mau,Madhya Pradesh,India,Central Asia,APAC
Ponteareas-Galicia-Spain,Ponteareas,Galicia,Spain,South,EU
Getafe-Madrid-Spain,Getafe,Madrid,Spain,South,EU
Brisbane-Queensland-Australia,Brisbane,Queensland,Australia,Oceania,APAC
Independence-Missouri-United States,Independence,Missouri,United States,Central,US
Heerlen-Limburg-Netherlands,Heerlen,Limburg,Netherlands,Central,EU
Lucca-Tuscany-Italy,Lucca,Tuscany,Italy,South,EU
Gebze-Kocaeli-Turkey,Gebze,Kocaeli,Turkey,EMEA,EMEA
Guelmim-Guelmim-Es Semara-Morocco,Guelmim,Guelmim-Es Semara,Morocco,Africa,Africa
Greenwood-Indiana-United States,Greenwood,Indiana,United States,Central,US
Deva-Hunedoara-Romania,Deva,Hunedoara,Romania,EMEA,EMEA
Petrópolis-Rio de Janeiro-Brazil,Petrópolis,Rio de Janeiro,Brazil,South,LATAM
Cuernavaca-Morelos-Mexico,Cuernavaca,Morelos,Mexico,North,LATAM
Borujerd-Lorestan-Iran,Borujerd,Lorestan,Iran,EMEA,EMEA
Cognac-Poitou-Charentes-France,Cognac,Poitou-Charentes,France,Central,EU
Lodz-Lodz-Poland,Lodz,Lodz,Poland,EMEA,EMEA
Mohammedia-Grand Casablanca-Morocco,Mohammedia,Grand Casablanca,Morocco,Africa,Africa
La Teste-de-Buch-Aquitaine-France,La Teste-de-Buch,Aquitaine,France,Central,EU
Cholet-Pays de la Loire-France,Cholet,Pays de la Loire,France,Central,EU
Copenhagen-Hovedstaden-Denmark,Copenhagen,Hovedstaden,Denmark,North,EU
Wels-Upper Austria-Austria,Wels,Upper Austria,Austria,Central,EU
Redmond-Oregon-United States,Redmond,Oregon,United States,West,US
Ninghai-Zhejiang-China,Ninghai,Zhejiang,China,North Asia,APAC
Avignon-Provence-Alpes-Côte d'Azur-France,Avignon,Provence-Alpes-Côte d'Azur,France,Central,EU
Andijon-Andijan-Uzbekistan,Andijon,Andijan,Uzbekistan,EMEA,EMEA
Tartu-Tartumaa-Estonia,Tartu,Tartumaa,Estonia,EMEA,EMEA
New Rochelle-New York-United States,New Rochelle,New York,United States,East,US
Basildon-England-United Kingdom,Basildon,England,United Kingdom,North,EU
Pesaro-Marche-Italy,Pesaro,Marche,Italy,South,EU
Ji-Paraná-Rondônia-Brazil,Ji-Paraná,Rondônia,Brazil,South,LATAM
Tumkur-Karnataka-India,Tumkur,Karnataka,India,Central Asia,APAC
Saint-Malo-Brittany-France,Saint-Malo,Brittany,France,Central,EU
Chilly-Mazarin-Ile-de-France-France,Chilly-Mazarin,Ile-de-France,France,Central,EU
Huaiyin-Jiangsu-China,Huaiyin,Jiangsu,China,North Asia,APAC
Huangshi-Hubei-China,Huangshi,Hubei,China,North Asia,APAC
Monterrey-Nuevo León-Mexico,Monterrey,Nuevo León,Mexico,North,LATAM
Nicolás Romero-México-Mexico,Nicolás Romero,México,Mexico,North,LATAM
Stockholm-Stockholm-Sweden,Stockholm,Stockholm,Sweden,North,EU
Cambridge-Massachusetts-United States,Cambridge,Massachusetts,United States,East,US
Sagunto-Valenciana-Spain,Sagunto,Valenciana,Spain,South,EU
Hengyang-Hunan-China,Hengyang,Hunan,China,North Asia,APAC
Bertoua-Est-Cameroon,Bertoua,Est,Cameroon,Africa,Africa
Innsbruck-Tyrol-Austria,Innsbruck,Tyrol,Austria,EMEA,EMEA
Summerville-South Carolina-United States,Summerville,South Carolina,United States,South,US
Bremen-Bremen-Germany,Bremen,Bremen,Germany,Central,EU
Sallanches-Rhône-Alpes-France,Sallanches,Rhône-Alpes,France,Central,EU
Doha-Ad Dawhah-Qatar,Doha,Ad Dawhah,Qatar,EMEA,EMEA
Parakou-Borgou-Benin,Parakou,Borgou,Benin,Africa,Africa
Neijiang-Sichuan-China,Neijiang,Sichuan,China,North Asia,APAC
Rennes-Brittany-France,Rennes,Brittany,France,Central,EU
West Jordan-Utah-United States,West Jordan,Utah,United States,West,US
Spokane-Washington-United States,Spokane,Washington,United States,West,US
Lansing-Michigan-United States,Lansing,Michigan,United States,Central,US
Dreux-Centre-France,Dreux,Centre,France,Central,EU
Bergen-Hordaland-Norway,Bergen,Hordaland,Norway,North,EU
Aurangabad-Bihar-India,Aurangabad,Bihar,India,Central Asia,APAC
Mumbai-Maharashtra-India,Mumbai,Maharashtra,India,Central Asia,APAC
Divinópolis-Minas Gerais-Brazil,Divinópolis,Minas Gerais,Brazil,South,LATAM
Nairobi-Nairobi-Kenya,Nairobi,Nairobi,Kenya,Africa,Africa
Frisco-Texas-United States,Frisco,Texas,United States,Central,US
Santo Domingo-Santo Domingo-Dominican Republic,Santo Domingo,Santo Domingo,Dominican Republic,Caribbean,LATAM
Huambo-Huambo-Angola,Huambo,Huambo,Angola,Africa,Africa
Bottrop-North Rhine-Westphalia-Germany,Bottrop,North Rhine-Westphalia,Germany,Central,EU
Franca-São Paulo-Brazil,Franca,São Paulo,Brazil,South,LATAM
Benghazi-Banghazi-Libya,Benghazi,Banghazi,Libya,Africa,Africa
Clydach-Wales-United Kingdom,Clydach,Wales,United Kingdom,North,EU
Bukavu-South Kivu-Democratic Republic of the Congo,Bukavu,South Kivu,Democratic Republic of the Congo,Africa,Africa
Hamar-Hedmark-Norway,Hamar,Hedmark,Norway,North,EU
Niagara Falls-New York-United States,Niagara Falls,New York,United States,East,US
Panama City-Panama-Panama,Panama City,Panama,Panama,Central,LATAM
Coon Rapids-Minnesota-United States,Coon Rapids,Minnesota,United States,Central,US
Iasi-Iasi-Romania,Iasi,Iasi,Romania,EMEA,EMEA
Kamarhati-West Bengal-India,Kamarhati,West Bengal,India,Central Asia,APAC
Villiers-sur-Marne-Ile-de-France-France,Villiers-sur-Marne,Ile-de-France,France,Central,EU
Castrop-Rauxel-North Rhine-Westphalia-Germany,Castrop-Rauxel,North Rhine-Westphalia,Germany,Central,EU
Heidelberg-Baden-Württemberg-Germany,Heidelberg,Baden-Württemberg,Germany,Central,EU
Yacuiba-Tarija-Bolivia,Yacuiba,Tarija,Bolivia,South,LATAM
Padang-Sumatera Barat-Indonesia,Padang,Sumatera Barat,Indonesia,Southeast Asia,APAC
Draper-Utah-United States,Draper,Utah,United States,West,US
Rueil-Malmaison-Ile-de-France-France,Rueil-Malmaison,Ile-de-France,France,Central,EU
Chatham-England-United Kingdom,Chatham,England,United Kingdom,North,EU
Targu Mures-Mures-Romania,Targu Mures,Mures,Romania,EMEA,EMEA
Zabrze-Silesia-Poland,Zabrze,Silesia,Poland,EMEA,EMEA
Hachinohe-Aomori-Japan,Hachinohe,Aomori,Japan,North Asia,APAC
Venlo-Limburg-Netherlands,Venlo,Limburg,Netherlands,Central,EU
Yantai-Shandong-China,Yantai,Shandong,China,North Asia,APAC
Montecatini Terme-Tuscany-Italy,Montecatini Terme,Tuscany,Italy,South,EU
El Cajon-California-United States,El Cajon,California,United States,West,US
Reggio nell'Emilia-Emilia-Romagna-Italy,Reggio nell'Emilia,Emilia-Romagna,Italy,South,EU
Patna-Bihar-India,Patna,Bihar,India,Central Asia,APAC
Bremerhaven-Bremen-Germany,Bremerhaven,Bremen,Germany,Central,EU
Portmore-Saint Catherine-Jamaica,Portmore,Saint Catherine,Jamaica,Caribbean,LATAM
Drobeta-Turnu Severin-Mehedinti-Romania,Drobeta-Turnu Severin,Mehedinti,Romania,EMEA,EMEA
Schiffweiler-Saarland-Germany,Schiffweiler,Saarland,Germany,Central,EU
Newport News-Virginia-United States,Newport News,Virginia,United States,South,US
Acireale-Sicily-Italy,Acireale,Sicily,Italy,South,EU
Wheeling-Illinois-United States,Wheeling,Illinois,United States,Central,US
Derby-England-United Kingdom,Derby,England,United Kingdom,North,EU
Visakhapatnam-Andhra Pradesh-India,Visakhapatnam,Andhra Pradesh,India,Central Asia,APAC
Taupo-Waikato-New Zealand,Taupo,Waikato,New Zealand,Oceania,APAC
Chetumal-Quintana Roo-Mexico,Chetumal,Quintana Roo,Mexico,North,LATAM
Guilin-Guangxi-China,Guilin,Guangxi,China,North Asia,APAC
Birobidzhan-Yevrey-Russia,Birobidzhan,Yevrey,Russia,EMEA,EMEA
Valladolid-Castile and León-Spain,Valladolid,Castile and León,Spain,South,EU
Ahvaz-Khuzestan-Iran,Ahvaz,Khuzestan,Iran,EMEA,EMEA
Richmond-British Columbia-Canada,Richmond,British Columbia,Canada,Canada,Canada
Oslo-Oslo-Norway,Oslo,Oslo,Norway,North,EU
Stevenage-England-United Kingdom,Stevenage,England,United Kingdom,North,EU
Hangzhou-Zhejiang-China,Hangzhou,Zhejiang,China,North Asia,APAC
Nova Serrana-Minas Gerais-Brazil,Nova Serrana,Minas Gerais,Brazil,South,LATAM
Aylesbury-England-United Kingdom,Aylesbury,England,United Kingdom,North,EU
Nishinomiya-Hyogo-Japan,Nishinomiya,Hyogo,Japan,North Asia,APAC
Buffalo Grove-Illinois-United States,Buffalo Grove,Illinois,United States,Central,US
L'viv-L'viv-Ukraine,L'viv,L'viv,Ukraine,EMEA,EMEA
Al Muharraq-Muharraq-Bahrain,Al Muharraq,Muharraq,Bahrain,EMEA,EMEA
Chaohu-Anhui-China,Chaohu,Anhui,China,North Asia,APAC
Amsterdam-North Holland-Netherlands,Amsterdam,North Holland,Netherlands,Central,EU
Vanadzor-Lori-Armenia,Vanadzor,Lori,Armenia,EMEA,EMEA
Tipitapa-Managua-Nicaragua,Tipitapa,Managua,Nicaragua,Central,LATAM
Timaru-Canterbury-New Zealand,Timaru,Canterbury,New Zealand,Oceania,APAC
Springdale-Arkansas-United States,Springdale,Arkansas,United States,South,US
Tokat-Tokat-Turkey,Tokat,Tokat,Turkey,EMEA,EMEA
Arlington-Virginia-United States,Arlington,Virginia,United States,South,US
Ballarat-Victoria-Australia,Ballarat,Victoria,Australia,Oceania,APAC
Gaziemir-Izmir-Turkey,Gaziemir,Izmir,Turkey,EMEA,EMEA
Altotonga-Veracruz-Mexico,Altotonga,Veracruz,Mexico,North,LATAM
San Pablo de las Salinas-México-Mexico,San Pablo de las Salinas,México,Mexico,North,LATAM
Massy-Ile-de-France-France,Massy,Ile-de-France,France,Central,EU
Eindhoven-North Brabant-Netherlands,Eindhoven,North Brabant,Netherlands,Central,EU
Den Helder-North Holland-Netherlands,Den Helder,North Holland,Netherlands,Central,EU
Talence-Aquitaine-France,Talence,Aquitaine,France,Central,EU
Andria-Apulia-Italy,Andria,Apulia,Italy,South,EU
Cairns-Queensland-Australia,Cairns,Queensland,Australia,Oceania,APAC
Delft-South Holland-Netherlands,Delft,South Holland,Netherlands,Central,EU
Huddersfield-England-United Kingdom,Huddersfield,England,United Kingdom,North,EU
Stafford-England-United Kingdom,Stafford,England,United Kingdom,North,EU
Watford-England-United Kingdom,Watford,England,United Kingdom,North,EU
Richmond Hill-Ontario-Canada,Richmond Hill,Ontario,Canada,Canada,Canada
Wattrelos-Nord-Pas-de-Calais-France,Wattrelos,Nord-Pas-de-Calais,France,Central,EU
Kingston-Ontario-Canada,Kingston,Ontario,Canada,Canada,Canada
Satna-Madhya Pradesh-India,Satna,Madhya Pradesh,India,Central Asia,APAC
eMbalenhle-Mpumalanga-South Africa,eMbalenhle,Mpumalanga,South Africa,Africa,Africa
Coral Gables-Florida-United States,Coral Gables,Florida,United States,South,US
Gulu-Gulu-Uganda,Gulu,Gulu,Uganda,Africa,Africa
Bhiwandi-Maharashtra-India,Bhiwandi,Maharashtra,India,Central Asia,APAC
Salihli-Manisa-Turkey,Salihli,Manisa,Turkey,EMEA,EMEA
Xinshi-Hubei-China,Xinshi,Hubei,China,North Asia,APAC
Boynton Beach-Florida-United States,Boynton Beach,Florida,United States,South,US
Port Elizabeth-Eastern Cape-South Africa,Port Elizabeth,Eastern Cape,South Africa,Africa,Africa
Molina de Segura-Murcia-Spain,Molina de Segura,Murcia,Spain,South,EU
Wigan-England-United Kingdom,Wigan,England,United Kingdom,North,EU
João Pessoa-Paraíba-Brazil,João Pessoa,Paraíba,Brazil,South,LATAM
Gombe-Gombe-Nigeria,Gombe,Gombe,Nigeria,Africa,Africa
Haarlem-North Holland-Netherlands,Haarlem,North Holland,Netherlands,Central,EU
Carora-Lara-Venezuela,Carora,Lara,Venezuela,South,LATAM
Anqing-Anhui-China,Anqing,Anhui,China,North Asia,APAC
Laurel-Maryland-United States,Laurel,Maryland,United States,East,US
Bloomington-Illinois-United States,Bloomington,Illinois,United States,Central,US
Palhoça-Santa Catarina-Brazil,Palhoça,Santa Catarina,Brazil,South,LATAM
Montmorency-Ile-de-France-France,Montmorency,Ile-de-France,France,Central,EU
Santana de Parnaíba-São Paulo-Brazil,Santana de Parnaíba,São Paulo,Brazil,South,LATAM
Khemisset-Rabat-Salé-Zemmour-Zaer-Morocco,Khemisset,Rabat-Salé-Zemmour-Zaer,Morocco,Africa,Africa
Katsushika-ku-Tokyo-Japan,Katsushika-ku,Tokyo,Japan,North Asia,APAC
Falconara Marittima-Marche-Italy,Falconara Marittima,Marche,Italy,South,EU
Cuneo-Piedmont-Italy,Cuneo,Piedmont,Italy,South,EU
Edinburgh-Scotland-United Kingdom,Edinburgh,Scotland,United Kingdom,North,EU
Guaymas-Sonora-Mexico,Guaymas,Sonora,Mexico,North,LATAM
Yonkers-New York-United States,Yonkers,New York,United States,East,US
Sidi Bel Abbes-Sidi Bel Abbes-Algeria,Sidi Bel Abbes,Sidi Bel Abbes,Algeria,Africa,Africa
Minneapolis-Minnesota-United States,Minneapolis,Minnesota,United States,Central,US
Aix-les-Bains-Rhône-Alpes-France,Aix-les-Bains,Rhône-Alpes,France,Central,EU
Gyula-Bekes-Hungary,Gyula,Bekes,Hungary,EMEA,EMEA
Yuma-Arizona-United States,Yuma,Arizona,United States,West,US
Arapiraca-Alagoas-Brazil,Arapiraca,Alagoas,Brazil,South,LATAM
Assen-Drenthe-Netherlands,Assen,Drenthe,Netherlands,Central,EU
Hyderabad-Sindh-Pakistan,Hyderabad,Sindh,Pakistan,Central Asia,APAC
Edmonds-Washington-United States,Edmonds,Washington,United States,West,US
Montes Claros-Minas Gerais-Brazil,Montes Claros,Minas Gerais,Brazil,South,LATAM
Hamm-North Rhine-Westphalia-Germany,Hamm,North Rhine-Westphalia,Germany,Central,EU
Karnal-Haryana-India,Karnal,Haryana,India,Central Asia,APAC
Istres-Provence-Alpes-Côte d'Azur-France,Istres,Provence-Alpes-Côte d'Azur,France,Central,EU
Lewiston-Idaho-United States,Lewiston,Idaho,United States,West,US
Sobral-Ceará-Brazil,Sobral,Ceará,Brazil,South,LATAM
Portoviejo-Manabi-Ecuador,Portoviejo,Manabi,Ecuador,South,LATAM
Nzerekore-Nzérékoré-Guinea,Nzerekore,Nzérékoré,Guinea,Africa,Africa
Nowra-New South Wales-Australia,Nowra,New South Wales,Australia,Oceania,APAC
Banska Bystrica-Banská Bystrica-Slovakia,Banska Bystrica,Banská Bystrica,Slovakia,EMEA,EMEA
Oklahoma City-Oklahoma-United States,Oklahoma City,Oklahoma,United States,Central,US
Cosenza-Calabria-Italy,Cosenza,Calabria,Italy,South,EU
Tengzhou-Shandong-China,Tengzhou,Shandong,China,North Asia,APAC
Vilnius-Vilnius-Lithuania,Vilnius,Vilnius,Lithuania,EMEA,EMEA
Al Hudaydah-Al Hudaydah-Yemen,Al Hudaydah,Al Hudaydah,Yemen,EMEA,EMEA
Witten-North Rhine-Westphalia-Germany,Witten,North Rhine-Westphalia,Germany,Central,EU
Palmares-Pernambuco-Brazil,Palmares,Pernambuco,Brazil,South,LATAM
Maisons-Alfort-Ile-de-France-France,Maisons-Alfort,Ile-de-France,France,Central,EU
Mitry-Mory-Ile-de-France-France,Mitry-Mory,Ile-de-France,France,Central,EU
Orizaba-Veracruz-Mexico,Orizaba,Veracruz,Mexico,North,LATAM
Jakarta-Jakarta-Indonesia,Jakarta,Jakarta,Indonesia,Southeast Asia,APAC
Mount Gambier-South Australia-Australia,Mount Gambier,South Australia,Australia,Oceania,APAC
Cremona-Lombardy-Italy,Cremona,Lombardy,Italy,South,EU
Sparks-Nevada-United States,Sparks,Nevada,United States,West,US
Lake Elsinore-California-United States,Lake Elsinore,California,United States,West,US
Uskudar-Istanbul-Turkey,Uskudar,Istanbul,Turkey,EMEA,EMEA
Manchester-England-United Kingdom,Manchester,England,United Kingdom,North,EU
Mamak-Ankara-Turkey,Mamak,Ankara,Turkey,EMEA,EMEA
Allen-Texas-United States,Allen,Texas,United States,Central,US
Pila-Greater Poland-Poland,Pila,Greater Poland,Poland,EMEA,EMEA
Verona-Veneto-Italy,Verona,Veneto,Italy,South,EU
Jackson-Mississippi-United States,Jackson,Mississippi,United States,South,US
Raipur-Rajasthan-India,Raipur,Rajasthan,India,Central Asia,APAC
Braila-Braila-Romania,Braila,Braila,Romania,EMEA,EMEA
Kaiserslautern-Rhineland-Palatinate-Germany,Kaiserslautern,Rhineland-Palatinate,Germany,Central,EU
Rafsanjan-Kerman-Iran,Rafsanjan,Kerman,Iran,EMEA,EMEA
Harrisonburg-Virginia-United States,Harrisonburg,Virginia,United States,South,US
Salem-Tamil Nadu-India,Salem,Tamil Nadu,India,Central Asia,APAC
Odessa-Texas-United States,Odessa,Texas,United States,Central,US
Marano di Napoli-Campania-Italy,Marano di Napoli,Campania,Italy,South,EU
Amstelveen-North Holland-Netherlands,Amstelveen,North Holland,Netherlands,Central,EU
Gatineau-Quebec-Canada,Gatineau,Quebec,Canada,Canada,Canada
Hidalgo-Michoacán-Mexico,Hidalgo,Michoacán,Mexico,North,LATAM
Zhengzhou-Henan-China,Zhengzhou,Henan,China,North Asia,APAC
Cuscatancingo-San Salvador-El Salvador,Cuscatancingo,San Salvador,El Salvador,Central,LATAM
Shenzhen-Guangdong-China,Shenzhen,Guangdong,China,North Asia,APAC
Varanasi-Uttar Pradesh-India,Varanasi,Uttar Pradesh,India,Central Asia,APAC
Donghai-Guangdong-China,Donghai,Guangdong,China,North Asia,APAC
Cherkasy-Cherkasy-Ukraine,Cherkasy,Cherkasy,Ukraine,EMEA,EMEA
Leominster-Massachusetts-United States,Leominster,Massachusetts,United States,East,US
Baden-Baden-Baden-Württemberg-Germany,Baden-Baden,Baden-Württemberg,Germany,Central,EU
Piedecuesta-Santander-Colombia,Piedecuesta,Santander,Colombia,South,LATAM
San Gabriel-California-United States,San Gabriel,California,United States,West,US
Palma de Mallorca-Balearic Islands-Spain,Palma de Mallorca,Balearic Islands,Spain,South,EU
Jiutai-Jilin-China,Jiutai,Jilin,China,North Asia,APAC
Moreno Valley-California-United States,Moreno Valley,California,United States,West,US
Mysore-Karnataka-India,Mysore,Karnataka,India,Central Asia,APAC
Hradec Kralove-Hradec Kralove-Czech Republic,Hradec Kralove,Hradec Kralove,Czech Republic,EMEA,EMEA
Los Patios-Norte de Santander-Colombia,Los Patios,Norte de Santander,Colombia,South,LATAM
Takamatsu-Ishikawa-Japan,Takamatsu,Ishikawa,Japan,North Asia,APAC
Jizan-Jizan-Saudi Arabia,Jizan,Jizan,Saudi Arabia,EMEA,EMEA
Abbeville-Picardy-France,Abbeville,Picardy,France,Central,EU
Torrevieja-Valenciana-Spain,Torrevieja,Valenciana,Spain,South,EU
Marsabit-Eastern-Kenya,Marsabit,Eastern,Kenya,Africa,Africa
Guasave-Sinaloa-Mexico,Guasave,Sinaloa,Mexico,North,LATAM
Haltom City-Texas-United States,Haltom City,Texas,United States,Central,US
Resende-Rio de Janeiro-Brazil,Resende,Rio de Janeiro,Brazil,South,LATAM
Zhytomyr-Zhytomyr-Ukraine,Zhytomyr,Zhytomyr,Ukraine,EMEA,EMEA
Maryborough-Queensland-Australia,Maryborough,Queensland,Australia,Oceania,APAC
Moradabad-Uttar Pradesh-India,Moradabad,Uttar Pradesh,India,Central Asia,APAC
Bielsko-Biala-Silesia-Poland,Bielsko-Biala,Silesia,Poland,EMEA,EMEA
Armidale-New South Wales-Australia,Armidale,New South Wales,Australia,Oceania,APAC
Rivne-Rivne-Ukraine,Rivne,Rivne,Ukraine,EMEA,EMEA
Dover-Delaware-United States,Dover,Delaware,United States,East,US
Ardahan-Ardahan-Turkey,Ardahan,Ardahan,Turkey,EMEA,EMEA
Herat-Hirat-Afghanistan,Herat,Hirat,Afghanistan,Central Asia,APAC
Kenosha-Wisconsin-United States,Kenosha,Wisconsin,United States,Central,US
Cercola-Campania-Italy,Cercola,Campania,Italy,South,EU
Kano-Kano-Nigeria,Kano,Kano,Nigeria,Africa,Africa
Orange-New Jersey-United States,Orange,New Jersey,United States,East,US
Fort Worth-Texas-United States,Fort Worth,Texas,United States,Central,US
Linhai-Zhejiang-China,Linhai,Zhejiang,China,North Asia,APAC
Fresnes-Ile-de-France-France,Fresnes,Ile-de-France,France,Central,EU
Villeneuve-Saint-Georges-Ile-de-France-France,Villeneuve-Saint-Georges,Ile-de-France,France,Central,EU
Uvinza-Kigoma-Tanzania,Uvinza,Kigoma,Tanzania,Africa,Africa
Boca Raton-Florida-United States,Boca Raton,Florida,United States,South,US
Leuven-Flemish Brabant-Belgium,Leuven,Flemish Brabant,Belgium,Central,EU
Alexandria-Virginia-United States,Alexandria,Virginia,United States,South,US
Palu-Sulawesi Tengah-Indonesia,Palu,Sulawesi Tengah,Indonesia,Southeast Asia,APAC
Pontault-Combault-Ile-de-France-France,Pontault-Combault,Ile-de-France,France,Central,EU
La Pintana-Santiago-Chile,La Pintana,Santiago,Chile,South,LATAM
Midyat-Mardin-Turkey,Midyat,Mardin,Turkey,EMEA,EMEA
Ludwigshafen am Rhein-Rhineland-Palatinate-Germany,Ludwigshafen am Rhein,Rhineland-Palatinate,Germany,Central,EU
Kwangju-Gyeonggi-South Korea,Kwangju,Gyeonggi,South Korea,North Asia,APAC
Avellaneda-Santa Fe-Argentina,Avellaneda,Santa Fe,Argentina,South,LATAM
Woodstock-Illinois-United States,Woodstock,Illinois,United States,Central,US
Magdeburg-Saxony-Anhalt-Germany,Magdeburg,Saxony-Anhalt,Germany,Central,EU
Auburn-Alabama-United States,Auburn,Alabama,United States,South,US
Licheng-Jiangsu-China,Licheng,Jiangsu,China,North Asia,APAC
Lawrence-Indiana-United States,Lawrence,Indiana,United States,Central,US
Tokyo-Tokyo-Japan,Tokyo,Tokyo,Japan,North Asia,APAC
Tongliao-Inner Mongolia-China,Tongliao,Inner Mongolia,China,North Asia,APAC
Yerres-Ile-de-France-France,Yerres,Ile-de-France,France,Central,EU
Libourne-Aquitaine-France,Libourne,Aquitaine,France,Central,EU
Roseville-Minnesota-United States,Roseville,Minnesota,United States,Central,US
Saint-Quentin-Picardy-France,Saint-Quentin,Picardy,France,Central,EU
Sukabumi-Jawa Barat-Indonesia,Sukabumi,Jawa Barat,Indonesia,Southeast Asia,APAC
Taixing-Jiangsu-China,Taixing,Jiangsu,China,North Asia,APAC
Agen-Aquitaine-France,Agen,Aquitaine,France,Central,EU
Loos-Nord-Pas-de-Calais-France,Loos,Nord-Pas-de-Calais,France,Central,EU
Budapest-Budapest-Hungary,Budapest,Budapest,Hungary,EMEA,EMEA
Klagenfurt-Carinthia-Austria,Klagenfurt,Carinthia,Austria,Central,EU
Tucson-Arizona-United States,Tucson,Arizona,United States,West,US
Morón-Ciego de Ávila-Cuba,Morón,Ciego de Ávila,Cuba,Caribbean,LATAM
Harrogate-England-United Kingdom,Harrogate,England,United Kingdom,North,EU
Casablanca-Grand Casablanca-Morocco,Casablanca,Grand Casablanca,Morocco,Africa,Africa
Corrientes-Corrientes-Argentina,Corrientes,Corrientes,Argentina,South,LATAM
Neunkirchen-Saarland-Germany,Neunkirchen,Saarland,Germany,Central,EU
Haifa-Haifa-Israel,Haifa,Haifa,Israel,EMEA,EMEA
Westonaria-Gauteng-South Africa,Westonaria,Gauteng,South Africa,Africa,Africa
Fushun-Liaoning-China,Fushun,Liaoning,China,North Asia,APAC
Irving-Texas-United States,Irving,Texas,United States,Central,US
Iringa-Iringa-Tanzania,Iringa,Iringa,Tanzania,Africa,Africa
Stakhanov-Luhans'k-Ukraine,Stakhanov,Luhans'k,Ukraine,EMEA,EMEA
Baku-Baki-Azerbaijan,Baku,Baki,Azerbaijan,EMEA,EMEA
Regina-Saskatchewan-Canada,Regina,Saskatchewan,Canada,Canada,Canada
Camocim-Ceará-Brazil,Camocim,Ceará,Brazil,South,LATAM
Sale-England-United Kingdom,Sale,England,United Kingdom,North,EU
Remscheid-North Rhine-Westphalia-Germany,Remscheid,North Rhine-Westphalia,Germany,Central,EU
Saint Petersburg-Florida-United States,Saint Petersburg,Florida,United States,South,US
Mezitli-Mersin-Turkey,Mezitli,Mersin,Turkey,EMEA,EMEA
Shimoga-Karnataka-India,Shimoga,Karnataka,India,Central Asia,APAC
Namur-Namur-Belgium,Namur,Namur,Belgium,Central,EU
Jinjiang-Fujian-China,Jinjiang,Fujian,China,North Asia,APAC
La Chapelle-sur-Erdre-Pays de la Loire-France,La Chapelle-sur-Erdre,Pays de la Loire,France,Central,EU
Bejaia-Bejaia-Algeria,Bejaia,Bejaia,Algeria,Africa,Africa
Batman-Batman-Turkey,Batman,Batman,Turkey,EMEA,EMEA
Soweto-Gauteng-South Africa,Soweto,Gauteng,South Africa,Africa,Africa
Elkhart-Indiana-United States,Elkhart,Indiana,United States,Central,US
Stockport-England-United Kingdom,Stockport,England,United Kingdom,North,EU
Ordu-Ordu-Turkey,Ordu,Ordu,Turkey,EMEA,EMEA
Shimonoseki-Yamaguchi-Japan,Shimonoseki,Yamaguchi,Japan,North Asia,APAC
Maceió-Alagoas-Brazil,Maceió,Alagoas,Brazil,South,LATAM
Ferrara-Emilia-Romagna-Italy,Ferrara,Emilia-Romagna,Italy,South,EU
Cheshunt-England-United Kingdom,Cheshunt,England,United Kingdom,North,EU
Temixco-Morelos-Mexico,Temixco,Morelos,Mexico,North,LATAM
Huadian-Jilin-China,Huadian,Jilin,China,North Asia,APAC
Mentor-Ohio-United States,Mentor,Ohio,United States,East,US
Enschede-Overijssel-Netherlands,Enschede,Overijssel,Netherlands,Central,EU
Ljubljana-Ljubljana-Slovenia,Ljubljana,Ljubljana,Slovenia,EMEA,EMEA
Trento-Trentino-Alto Adige-Italy,Trento,Trentino-Alto Adige,Italy,South,EU
Gonesse-Ile-de-France-France,Gonesse,Ile-de-France,France,Central,EU
Isparta-Isparta-Turkey,Isparta,Isparta,Turkey,EMEA,EMEA
Homs-Hims-Syria,Homs,Hims,Syria,EMEA,EMEA
Novo Cruzeiro-Minas Gerais-Brazil,Novo Cruzeiro,Minas Gerais,Brazil,South,LATAM
Araraquara-São Paulo-Brazil,Araraquara,São Paulo,Brazil,South,LATAM
León-León-Nicaragua,León,León,Nicaragua,Central,LATAM
Lakewood-California-United States,Lakewood,California,United States,West,US
Boa Esperança-Minas Gerais-Brazil,Boa Esperança,Minas Gerais,Brazil,South,LATAM
Belo Horizonte-Minas Gerais-Brazil,Belo Horizonte,Minas Gerais,Brazil,South,LATAM
Penedo-Alagoas-Brazil,Penedo,Alagoas,Brazil,South,LATAM
San Mateo-California-United States,San Mateo,California,United States,West,US
Dorsten-North Rhine-Westphalia-Germany,Dorsten,North Rhine-Westphalia,Germany,Central,EU
Coari-Amazonas-Brazil,Coari,Amazonas,Brazil,South,LATAM
Atlixco-Puebla-Mexico,Atlixco,Puebla,Mexico,North,LATAM
Freeport-New York-United States,Freeport,New York,United States,East,US
Moncalieri-Piedmont-Italy,Moncalieri,Piedmont,Italy,South,EU
Gloucester-England-United Kingdom,Gloucester,England,United Kingdom,North,EU
Qena-Qina-Egypt,Qena,Qina,Egypt,Africa,Africa
Buriticupu-Maranhão-Brazil,Buriticupu,Maranhão,Brazil,South,LATAM
Romeoville-Illinois-United States,Romeoville,Illinois,United States,Central,US
Kollam-Kerala-India,Kollam,Kerala,India,Central Asia,APAC
Coulommiers-Ile-de-France-France,Coulommiers,Ile-de-France,France,Central,EU
Castanhal-Pará-Brazil,Castanhal,Pará,Brazil,South,LATAM
Gorakhpur-Haryana-India,Gorakhpur,Haryana,India,Central Asia,APAC
Vallauris-Provence-Alpes-Côte d'Azur-France,Vallauris,Provence-Alpes-Côte d'Azur,France,Central,EU
Gulbarga-Karnataka-India,Gulbarga,Karnataka,India,Central Asia,APAC
Amritsar-Punjab-India,Amritsar,Punjab,India,Central Asia,APAC
Itaúna-Minas Gerais-Brazil,Itaúna,Minas Gerais,Brazil,South,LATAM
Farroupilha-Rio Grande do Sul-Brazil,Farroupilha,Rio Grande do Sul,Brazil,South,LATAM
Thiruvananthapuram-Kerala-India,Thiruvananthapuram,Kerala,India,Central Asia,APAC
Kokshetau-Aqmola-Kazakhstan,Kokshetau,Aqmola,Kazakhstan,EMEA,EMEA
Digne-les-Bains-Provence-Alpes-Côte d'Azur-France,Digne-les-Bains,Provence-Alpes-Côte d'Azur,France,Central,EU
Cuenca-Castile-La Mancha-Spain,Cuenca,Castile-La Mancha,Spain,South,EU
Fasa-Fars-Iran,Fasa,Fars,Iran,EMEA,EMEA
Cedar Rapids-Iowa-United States,Cedar Rapids,Iowa,United States,Central,US
Buzau-Buzau-Romania,Buzau,Buzau,Romania,EMEA,EMEA
Cartago-Valle del Cauca-Colombia,Cartago,Valle del Cauca,Colombia,South,LATAM
North Charleston-South Carolina-United States,North Charleston,South Carolina,United States,South,US
La Rioja-La Rioja-Argentina,La Rioja,La Rioja,Argentina,South,LATAM
Gillingham-England-United Kingdom,Gillingham,England,United Kingdom,North,EU
Altoona-Pennsylvania-United States,Altoona,Pennsylvania,United States,East,US
Stellenbosch-Western Cape-South Africa,Stellenbosch,Western Cape,South Africa,Africa,Africa
Bolingbrook-Illinois-United States,Bolingbrook,Illinois,United States,Central,US
Zwedru-Grand Gedeh-Liberia,Zwedru,Grand Gedeh,Liberia,Africa,Africa
Lanester-Brittany-France,Lanester,Brittany,France,Central,EU
Viroflay-Ile-de-France-France,Viroflay,Ile-de-France,France,Central,EU
Hamburg-Hamburg-Germany,Hamburg,Hamburg,Germany,Central,EU
Shouguang-Shandong-China,Shouguang,Shandong,China,North Asia,APAC
Kediri-Jawa Timur-Indonesia,Kediri,Jawa Timur,Indonesia,Southeast Asia,APAC
Devonport-Tasmania-Australia,Devonport,Tasmania,Australia,Oceania,APAC
Balti-Balti-Moldova,Balti,Balti,Moldova,EMEA,EMEA
Hillsboro-Oregon-United States,Hillsboro,Oregon,United States,West,US
León-Guanajuato-Mexico,León,Guanajuato,Mexico,North,LATAM
Coyoacán-Distrito Federal-Mexico,Coyoacán,Distrito Federal,Mexico,North,LATAM
Bridgetown-Saint Michael-Barbados,Bridgetown,Saint Michael,Barbados,Caribbean,LATAM
Valenciennes-Nord-Pas-de-Calais-France,Valenciennes,Nord-Pas-de-Calais,France,Central,EU
San Francisco de Macorís-Duarte-Dominican Republic,San Francisco de Macorís,Duarte,Dominican Republic,Caribbean,LATAM
Runcorn-England-United Kingdom,Runcorn,England,United Kingdom,North,EU
Miguel Hidalgo-Distrito Federal-Mexico,Miguel Hidalgo,Distrito Federal,Mexico,North,LATAM
Dordrecht-South Holland-Netherlands,Dordrecht,South Holland,Netherlands,Central,EU
Kandi-Alibori-Benin,Kandi,Alibori,Benin,Africa,Africa
Park Ridge-Illinois-United States,Park Ridge,Illinois,United States,Central,US
Genk-Limburg-Belgium,Genk,Limburg,Belgium,Central,EU
Toledo-Castile-La Mancha-Spain,Toledo,Castile-La Mancha,Spain,South,EU
Votuporanga-São Paulo-Brazil,Votuporanga,São Paulo,Brazil,South,LATAM
Barranca-Lima-Peru,Barranca,Lima,Peru,South,LATAM
Clermont-Ferrand-Auvergne-France,Clermont-Ferrand,Auvergne,France,Central,EU
Livry-Gargan-Ile-de-France-France,Livry-Gargan,Ile-de-France,France,Central,EU
Kaiyuan-Liaoning-China,Kaiyuan,Liaoning,China,North Asia,APAC
Kawaguchi-Saitama-Japan,Kawaguchi,Saitama,Japan,North Asia,APAC
Progreso-Yucatán-Mexico,Progreso,Yucatán,Mexico,North,LATAM
Maidenhead-England-United Kingdom,Maidenhead,England,United Kingdom,North,EU
Charlotte-North Carolina-United States,Charlotte,North Carolina,United States,South,US
Albuquerque-New Mexico-United States,Albuquerque,New Mexico,United States,West,US
Pretoria-Gauteng-South Africa,Pretoria,Gauteng,South Africa,Africa,Africa
Itaituba-Pará-Brazil,Itaituba,Pará,Brazil,South,LATAM
Orem-Utah-United States,Orem,Utah,United States,West,US
Des Moines-Washington-United States,Des Moines,Washington,United States,West,US
Nagercoil-Tamil Nadu-India,Nagercoil,Tamil Nadu,India,Central Asia,APAC
Townsville-Queensland-Australia,Townsville,Queensland,Australia,Oceania,APAC
Colón-Colón-Panama,Colón,Colón,Panama,Central,LATAM
Saida-Saida-Algeria,Saida,Saida,Algeria,Africa,Africa
Basra-Al Basrah-Iraq,Basra,Al Basrah,Iraq,EMEA,EMEA
Saga-Saga-Japan,Saga,Saga,Japan,North Asia,APAC
Soledad Díez Gutiérrez-San Luis Potosí-Mexico,Soledad Díez Gutiérrez,San Luis Potosí,Mexico,North,LATAM
Viña del Mar-Valparaíso-Chile,Viña del Mar,Valparaíso,Chile,South,LATAM
Lausanne-Vaud-Switzerland,Lausanne,Vaud,Switzerland,Central,EU
Saint-Laurent-du-Var-Provence-Alpes-Côte d'Azur-France,Saint-Laurent-du-Var,Provence-Alpes-Côte d'Azur,France,Central,EU
Coventry-England-United Kingdom,Coventry,England,United Kingdom,North,EU
Gaya-Bihar-India,Gaya,Bihar,India,Central Asia,APAC
Al Hillah-Babil-Iraq,Al Hillah,Babil,Iraq,EMEA,EMEA
Podgorica-Podgorica-Montenegro,Podgorica,Podgorica,Montenegro,EMEA,EMEA
Whangarei-Northland-New Zealand,Whangarei,Northland,New Zealand,Oceania,APAC
Hesperia-California-United States,Hesperia,California,United States,West,US
York-England-United Kingdom,York,England,United Kingdom,North,EU
Cheltenham-England-United Kingdom,Cheltenham,England,United Kingdom,North,EU
Eau Claire-Wisconsin-United States,Eau Claire,Wisconsin,United States,Central,US
Patrocínio-Minas Gerais-Brazil,Patrocínio,Minas Gerais,Brazil,South,LATAM
Louviers-Upper Normandy-France,Louviers,Upper Normandy,France,Central,EU
Cagnes-sur-Mer-Provence-Alpes-Côte d'Azur-France,Cagnes-sur-Mer,Provence-Alpes-Côte d'Azur,France,Central,EU
San Francisco del Rincón-Guanajuato-Mexico,San Francisco del Rincón,Guanajuato,Mexico,North,LATAM
Delmenhorst-Lower Saxony-Germany,Delmenhorst,Lower Saxony,Germany,Central,EU
Miramar-Tamaulipas-Mexico,Miramar,Tamaulipas,Mexico,North,LATAM
Gagny-Ile-de-France-France,Gagny,Ile-de-France,France,Central,EU
São Bernardo do Campo-São Paulo-Brazil,São Bernardo do Campo,São Paulo,Brazil,South,LATAM
Cumaná-Sucre-Venezuela,Cumaná,Sucre,Venezuela,South,LATAM
Yangon-Yangon-Myanmar (Burma),Yangon,Yangon,Myanmar (Burma),Southeast Asia,APAC
Behbahan-Khuzestan-Iran,Behbahan,Khuzestan,Iran,EMEA,EMEA
Tecomán-Colima-Mexico,Tecomán,Colima,Mexico,North,LATAM
Ciénaga-Magdalena-Colombia,Ciénaga,Magdalena,Colombia,South,LATAM
Toliara-Atsimo-Andrefana-Madagascar,Toliara,Atsimo-Andrefana,Madagascar,Africa,Africa
Cox’s Bāzār-Chittagong-Bangladesh,Cox’s Bāzār,Chittagong,Bangladesh,Central Asia,APAC
Johannesburg-Gauteng-South Africa,Johannesburg,Gauteng,South Africa,Africa,Africa
Orlando-Florida-United States,Orlando,Florida,United States,South,US
Callao-Callao-Peru,Callao,Callao,Peru,South,LATAM
Pontes e Lacerda-Mato Grosso-Brazil,Pontes e Lacerda,Mato Grosso,Brazil,South,LATAM
Bom Jesus da Lapa-Bahia-Brazil,Bom Jesus da Lapa,Bahia,Brazil,South,LATAM
Ulsan-Ulsan-South Korea,Ulsan,Ulsan,South Korea,North Asia,APAC
Bornova-Izmir-Turkey,Bornova,Izmir,Turkey,EMEA,EMEA
Carquefou-Pays de la Loire-France,Carquefou,Pays de la Loire,France,Central,EU
Maxixe-Inhambane-Mozambique,Maxixe,Inhambane,Mozambique,Africa,Africa
Dhaka-Dhaka-Bangladesh,Dhaka,Dhaka,Bangladesh,Central Asia,APAC
Hiratsuka-Kanagawa-Japan,Hiratsuka,Kanagawa,Japan,North Asia,APAC
Garoua-Nord-Cameroon,Garoua,Nord,Cameroon,Africa,Africa
San Antonio-Valparaíso-Chile,San Antonio,Valparaíso,Chile,South,LATAM
Durban-Kwazulu-natal-South Africa,Durban,Kwazulu-natal,South Africa,Africa,Africa
Vladimir-Vladimir-Russia,Vladimir,Vladimir,Russia,EMEA,EMEA
Kanpur-Uttar Pradesh-India,Kanpur,Uttar Pradesh,India,Central Asia,APAC
Bello-Antioquia-Colombia,Bello,Antioquia,Colombia,South,LATAM
Sunnyvale-California-United States,Sunnyvale,California,United States,West,US
Klaipeda-Klaipeda-Lithuania,Klaipeda,Klaipeda,Lithuania,EMEA,EMEA
Champigny-sur-Marne-Ile-de-France-France,Champigny-sur-Marne,Ile-de-France,France,Central,EU
Windsor-Ontario-Canada,Windsor,Ontario,Canada,Canada,Canada
Barranquilla-Atlántico-Colombia,Barranquilla,Atlántico,Colombia,South,LATAM
Asansol-West Bengal-India,Asansol,West Bengal,India,Central Asia,APAC
Xuanhua-Hebei-China,Xuanhua,Hebei,China,North Asia,APAC
Akola-Maharashtra-India,Akola,Maharashtra,India,Central Asia,APAC
Torreón-Coahuila-Mexico,Torreón,Coahuila,Mexico,North,LATAM
Sabzevar-Razavi Khorasan-Iran,Sabzevar,Razavi Khorasan,Iran,EMEA,EMEA
Himeji-Hyogo-Japan,Himeji,Hyogo,Japan,North Asia,APAC
Plaisance-du-Touch-Midi-Pyrénées-France,Plaisance-du-Touch,Midi-Pyrénées,France,Central,EU
Busto Arsizio-Lombardy-Italy,Busto Arsizio,Lombardy,Italy,South,EU
Lancaster-California-United States,Lancaster,California,United States,West,US
Plymouth-England-United Kingdom,Plymouth,England,United Kingdom,North,EU
Sterling Heights-Michigan-United States,Sterling Heights,Michigan,United States,Central,US
Uithoorn-North Holland-Netherlands,Uithoorn,North Holland,Netherlands,Central,EU
Kure-Hiroshima-Japan,Kure,Hiroshima,Japan,North Asia,APAC
Valencia-Northern Mindanao-Philippines,Valencia,Northern Mindanao,Philippines,Southeast Asia,APAC
Farnborough-England-United Kingdom,Farnborough,England,United Kingdom,North,EU
Mansfield-England-United Kingdom,Mansfield,England,United Kingdom,North,EU
The Colony-Texas-United States,The Colony,Texas,United States,Central,US
Mâcon-Burgundy-France,Mâcon,Burgundy,France,Central,EU
Abeokuta-Ogun-Nigeria,Abeokuta,Ogun,Nigeria,Africa,Africa
Itajaí-Santa Catarina-Brazil,Itajaí,Santa Catarina,Brazil,South,LATAM
Bijie-Guizhou-China,Bijie,Guizhou,China,North Asia,APAC
Shihezi-Xinjiang Uygur-China,Shihezi,Xinjiang Uygur,China,North Asia,APAC
Uberlândia-Minas Gerais-Brazil,Uberlândia,Minas Gerais,Brazil,South,LATAM
Eskisehir-Eskisehir-Turkey,Eskisehir,Eskisehir,Turkey,EMEA,EMEA
East Kilbride-Scotland-United Kingdom,East Kilbride,Scotland,United Kingdom,North,EU
Korla-Xinjiang Uygur-China,Korla,Xinjiang Uygur,China,North Asia,APAC
Annemasse-Rhône-Alpes-France,Annemasse,Rhône-Alpes,France,Central,EU
Munich-Bavaria-Germany,Munich,Bavaria,Germany,Central,EU
La Crau-Provence-Alpes-Côte d'Azur-France,La Crau,Provence-Alpes-Côte d'Azur,France,Central,EU
Itapecuru Mirim-Maranhão-Brazil,Itapecuru Mirim,Maranhão,Brazil,South,LATAM
Edirne-Edirne-Turkey,Edirne,Edirne,Turkey,EMEA,EMEA
Rheine-North Rhine-Westphalia-Germany,Rheine,North Rhine-Westphalia,Germany,Central,EU
Ronchin-Nord-Pas-de-Calais-France,Ronchin,Nord-Pas-de-Calais,France,Central,EU
Le Havre-Upper Normandy-France,Le Havre,Upper Normandy,France,Central,EU
Echuca-Victoria-Australia,Echuca,Victoria,Australia,Oceania,APAC
Cizre-Sirnak-Turkey,Cizre,Sirnak,Turkey,EMEA,EMEA
Lingolsheim-Alsace-France,Lingolsheim,Alsace,France,Central,EU
Kalemie-Katanga-Democratic Republic of the Congo,Kalemie,Katanga,Democratic Republic of the Congo,Africa,Africa
Tsukuba-Ibaraki-Japan,Tsukuba,Ibaraki,Japan,North Asia,APAC
Loubomo-Niari-Republic of the Congo,Loubomo,Niari,Republic of the Congo,Africa,Africa
Pavlodar-Pavlodar-Kazakhstan,Pavlodar,Pavlodar,Kazakhstan,EMEA,EMEA
Carvin-Nord-Pas-de-Calais-France,Carvin,Nord-Pas-de-Calais,France,Central,EU
Karbala'-Karbala'-Iraq,Karbala',Karbala',Iraq,EMEA,EMEA
Sorriso-Mato Grosso-Brazil,Sorriso,Mato Grosso,Brazil,South,LATAM
Cancún-Quintana Roo-Mexico,Cancún,Quintana Roo,Mexico,North,LATAM
La Crosse-Wisconsin-United States,La Crosse,Wisconsin,United States,Central,US
Mau-Uttar Pradesh-India,Mau,Uttar Pradesh,India,Central Asia,APAC
Voiron-Rhône-Alpes-France,Voiron,Rhône-Alpes,France,Central,EU
Ibiúna-São Paulo-Brazil,Ibiúna,São Paulo,Brazil,South,LATAM
Neuilly-Plaisance-Ile-de-France-France,Neuilly-Plaisance,Ile-de-France,France,Central,EU
Carpentras-Provence-Alpes-Côte d'Azur-France,Carpentras,Provence-Alpes-Côte d'Azur,France,Central,EU
Ipatinga-Minas Gerais-Brazil,Ipatinga,Minas Gerais,Brazil,South,LATAM
Messina-Sicily-Italy,Messina,Sicily,Italy,South,EU
Americana-São Paulo-Brazil,Americana,São Paulo,Brazil,South,LATAM
Balmazujvaros-Hajdu-Bihar-Hungary,Balmazujvaros,Hajdu-Bihar,Hungary,EMEA,EMEA
Huizhou-Guangdong-China,Huizhou,Guangdong,China,North Asia,APAC
Langenhagen-Lower Saxony-Germany,Langenhagen,Lower Saxony,Germany,Central,EU
Casoria-Campania-Italy,Casoria,Campania,Italy,South,EU
Cubatão-São Paulo-Brazil,Cubatão,São Paulo,Brazil,South,LATAM
Elda-Valenciana-Spain,Elda,Valenciana,Spain,South,EU
Denver-Colorado-United States,Denver,Colorado,United States,West,US
Palmira-Valle del Cauca-Colombia,Palmira,Valle del Cauca,Colombia,South,LATAM
Singapore-Singapore-Singapore,Singapore,Singapore,Singapore,Southeast Asia,APAC
Suresnes-Ile-de-France-France,Suresnes,Ile-de-France,France,Central,EU
Norderstedt-Schleswig-Holstein-Germany,Norderstedt,Schleswig-Holstein,Germany,Central,EU
San Bernardino-California-United States,San Bernardino,California,United States,West,US
Hapur-Uttar Pradesh-India,Hapur,Uttar Pradesh,India,Central Asia,APAC
Mont-de-Marsan-Aquitaine-France,Mont-de-Marsan,Aquitaine,France,Central,EU
Caserta-Campania-Italy,Caserta,Campania,Italy,South,EU
Cottage Grove-Minnesota-United States,Cottage Grove,Minnesota,United States,Central,US
Marl-North Rhine-Westphalia-Germany,Marl,North Rhine-Westphalia,Germany,Central,EU
Tiruppur-Tamil Nadu-India,Tiruppur,Tamil Nadu,India,Central Asia,APAC
Calamba-Calabarzon-Philippines,Calamba,Calabarzon,Philippines,Southeast Asia,APAC
Ningbo-Zhejiang-China,Ningbo,Zhejiang,China,North Asia,APAC
Lebanon-Tennessee-United States,Lebanon,Tennessee,United States,South,US
Necochea-Provincia de Buenos Aires-Argentina,Necochea,Provincia de Buenos Aires,Argentina,South,LATAM
Saint Cloud-Minnesota-United States,Saint Cloud,Minnesota,United States,Central,US
Boghni-Tizi Ouzou-Algeria,Boghni,Tizi Ouzou,Algeria,Africa,Africa
Aracaju-Sergipe-Brazil,Aracaju,Sergipe,Brazil,South,LATAM
Ashqelon-Southern-Israel,Ashqelon,Southern,Israel,EMEA,EMEA
Nitra-Nitra-Slovakia,Nitra,Nitra,Slovakia,EMEA,EMEA
Augsburg-Bavaria-Germany,Augsburg,Bavaria,Germany,Central,EU
Majadahonda-Madrid-Spain,Majadahonda,Madrid,Spain,South,EU
Linyi-Shandong-China,Linyi,Shandong,China,North Asia,APAC
Enugu-Enugu-Nigeria,Enugu,Enugu,Nigeria,Africa,Africa
Hengelo-Overijssel-Netherlands,Hengelo,Overijssel,Netherlands,Central,EU
Bandar Abbas-Hormozgan-Iran,Bandar Abbas,Hormozgan,Iran,EMEA,EMEA
Maidstone-England-United Kingdom,Maidstone,England,United Kingdom,North,EU
Kaiyuan-Yunnan-China,Kaiyuan,Yunnan,China,North Asia,APAC
Miramar-Florida-United States,Miramar,Florida,United States,South,US
St. Catharines-Ontario-Canada,St. Catharines,Ontario,Canada,Canada,Canada
Niort-Poitou-Charentes-France,Niort,Poitou-Charentes,France,Central,EU
Marsala-Sicily-Italy,Marsala,Sicily,Italy,South,EU
San Cristóbal de Las Casas-Chiapas-Mexico,San Cristóbal de Las Casas,Chiapas,Mexico,North,LATAM
Sterlitamak-Bashkortostan-Russia,Sterlitamak,Bashkortostan,Russia,EMEA,EMEA
Juárez-Chihuahua-Mexico,Juárez,Chihuahua,Mexico,North,LATAM
Depok-Yogyakarta-Indonesia,Depok,Yogyakarta,Indonesia,Southeast Asia,APAC
Guarujá-São Paulo-Brazil,Guarujá,São Paulo,Brazil,South,LATAM
Davis-California-United States,Davis,California,United States,West,US
Shelton-Connecticut-United States,Shelton,Connecticut,United States,East,US
North York-Ontario-Canada,North York,Ontario,Canada,Canada,Canada
Saint-Germain-en-Laye-Ile-de-France-France,Saint-Germain-en-Laye,Ile-de-France,France,Central,EU
Encinitas-California-United States,Encinitas,California,United States,West,US
Hanoi-Thủ Dô Hà Nội-Vietnam,Hanoi,Thủ Dô Hà Nội,Vietnam,Southeast Asia,APAC
Ercolano-Campania-Italy,Ercolano,Campania,Italy,South,EU
Bellary-Karnataka-India,Bellary,Karnataka,India,Central Asia,APAC
Civitavecchia-Lazio-Italy,Civitavecchia,Lazio,Italy,South,EU
Douarnenez-Brittany-France,Douarnenez,Brittany,France,Central,EU
Lincoln-England-United Kingdom,Lincoln,England,United Kingdom,North,EU
Hendersonville-Tennessee-United States,Hendersonville,Tennessee,United States,South,US
New Plymouth-Taranaki-New Zealand,New Plymouth,Taranaki,New Zealand,Oceania,APAC
Offenbach-Hesse-Germany,Offenbach,Hesse,Germany,Central,EU
Poitiers-Poitou-Charentes-France,Poitiers,Poitou-Charentes,France,Central,EU
Amman-'Amman-Jordan,Amman,'Amman,Jordan,EMEA,EMEA
Kota-Rajasthan-India,Kota,Rajasthan,India,Central Asia,APAC
Palatine-Illinois-United States,Palatine,Illinois,United States,Central,US
Teresópolis-Rio de Janeiro-Brazil,Teresópolis,Rio de Janeiro,Brazil,South,LATAM
Uppsala-Uppsala-Sweden,Uppsala,Uppsala,Sweden,North,EU
Brighton-England-United Kingdom,Brighton,England,United Kingdom,North,EU
Tegucigalpa-Francisco Morazán-Honduras,Tegucigalpa,Francisco Morazán,Honduras,Central,LATAM
Metepec-México-Mexico,Metepec,México,Mexico,North,LATAM
Chigasaki-Kanagawa-Japan,Chigasaki,Kanagawa,Japan,North Asia,APAC
Redmond-Washington-United States,Redmond,Washington,United States,West,US
Bikaner-Rajasthan-India,Bikaner,Rajasthan,India,Central Asia,APAC
Xining-Qinghai-China,Xining,Qinghai,China,North Asia,APAC
Le Bouscat-Aquitaine-France,Le Bouscat,Aquitaine,France,Central,EU
Wilson-North Carolina-United States,Wilson,North Carolina,United States,South,US
Rolândia-Parana-Brazil,Rolândia,Parana,Brazil,South,LATAM
Matola-Maputo-Mozambique,Matola,Maputo,Mozambique,Africa,Africa
Chernihiv-Chernihiv-Ukraine,Chernihiv,Chernihiv,Ukraine,EMEA,EMEA
Santiago de Cuba-Santiago de Cuba-Cuba,Santiago de Cuba,Santiago de Cuba,Cuba,Caribbean,LATAM
Camarillo-California-United States,Camarillo,California,United States,West,US
Istanbul-Istanbul-Turkey,Istanbul,Istanbul,Turkey,EMEA,EMEA
Castelldefels-Catalonia-Spain,Castelldefels,Catalonia,Spain,South,EU
Las Pinas-National Capital-Philippines,Las Pinas,National Capital,Philippines,Southeast Asia,APAC
Gonaïves-Artibonite-Haiti,Gonaïves,Artibonite,Haiti,Caribbean,LATAM
Lugo-Galicia-Spain,Lugo,Galicia,Spain,South,EU
Kozhikode-Kerala-India,Kozhikode,Kerala,India,Central Asia,APAC
Bloomington-Indiana-United States,Bloomington,Indiana,United States,Central,US
Beni Suef-Bani Suwayf-Egypt,Beni Suef,Bani Suwayf,Egypt,Africa,Africa
Neuwied-Rhineland-Palatinate-Germany,Neuwied,Rhineland-Palatinate,Germany,Central,EU
Crawley-England-United Kingdom,Crawley,England,United Kingdom,North,EU
Sincan-Ankara-Turkey,Sincan,Ankara,Turkey,EMEA,EMEA
Baghdad-Baghdad-Iraq,Baghdad,Baghdad,Iraq,EMEA,EMEA
Oktyabr'skiy-Bashkortostan-Russia,Oktyabr'skiy,Bashkortostan,Russia,EMEA,EMEA
Anzio-Lazio-Italy,Anzio,Lazio,Italy,South,EU
Agra-Uttar Pradesh-India,Agra,Uttar Pradesh,India,Central Asia,APAC
Aschaffenburg-Bavaria-Germany,Aschaffenburg,Bavaria,Germany,Central,EU
Can Tho-Tỉnh Cần Thơ-Vietnam,Can Tho,Tỉnh Cần Thơ,Vietnam,Southeast Asia,APAC
Mostaganem-Mostaganem-Algeria,Mostaganem,Mostaganem,Algeria,Africa,Africa
Matehuala-San Luis Potosí-Mexico,Matehuala,San Luis Potosí,Mexico,North,LATAM
Oviedo-Asturias-Spain,Oviedo,Asturias,Spain,South,EU
Lower Hutt-Wellington-New Zealand,Lower Hutt,Wellington,New Zealand,Oceania,APAC
Walsall-England-United Kingdom,Walsall,England,United Kingdom,North,EU
Khulna-Khulna-Bangladesh,Khulna,Khulna,Bangladesh,Central Asia,APAC
Loudi-Hunan-China,Loudi,Hunan,China,North Asia,APAC
Radom-Masovia-Poland,Radom,Masovia,Poland,EMEA,EMEA
Al Khums-Al Marqab-Libya,Al Khums,Al Marqab,Libya,Africa,Africa
Osh-Osh-Kyrgyzstan,Osh,Osh,Kyrgyzstan,EMEA,EMEA
Frankfurt-Hesse-Germany,Frankfurt,Hesse,Germany,Central,EU
Helsingborg-Skåne-Sweden,Helsingborg,Skåne,Sweden,North,EU
Navegantes-Santa Catarina-Brazil,Navegantes,Santa Catarina,Brazil,South,LATAM
Ho Chi Minh City-Ho Chí Minh City-Vietnam,Ho Chi Minh City,Ho Chí Minh City,Vietnam,Southeast Asia,APAC
Caloocan-National Capital-Philippines,Caloocan,National Capital,Philippines,Southeast Asia,APAC
Suceava-Suceava-Romania,Suceava,Suceava,Romania,EMEA,EMEA
Cardiff-Wales-United Kingdom,Cardiff,Wales,United Kingdom,North,EU
Irapuato-Guanajuato-Mexico,Irapuato,Guanajuato,Mexico,North,LATAM
Surakarta-Jawa Tengah-Indonesia,Surakarta,Jawa Tengah,Indonesia,Southeast Asia,APAC
Florence-South Carolina-United States,Florence,South Carolina,United States,South,US
Kazerun-Fars-Iran,Kazerun,Fars,Iran,EMEA,EMEA
Roissy-en-Brie-Ile-de-France-France,Roissy-en-Brie,Ile-de-France,France,Central,EU
Targu Jiu-Gorj-Romania,Targu Jiu,Gorj,Romania,EMEA,EMEA
Lismore-New South Wales-Australia,Lismore,New South Wales,Australia,Oceania,APAC
Thomasville-North Carolina-United States,Thomasville,North Carolina,United States,South,US
Vanves-Ile-de-France-France,Vanves,Ile-de-France,France,Central,EU
Wiesbaden-Hesse-Germany,Wiesbaden,Hesse,Germany,Central,EU
Trabzon-Trabzon-Turkey,Trabzon,Trabzon,Turkey,EMEA,EMEA
Bagé-Rio Grande do Sul-Brazil,Bagé,Rio Grande do Sul,Brazil,South,LATAM
Terneuzen-Zeeland-Netherlands,Terneuzen,Zeeland,Netherlands,Central,EU
Jingmen-Hubei-China,Jingmen,Hubei,China,North Asia,APAC
Wuxi-Jiangsu-China,Wuxi,Jiangsu,China,North Asia,APAC
Turin-Piedmont-Italy,Turin,Piedmont,Italy,South,EU
Sartrouville-Ile-de-France-France,Sartrouville,Ile-de-France,France,Central,EU
Tongling-Anhui-China,Tongling,Anhui,China,North Asia,APAC
Gliwice-Silesia-Poland,Gliwice,Silesia,Poland,EMEA,EMEA
Lakewood-Ohio-United States,Lakewood,Ohio,United States,East,US
Velbert-North Rhine-Westphalia-Germany,Velbert,North Rhine-Westphalia,Germany,Central,EU
Meyzieu-Rhône-Alpes-France,Meyzieu,Rhône-Alpes,France,Central,EU
Gyor-Gyor-Hungary,Gyor,Gyor,Hungary,EMEA,EMEA
Delhi-Delhi-India,Delhi,Delhi,India,Central Asia,APAC
San Luis-San Luis-Argentina,San Luis,San Luis,Argentina,South,LATAM
Maiduguri-Borno-Nigeria,Maiduguri,Borno,Nigeria,Africa,Africa
Edmonton-Alberta-Canada,Edmonton,Alberta,Canada,Canada,Canada
Changde-Hunan-China,Changde,Hunan,China,North Asia,APAC
Chatou-Ile-de-France-France,Chatou,Ile-de-France,France,Central,EU
Olivet-Centre-France,Olivet,Centre,France,Central,EU
Nanyang-Henan-China,Nanyang,Henan,China,North Asia,APAC
Mexico City-Distrito Federal-Mexico,Mexico City,Distrito Federal,Mexico,North,LATAM
Peterborough-Ontario-Canada,Peterborough,Ontario,Canada,Canada,Canada
Toulon-Provence-Alpes-Côte d'Azur-France,Toulon,Provence-Alpes-Côte d'Azur,France,Central,EU
Sucre-Chuquisaca-Bolivia,Sucre,Chuquisaca,Bolivia,South,LATAM
Sanandaj-Kordestan-Iran,Sanandaj,Kordestan,Iran,EMEA,EMEA
Regensburg-Bavaria-Germany,Regensburg,Bavaria,Germany,Central,EU
Lindenhurst-New York-United States,Lindenhurst,New York,United States,East,US
Palma Soriano-Santiago de Cuba-Cuba,Palma Soriano,Santiago de Cuba,Cuba,Caribbean,LATAM
David-Chiriquí-Panama,David,Chiriquí,Panama,Central,LATAM
Taizz-Ta'izz-Yemen,Taizz,Ta'izz,Yemen,EMEA,EMEA
Polatli-Ankara-Turkey,Polatli,Ankara,Turkey,EMEA,EMEA
Langenfeld-North Rhine-Westphalia-Germany,Langenfeld,North Rhine-Westphalia,Germany,Central,EU
Grevenbroich-North Rhine-Westphalia-Germany,Grevenbroich,North Rhine-Westphalia,Germany,Central,EU
Anjo-Aichi-Japan,Anjo,Aichi,Japan,North Asia,APAC
Conflans-Sainte-Honorine-Ile-de-France-France,Conflans-Sainte-Honorine,Ile-de-France,France,Central,EU
Jaipur-Rajasthan-India,Jaipur,Rajasthan,India,Central Asia,APAC
Little Rock-Arkansas-United States,Little Rock,Arkansas,United States,South,US
Noda-Chiba-Japan,Noda,Chiba,Japan,North Asia,APAC
Brest-Brittany-France,Brest,Brittany,France,Central,EU
Yazd-Yazd-Iran,Yazd,Yazd,Iran,EMEA,EMEA
Escuintla-Escuintla-Guatemala,Escuintla,Escuintla,Guatemala,Central,LATAM
Sunbury-Victoria-Australia,Sunbury,Victoria,Australia,Oceania,APAC
Zahedan-Sistan Va Baluchestan-Iran,Zahedan,Sistan Va Baluchestan,Iran,EMEA,EMEA
Oullins-Rhône-Alpes-France,Oullins,Rhône-Alpes,France,Central,EU
Port Harcourt-Rivers-Nigeria,Port Harcourt,Rivers,Nigeria,Africa,Africa
Dublin-California-United States,Dublin,California,United States,West,US
Shahriar-Tehran-Iran,Shahriar,Tehran,Iran,EMEA,EMEA
Avondale-Arizona-United States,Avondale,Arizona,United States,West,US
Hempstead-New York-United States,Hempstead,New York,United States,East,US
Usak-Usak-Turkey,Usak,Usak,Turkey,EMEA,EMEA
Domont-Ile-de-France-France,Domont,Ile-de-France,France,Central,EU
Barry-Wales-United Kingdom,Barry,Wales,United Kingdom,North,EU
Basel-Basel-Stadt-Switzerland,Basel,Basel-Stadt,Switzerland,Central,EU
Tangier-Tanger-Tétouan-Morocco,Tangier,Tanger-Tétouan,Morocco,Africa,Africa
Nigde-Nigde-Turkey,Nigde,Nigde,Turkey,EMEA,EMEA
Taipei-Taipei City-Taiwan,Taipei,Taipei City,Taiwan,North Asia,APAC
Pasco-Washington-United States,Pasco,Washington,United States,West,US
Carlisle-England-United Kingdom,Carlisle,England,United Kingdom,North,EU
Rijeka-Primorsko-Goranska-Croatia,Rijeka,Primorsko-Goranska,Croatia,EMEA,EMEA
Montceau-les-Mines-Burgundy-France,Montceau-les-Mines,Burgundy,France,Central,EU
Rajshahi-Rajshahi-Bangladesh,Rajshahi,Rajshahi,Bangladesh,Central Asia,APAC
Araucária-Parana-Brazil,Araucária,Parana,Brazil,South,LATAM
Xinzhou-Shanxi-China,Xinzhou,Shanxi,China,North Asia,APAC
Kota Kinabalu-Sabah-Malaysia,Kota Kinabalu,Sabah,Malaysia,Southeast Asia,APAC
Bene Beraq-Tel Aviv-Israel,Bene Beraq,Tel Aviv,Israel,EMEA,EMEA
Rockford-Illinois-United States,Rockford,Illinois,United States,Central,US
Peer-Limburg-Belgium,Peer,Limburg,Belgium,Central,EU
Contagem-Minas Gerais-Brazil,Contagem,Minas Gerais,Brazil,South,LATAM
Najafabad-Esfahan-Iran,Najafabad,Esfahan,Iran,EMEA,EMEA
Huehuetenango-Huehuetenango-Guatemala,Huehuetenango,Huehuetenango,Guatemala,Central,LATAM
Las Vegas-Nevada-United States,Las Vegas,Nevada,United States,West,US
Orland Park-Illinois-United States,Orland Park,Illinois,United States,Central,US
Vespasiano-Minas Gerais-Brazil,Vespasiano,Minas Gerais,Brazil,South,LATAM
Henderson-Kentucky-United States,Henderson,Kentucky,United States,South,US
Quebec-Quebec-Canada,Quebec,Quebec,Canada,Canada,Canada
Murcia-Murcia-Spain,Murcia,Murcia,Spain,South,EU
Glendale-Arizona-United States,Glendale,Arizona,United States,West,US
Pueblo-Colorado-United States,Pueblo,Colorado,United States,West,US
Bandar-e Anzali-Gilan-Iran,Bandar-e Anzali,Gilan,Iran,EMEA,EMEA
Camaragibe-Pernambuco-Brazil,Camaragibe,Pernambuco,Brazil,South,LATAM
Kramators'k-Donetsk-Ukraine,Kramators'k,Donetsk,Ukraine,EMEA,EMEA
San Jose del Monte-Central Luzon-Philippines,San Jose del Monte,Central Luzon,Philippines,Southeast Asia,APAC
Jaworzno-Silesia-Poland,Jaworzno,Silesia,Poland,EMEA,EMEA
Disuq-Kafr Ash Shaykh-Egypt,Disuq,Kafr Ash Shaykh,Egypt,Africa,Africa
Pisa-Tuscany-Italy,Pisa,Tuscany,Italy,South,EU
Etawah-Uttar Pradesh-India,Etawah,Uttar Pradesh,India,Central Asia,APAC
Neubrandenburg-Mecklenburg-Vorpommern-Germany,Neubrandenburg,Mecklenburg-Vorpommern,Germany,Central,EU
Brumado-Bahia-Brazil,Brumado,Bahia,Brazil,South,LATAM
Ulundi-Kwazulu-natal-South Africa,Ulundi,Kwazulu-natal,South Africa,Africa,Africa
Manaus-Amazonas-Brazil,Manaus,Amazonas,Brazil,South,LATAM
Novo Gama-Goiás-Brazil,Novo Gama,Goiás,Brazil,South,LATAM
Nellore-Andhra Pradesh-India,Nellore,Andhra Pradesh,India,Central Asia,APAC
Jhansi-Uttar Pradesh-India,Jhansi,Uttar Pradesh,India,Central Asia,APAC
Dos Quebradas-Risaralda-Colombia,Dos Quebradas,Risaralda,Colombia,South,LATAM
Dormagen-North Rhine-Westphalia-Germany,Dormagen,North Rhine-Westphalia,Germany,Central,EU
Indore-Madhya Pradesh-India,Indore,Madhya Pradesh,India,Central Asia,APAC
Shuangcheng-Heilongjiang-China,Shuangcheng,Heilongjiang,China,North Asia,APAC
Harbin-Heilongjiang-China,Harbin,Heilongjiang,China,North Asia,APAC
Galway-Galway-Ireland,Galway,Galway,Ireland,North,EU
Parma-Ohio-United States,Parma,Ohio,United States,East,US
Auburn-New York-United States,Auburn,New York,United States,East,US
Makhachkala-Dagestan-Russia,Makhachkala,Dagestan,Russia,EMEA,EMEA
Weihai-Shandong-China,Weihai,Shandong,China,North Asia,APAC
Bayonne-Aquitaine-France,Bayonne,Aquitaine,France,Central,EU
Pertuis-Provence-Alpes-Côte d'Azur-France,Pertuis,Provence-Alpes-Côte d'Azur,France,Central,EU
Bhilai-Chhattisgarh-India,Bhilai,Chhattisgarh,India,Central Asia,APAC
Medellín-Antioquia-Colombia,Medellín,Antioquia,Colombia,South,LATAM
Naumburg-Saxony-Anhalt-Germany,Naumburg,Saxony-Anhalt,Germany,Central,EU
Dhule-Maharashtra-India,Dhule,Maharashtra,India,Central Asia,APAC
West Palm Beach-Florida-United States,West Palm Beach,Florida,United States,South,US
Chemnitz-Saxony-Germany,Chemnitz,Saxony,Germany,Central,EU
Vigneux-sur-Seine-Ile-de-France-France,Vigneux-sur-Seine,Ile-de-France,France,Central,EU
Herne-North Rhine-Westphalia-Germany,Herne,North Rhine-Westphalia,Germany,Central,EU
Latina-Lazio-Italy,Latina,Lazio,Italy,South,EU
Pessac-Aquitaine-France,Pessac,Aquitaine,France,Central,EU
Meaux-Ile-de-France-France,Meaux,Ile-de-France,France,Central,EU
Rockville-Maryland-United States,Rockville,Maryland,United States,East,US
Tampa-Florida-United States,Tampa,Florida,United States,South,US
Antony-Ile-de-France-France,Antony,Ile-de-France,France,Central,EU
Virginia Beach-Virginia-United States,Virginia Beach,Virginia,United States,South,US
Tetouan-Tanger-Tétouan-Morocco,Tetouan,Tanger-Tétouan,Morocco,Africa,Africa
Torquay-England-United Kingdom,Torquay,England,United Kingdom,North,EU
Adelaide-South Australia-Australia,Adelaide,South Australia,Australia,Oceania,APAC
Brantford-Ontario-Canada,Brantford,Ontario,Canada,Canada,Canada
Ipiales-Nariño-Colombia,Ipiales,Nariño,Colombia,South,LATAM
Kendari-Sulawesi Tenggara-Indonesia,Kendari,Sulawesi Tenggara,Indonesia,Southeast Asia,APAC
Malden-Massachusetts-United States,Malden,Massachusetts,United States,East,US
Tourcoing-Nord-Pas-de-Calais-France,Tourcoing,Nord-Pas-de-Calais,France,Central,EU
Blackburn-England-United Kingdom,Blackburn,England,United Kingdom,North,EU
Beira-Sofala-Mozambique,Beira,Sofala,Mozambique,Africa,Africa
Kumba-Sud-Ouest-Cameroon,Kumba,Sud-Ouest,Cameroon,Africa,Africa
Friedrichshafen-Baden-Württemberg-Germany,Friedrichshafen,Baden-Württemberg,Germany,Central,EU
Rach Gia-Kiên Giang-Vietnam,Rach Gia,Kiên Giang,Vietnam,Southeast Asia,APAC
Marlborough-Massachusetts-United States,Marlborough,Massachusetts,United States,East,US
Ibagué-Tolima-Colombia,Ibagué,Tolima,Colombia,South,LATAM
Izmir-Izmir-Turkey,Izmir,Izmir,Turkey,EMEA,EMEA
Solihull-England-United Kingdom,Solihull,England,United Kingdom,North,EU
New Brunswick-New Jersey-United States,New Brunswick,New Jersey,United States,East,US
Matsubara-Oita-Japan,Matsubara,Oita,Japan,North Asia,APAC
Randers-Central Jutland-Denmark,Randers,Central Jutland,Denmark,North,EU
Portici-Campania-Italy,Portici,Campania,Italy,South,EU
Madison-Wisconsin-United States,Madison,Wisconsin,United States,Central,US
Briton Ferry-Wales-United Kingdom,Briton Ferry,Wales,United Kingdom,North,EU
Fontaine-Rhône-Alpes-France,Fontaine,Rhône-Alpes,France,Central,EU
Chililabombwe-Copperbelt-Zambia,Chililabombwe,Copperbelt,Zambia,Africa,Africa
La Ciotat-Provence-Alpes-Côte d'Azur-France,La Ciotat,Provence-Alpes-Côte d'Azur,France,Central,EU
Barcelona-Anzoátegui-Venezuela,Barcelona,Anzoátegui,Venezuela,South,LATAM
Gera-Thuringia-Germany,Gera,Thuringia,Germany,Central,EU
Kaluga-Kaluga-Russia,Kaluga,Kaluga,Russia,EMEA,EMEA
Springfield-Missouri-United States,Springfield,Missouri,United States,Central,US
Epworth-Harare-Zimbabwe,Epworth,Harare,Zimbabwe,Africa,Africa
Springfield-Virginia-United States,Springfield,Virginia,United States,South,US
Villahermosa-Tabasco-Mexico,Villahermosa,Tabasco,Mexico,North,LATAM
San Salvador-San Salvador-El Salvador,San Salvador,San Salvador,El Salvador,Central,LATAM
Kocaeli-Kocaeli-Turkey,Kocaeli,Kocaeli,Turkey,EMEA,EMEA
Vincennes-Ile-de-France-France,Vincennes,Ile-de-France,France,Central,EU
Bryan-Texas-United States,Bryan,Texas,United States,Central,US
Montfermeil-Ile-de-France-France,Montfermeil,Ile-de-France,France,Central,EU
Bron-Rhône-Alpes-France,Bron,Rhône-Alpes,France,Central,EU
Aix-en-Provence-Provence-Alpes-Côte d'Azur-France,Aix-en-Provence,Provence-Alpes-Côte d'Azur,France,Central,EU
Luanda-Luanda-Angola,Luanda,Luanda,Angola,Africa,Africa
Indaial-Santa Catarina-Brazil,Indaial,Santa Catarina,Brazil,South,LATAM
Giurgiu-Giurgiu-Romania,Giurgiu,Giurgiu,Romania,EMEA,EMEA
Masterton-Wellington-New Zealand,Masterton,Wellington,New Zealand,Oceania,APAC
Inegol-Bursa-Turkey,Inegol,Bursa,Turkey,EMEA,EMEA
Pembroke Pines-Florida-United States,Pembroke Pines,Florida,United States,South,US
Middlesbrough-England-United Kingdom,Middlesbrough,England,United Kingdom,North,EU
Eunápolis-Bahia-Brazil,Eunápolis,Bahia,Brazil,South,LATAM
Fontenay-sous-Bois-Ile-de-France-France,Fontenay-sous-Bois,Ile-de-France,France,Central,EU
Kawagoe-Saitama-Japan,Kawagoe,Saitama,Japan,North Asia,APAC
Pickering-Ontario-Canada,Pickering,Ontario,Canada,Canada,Canada
Jalalabad-Nangarhar-Afghanistan,Jalalabad,Nangarhar,Afghanistan,Central Asia,APAC
Facatativá-Cundinamarca-Colombia,Facatativá,Cundinamarca,Colombia,South,LATAM
Villeurbanne-Rhône-Alpes-France,Villeurbanne,Rhône-Alpes,France,Central,EU
Ipoh-Perak-Malaysia,Ipoh,Perak,Malaysia,Southeast Asia,APAC
Bastia-Corsica-France,Bastia,Corsica,France,Central,EU
Guaratinguetá-São Paulo-Brazil,Guaratinguetá,São Paulo,Brazil,South,LATAM
Exeter-England-United Kingdom,Exeter,England,United Kingdom,North,EU
Santa Clara-California-United States,Santa Clara,California,United States,West,US
Halifax-England-United Kingdom,Halifax,England,United Kingdom,North,EU
Colombo-Western-Sri Lanka,Colombo,Western,Sri Lanka,Central Asia,APAC
Ibadan-Oyo-Nigeria,Ibadan,Oyo,Nigeria,Africa,Africa
Andover-Massachusetts-United States,Andover,Massachusetts,United States,East,US
Calama-Antofagasta-Chile,Calama,Antofagasta,Chile,South,LATAM
Champaign-Illinois-United States,Champaign,Illinois,United States,Central,US
Roseville-Michigan-United States,Roseville,Michigan,United States,Central,US
José Bonifácio-São Paulo-Brazil,José Bonifácio,São Paulo,Brazil,South,LATAM
Margate-England-United Kingdom,Margate,England,United Kingdom,North,EU
Kinshasa-Kinshasa-Democratic Republic of the Congo,Kinshasa,Kinshasa,Democratic Republic of the Congo,Africa,Africa
Bacolod City-Western Visayas-Philippines,Bacolod City,Western Visayas,Philippines,Southeast Asia,APAC
Las Tunas-Las Tunas-Cuba,Las Tunas,Las Tunas,Cuba,Caribbean,LATAM
Pomona-California-United States,Pomona,California,United States,West,US
Passaic-New Jersey-United States,Passaic,New Jersey,United States,East,US
Bedford-Texas-United States,Bedford,Texas,United States,Central,US
Porto-Porto-Portugal,Porto,Porto,Portugal,South,EU
Jieshou-Anhui-China,Jieshou,Anhui,China,North Asia,APAC
Teramo-Abruzzi-Italy,Teramo,Abruzzi,Italy,South,EU
Zurich-Zürich-Switzerland,Zurich,Zürich,Switzerland,Central,EU
Al Minya-Al Minya-Egypt,Al Minya,Al Minya,Egypt,Africa,Africa
Eagan-Minnesota-United States,Eagan,Minnesota,United States,Central,US
Cabo Frio-Rio de Janeiro-Brazil,Cabo Frio,Rio de Janeiro,Brazil,South,LATAM
Gladbeck-North Rhine-Westphalia-Germany,Gladbeck,North Rhine-Westphalia,Germany,Central,EU
Villa Frontera-Coahuila-Mexico,Villa Frontera,Coahuila,Mexico,North,LATAM
Zunyi-Guizhou-China,Zunyi,Guizhou,China,North Asia,APAC
Leoben-Styria-Austria,Leoben,Styria,Austria,EMEA,EMEA
Drammen-Buskerud-Norway,Drammen,Buskerud,Norway,North,EU
Shashi-Hubei-China,Shashi,Hubei,China,North Asia,APAC
Huntington Beach-California-United States,Huntington Beach,California,United States,West,US
Sakai-Osaka-Japan,Sakai,Osaka,Japan,North Asia,APAC
Woodbury-Minnesota-United States,Woodbury,Minnesota,United States,Central,US
Nguigmi-Diffa-Niger,Nguigmi,Diffa,Niger,Africa,Africa
Chester-Pennsylvania-United States,Chester,Pennsylvania,United States,East,US
Aulnay-sous-Bois-Ile-de-France-France,Aulnay-sous-Bois,Ile-de-France,France,Central,EU
Plzen-Plzen-Czech Republic,Plzen,Plzen,Czech Republic,EMEA,EMEA
Castelnau-le-Lez-Languedoc-Roussillon-France,Castelnau-le-Lez,Languedoc-Roussillon,France,Central,EU
El Progreso-Yoro-Honduras,El Progreso,Yoro,Honduras,Central,LATAM
Juazeiro-Bahia-Brazil,Juazeiro,Bahia,Brazil,South,LATAM
Blumenau-Santa Catarina-Brazil,Blumenau,Santa Catarina,Brazil,South,LATAM
Zihuatanejo-Guerrero-Mexico,Zihuatanejo,Guerrero,Mexico,North,LATAM
Conselheiro Lafaiete-Minas Gerais-Brazil,Conselheiro Lafaiete,Minas Gerais,Brazil,South,LATAM
Potosí-Potosí-Bolivia,Potosí,Potosí,Bolivia,South,LATAM
Durres-Durrës-Albania,Durres,Durrës,Albania,EMEA,EMEA
Alice Springs-Northern Territory-Australia,Alice Springs,Northern Territory,Australia,Oceania,APAC
Turkmenabat-Lebap-Turkmenistan,Turkmenabat,Lebap,Turkmenistan,EMEA,EMEA
Tournai-Hainaut-Belgium,Tournai,Hainaut,Belgium,Central,EU
Foggia-Apulia-Italy,Foggia,Apulia,Italy,South,EU
Canakkale-Canakkale-Turkey,Canakkale,Canakkale,Turkey,EMEA,EMEA
Mutare-Manicaland-Zimbabwe,Mutare,Manicaland,Zimbabwe,Africa,Africa
Chimbote-Ancash-Peru,Chimbote,Ancash,Peru,South,LATAM
Kuching-Sarawak-Malaysia,Kuching,Sarawak,Malaysia,Southeast Asia,APAC
Ain Oussera-Djelfa-Algeria,Ain Oussera,Djelfa,Algeria,Africa,Africa
Bouake-Vallee Du Bandama-Cote d'Ivoire,Bouake,Vallee Du Bandama,Cote d'Ivoire,Africa,Africa
Da Nang-Dà Nang-Vietnam,Da Nang,Dà Nang,Vietnam,Southeast Asia,APAC
Libreville-Estuaire-Gabon,Libreville,Estuaire,Gabon,Africa,Africa
Vesoul-Franche-Comté-France,Vesoul,Franche-Comté,France,Central,EU
Ube-Yamaguchi-Japan,Ube,Yamaguchi,Japan,North Asia,APAC
Cabo de Santo Agostinho-Pernambuco-Brazil,Cabo de Santo Agostinho,Pernambuco,Brazil,South,LATAM
Uruguaiana-Rio Grande do Sul-Brazil,Uruguaiana,Rio Grande do Sul,Brazil,South,LATAM
Araçatuba-São Paulo-Brazil,Araçatuba,São Paulo,Brazil,South,LATAM
Piura-Piura-Peru,Piura,Piura,Peru,South,LATAM
Ciego de Ávila-Ciego de Ávila-Cuba,Ciego de Ávila,Ciego de Ávila,Cuba,Caribbean,LATAM
Londrina-Parana-Brazil,Londrina,Parana,Brazil,South,LATAM
Suihua-Heilongjiang-China,Suihua,Heilongjiang,China,North Asia,APAC
Loughborough-England-United Kingdom,Loughborough,England,United Kingdom,North,EU
Tamale-Northern-Ghana,Tamale,Northern,Ghana,Africa,Africa
Osmaniye-Osmaniye-Turkey,Osmaniye,Osmaniye,Turkey,EMEA,EMEA
Greensboro-North Carolina-United States,Greensboro,North Carolina,United States,South,US
Taldyqorghan-Almaty-Kazakhstan,Taldyqorghan,Almaty,Kazakhstan,EMEA,EMEA
Sosnowiec-Silesia-Poland,Sosnowiec,Silesia,Poland,EMEA,EMEA
Hereford-England-United Kingdom,Hereford,England,United Kingdom,North,EU
Ueda-Nagano-Japan,Ueda,Nagano,Japan,North Asia,APAC
Xintai-Shandong-China,Xintai,Shandong,China,North Asia,APAC
Cinisello Balsamo-Lombardy-Italy,Cinisello Balsamo,Lombardy,Italy,South,EU
Harlingen-Texas-United States,Harlingen,Texas,United States,Central,US
Paço do Lumiar-Maranhão-Brazil,Paço do Lumiar,Maranhão,Brazil,South,LATAM
Valencia-Carabobo-Venezuela,Valencia,Carabobo,Venezuela,South,LATAM
Jequié-Bahia-Brazil,Jequié,Bahia,Brazil,South,LATAM
Kirsehir-Kirsehir-Turkey,Kirsehir,Kirsehir,Turkey,EMEA,EMEA
Calais-Nord-Pas-de-Calais-France,Calais,Nord-Pas-de-Calais,France,Central,EU
Babol-Mazandaran-Iran,Babol,Mazandaran,Iran,EMEA,EMEA
Capannori-Tuscany-Italy,Capannori,Tuscany,Italy,South,EU
Tuzla-Federation of Bosnia and Herzegovina-Bosnia and Herzegovina,Tuzla,Federation of Bosnia and Herzegovina,Bosnia and Herzegovina,EMEA,EMEA
Tallahassee-Florida-United States,Tallahassee,Florida,United States,South,US
Muzaffarpur-Bihar-India,Muzaffarpur,Bihar,India,Central Asia,APAC
Yaritagua-Yaracuy-Venezuela,Yaritagua,Yaracuy,Venezuela,South,LATAM
Bhavnagar-Gujarat-India,Bhavnagar,Gujarat,India,Central Asia,APAC
San Juan-San Juan-Argentina,San Juan,San Juan,Argentina,South,LATAM
Oradea-Bihor-Romania,Oradea,Bihor,Romania,EMEA,EMEA
Yanji-Jilin-China,Yanji,Jilin,China,North Asia,APAC
Edinburg-Texas-United States,Edinburg,Texas,United States,Central,US
Huancayo-Junín-Peru,Huancayo,Junín,Peru,South,LATAM
Paderborn-North Rhine-Westphalia-Germany,Paderborn,North Rhine-Westphalia,Germany,Central,EU
Les Clayes-sous-Bois-Ile-de-France-France,Les Clayes-sous-Bois,Ile-de-France,France,Central,EU
Kettering-England-United Kingdom,Kettering,England,United Kingdom,North,EU
Saint-Ouen-Ile-de-France-France,Saint-Ouen,Ile-de-France,France,Central,EU
Marbella-Andalusía-Spain,Marbella,Andalusía,Spain,South,EU
Red Deer-Alberta-Canada,Red Deer,Alberta,Canada,Canada,Canada
Warrnambool-Victoria-Australia,Warrnambool,Victoria,Australia,Oceania,APAC
Crewe-England-United Kingdom,Crewe,England,United Kingdom,North,EU
Fengcheng-Liaoning-China,Fengcheng,Liaoning,China,North Asia,APAC
Goldsboro-North Carolina-United States,Goldsboro,North Carolina,United States,South,US
Tatuí-São Paulo-Brazil,Tatuí,São Paulo,Brazil,South,LATAM
Malanje-Malanje-Angola,Malanje,Malanje,Angola,Africa,Africa
Maple Grove-Minnesota-United States,Maple Grove,Minnesota,United States,Central,US
Cholula-Puebla-Mexico,Cholula,Puebla,Mexico,North,LATAM
Rochester Hills-Michigan-United States,Rochester Hills,Michigan,United States,Central,US
Registro-São Paulo-Brazil,Registro,São Paulo,Brazil,South,LATAM
Villingen-Schwenningen-Baden-Württemberg-Germany,Villingen-Schwenningen,Baden-Württemberg,Germany,Central,EU
Foumban-Ouest-Cameroon,Foumban,Ouest,Cameroon,Africa,Africa
Lambaré-Central-Paraguay,Lambaré,Central,Paraguay,South,LATAM
Chinandega-Chinandega-Nicaragua,Chinandega,Chinandega,Nicaragua,Central,LATAM
Gagnoa-Fromager-Cote d'Ivoire,Gagnoa,Fromager,Cote d'Ivoire,Africa,Africa
São José dos Campos-São Paulo-Brazil,São José dos Campos,São Paulo,Brazil,South,LATAM
Brindisi-Apulia-Italy,Brindisi,Apulia,Italy,South,EU
Rize-Rize-Turkey,Rize,Rize,Turkey,EMEA,EMEA
Kitchener-Ontario-Canada,Kitchener,Ontario,Canada,Canada,Canada
Lisieux-Lower Normandy-France,Lisieux,Lower Normandy,France,Central,EU
Sant Boi de Llobregat-Catalonia-Spain,Sant Boi de Llobregat,Catalonia,Spain,South,EU
Coral Springs-Florida-United States,Coral Springs,Florida,United States,South,US
Açu-Rio Grande do Norte-Brazil,Açu,Rio Grande do Norte,Brazil,South,LATAM
Elazig-Elazig-Turkey,Elazig,Elazig,Turkey,EMEA,EMEA
Suwon-Gyeonggi-South Korea,Suwon,Gyeonggi,South Korea,North Asia,APAC
Madurai-Tamil Nadu-India,Madurai,Tamil Nadu,India,Central Asia,APAC
Chingola-Copperbelt-Zambia,Chingola,Copperbelt,Zambia,Africa,Africa
Bekasi-Jawa Barat-Indonesia,Bekasi,Jawa Barat,Indonesia,Southeast Asia,APAC
Karaman-Karaman-Turkey,Karaman,Karaman,Turkey,EMEA,EMEA
Campo Limpo Paulista-São Paulo-Brazil,Campo Limpo Paulista,São Paulo,Brazil,South,LATAM
Broken Arrow-Oklahoma-United States,Broken Arrow,Oklahoma,United States,Central,US
Strasbourg-Alsace-France,Strasbourg,Alsace,France,Central,EU
Kalyan-Maharashtra-India,Kalyan,Maharashtra,India,Central Asia,APAC
Swansea-Wales-United Kingdom,Swansea,Wales,United Kingdom,North,EU
Mbeya-Mbeya-Tanzania,Mbeya,Mbeya,Tanzania,Africa,Africa
Kafr ad Dawwar-Al Buhayrah-Egypt,Kafr ad Dawwar,Al Buhayrah,Egypt,Africa,Africa
Rovigo-Veneto-Italy,Rovigo,Veneto,Italy,South,EU
Cottbus-Brandenburg-Germany,Cottbus,Brandenburg,Germany,Central,EU
Bury-England-United Kingdom,Bury,England,United Kingdom,North,EU
Tulsa-Oklahoma-United States,Tulsa,Oklahoma,United States,Central,US
Gorakhpur-Uttar Pradesh-India,Gorakhpur,Uttar Pradesh,India,Central Asia,APAC
Hardenberg-Overijssel-Netherlands,Hardenberg,Overijssel,Netherlands,Central,EU
Birmingham-England-United Kingdom,Birmingham,England,United Kingdom,North,EU
Sioux Falls-South Dakota-United States,Sioux Falls,South Dakota,United States,Central,US
Acuña-Coahuila-Mexico,Acuña,Coahuila,Mexico,North,LATAM
Cuxhaven-Lower Saxony-Germany,Cuxhaven,Lower Saxony,Germany,Central,EU
Yokkaichi-Mie-Japan,Yokkaichi,Mie,Japan,North Asia,APAC
Portland-Oregon-United States,Portland,Oregon,United States,West,US
Pasadena-Texas-United States,Pasadena,Texas,United States,Central,US
Fairfield-Connecticut-United States,Fairfield,Connecticut,United States,East,US
Saint-Louis-Alsace-France,Saint-Louis,Alsace,France,Central,EU
Bradford-England-United Kingdom,Bradford,England,United Kingdom,North,EU
Fianarantsoa-Haute-Matsiatra-Madagascar,Fianarantsoa,Haute-Matsiatra,Madagascar,Africa,Africa
Toyohashi-Aichi-Japan,Toyohashi,Aichi,Japan,North Asia,APAC
Courbevoie-Ile-de-France-France,Courbevoie,Ile-de-France,France,Central,EU
Montreuil-Ile-de-France-France,Montreuil,Ile-de-France,France,Central,EU
Tamworth-England-United Kingdom,Tamworth,England,United Kingdom,North,EU
Wakefield-England-United Kingdom,Wakefield,England,United Kingdom,North,EU
Dabrowa Gornicza-Silesia-Poland,Dabrowa Gornicza,Silesia,Poland,EMEA,EMEA
Amatitlán-Guatemala-Guatemala,Amatitlán,Guatemala,Guatemala,Central,LATAM
Mackay-Queensland-Australia,Mackay,Queensland,Australia,Oceania,APAC
Xuzhou-Jiangsu-China,Xuzhou,Jiangsu,China,North Asia,APAC
Montevideo-Montevideo-Uruguay,Montevideo,Montevideo,Uruguay,South,LATAM
Willich-North Rhine-Westphalia-Germany,Willich,North Rhine-Westphalia,Germany,Central,EU
Bingol-Bingol-Turkey,Bingol,Bingol,Turkey,EMEA,EMEA
Floriano-Piauí-Brazil,Floriano,Piauí,Brazil,South,LATAM
Haguenau-Alsace-France,Haguenau,Alsace,France,Central,EU
Gresham-Oregon-United States,Gresham,Oregon,United States,West,US
Rancagua-O'Higgins-Chile,Rancagua,O'Higgins,Chile,South,LATAM
Cuiabá-Mato Grosso-Brazil,Cuiabá,Mato Grosso,Brazil,South,LATAM
Aydin-Aydin-Turkey,Aydin,Aydin,Turkey,EMEA,EMEA
Santa Fe-Santa Fe-Argentina,Santa Fe,Santa Fe,Argentina,South,LATAM
Meudon-Ile-de-France-France,Meudon,Ile-de-France,France,Central,EU
Cúa-Miranda-Venezuela,Cúa,Miranda,Venezuela,South,LATAM
Deventer-Overijssel-Netherlands,Deventer,Overijssel,Netherlands,Central,EU
Taranto-Apulia-Italy,Taranto,Apulia,Italy,South,EU
Vinnytsya-Vinnytsya-Ukraine,Vinnytsya,Vinnytsya,Ukraine,EMEA,EMEA
Harare-Harare-Zimbabwe,Harare,Harare,Zimbabwe,Africa,Africa
Ivry-sur-Seine-Ile-de-France-France,Ivry-sur-Seine,Ile-de-France,France,Central,EU
Holguín-Holguín-Cuba,Holguín,Holguín,Cuba,Caribbean,LATAM
Rosario-Santa Fe-Argentina,Rosario,Santa Fe,Argentina,South,LATAM
Lyon-Rhône-Alpes-France,Lyon,Rhône-Alpes,France,Central,EU
Villach-Carinthia-Austria,Villach,Carinthia,Austria,Central,EU
Hirakata-Osaka-Japan,Hirakata,Osaka,Japan,North Asia,APAC
Littlehampton-England-United Kingdom,Littlehampton,England,United Kingdom,North,EU
Jundiaí-São Paulo-Brazil,Jundiaí,São Paulo,Brazil,South,LATAM
Mathura-Uttar Pradesh-India,Mathura,Uttar Pradesh,India,Central Asia,APAC
Roubaix-Nord-Pas-de-Calais-France,Roubaix,Nord-Pas-de-Calais,France,Central,EU
Poole-England-United Kingdom,Poole,England,United Kingdom,North,EU
Chalus-Mazandaran-Iran,Chalus,Mazandaran,Iran,EMEA,EMEA
Paraná-Entre Ríos-Argentina,Paraná,Entre Ríos,Argentina,South,LATAM
Sanford-Florida-United States,Sanford,Florida,United States,South,US
Gulfport-Mississippi-United States,Gulfport,Mississippi,United States,South,US
Antibes-Provence-Alpes-Côte d'Azur-France,Antibes,Provence-Alpes-Côte d'Azur,France,Central,EU
Shagamu-Ogun-Nigeria,Shagamu,Ogun,Nigeria,Africa,Africa
Orsha-Vitsyebsk-Belarus,Orsha,Vitsyebsk,Belarus,EMEA,EMEA
Getxo-Basque Country-Spain,Getxo,Basque Country,Spain,South,EU
Vallejo-California-United States,Vallejo,California,United States,West,US
Capua-Campania-Italy,Capua,Campania,Italy,South,EU
Oosterhout-North Brabant-Netherlands,Oosterhout,North Brabant,Netherlands,Central,EU
Baguio City-Cordillera-Philippines,Baguio City,Cordillera,Philippines,Southeast Asia,APAC
Duisburg-North Rhine-Westphalia-Germany,Duisburg,North Rhine-Westphalia,Germany,Central,EU
Manacapuru-Amazonas-Brazil,Manacapuru,Amazonas,Brazil,South,LATAM
Inglewood-California-United States,Inglewood,California,United States,West,US
Sandakan-Sabah-Malaysia,Sandakan,Sabah,Malaysia,Southeast Asia,APAC
Foligno-Umbria-Italy,Foligno,Umbria,Italy,South,EU
Cape Town-Western Cape-South Africa,Cape Town,Western Cape,South Africa,Africa,Africa
Acerra-Campania-Italy,Acerra,Campania,Italy,South,EU
Rochefort-Poitou-Charentes-France,Rochefort,Poitou-Charentes,France,Central,EU
Concepción del Uruguay-Entre Ríos-Argentina,Concepción del Uruguay,Entre Ríos,Argentina,South,LATAM
Beni Mellal-Tadla-Azilal-Morocco,Beni Mellal,Tadla-Azilal,Morocco,Africa,Africa
Everett-Washington-United States,Everett,Washington,United States,West,US
Itapecerica da Serra-São Paulo-Brazil,Itapecerica da Serra,São Paulo,Brazil,South,LATAM
Toowoomba-Queensland-Australia,Toowoomba,Queensland,Australia,Oceania,APAC
Lannion-Brittany-France,Lannion,Brittany,France,Central,EU
Royal Oak-Michigan-United States,Royal Oak,Michigan,United States,Central,US
Lanxi-Zhejiang-China,Lanxi,Zhejiang,China,North Asia,APAC
Hagen-North Rhine-Westphalia-Germany,Hagen,North Rhine-Westphalia,Germany,Central,EU
Matadi-Bas-Congo-Democratic Republic of the Congo,Matadi,Bas-Congo,Democratic Republic of the Congo,Africa,Africa
Sarcelles-Ile-de-France-France,Sarcelles,Ile-de-France,France,Central,EU
Bryansk-Bryansk-Russia,Bryansk,Bryansk,Russia,EMEA,EMEA
Saint Charles-Missouri-United States,Saint Charles,Missouri,United States,Central,US
Springfield-Ohio-United States,Springfield,Ohio,United States,East,US
Halle-North Rhine-Westphalia-Germany,Halle,North Rhine-Westphalia,Germany,Central,EU
Maracaibo-Zulia-Venezuela,Maracaibo,Zulia,Venezuela,South,LATAM
Medford-Oregon-United States,Medford,Oregon,United States,West,US
Cuajimalpa-Distrito Federal-Mexico,Cuajimalpa,Distrito Federal,Mexico,North,LATAM
Francisco Morato-São Paulo-Brazil,Francisco Morato,São Paulo,Brazil,South,LATAM
Puyang-Henan-China,Puyang,Henan,China,North Asia,APAC
Resita-Caras-Severin-Romania,Resita,Caras-Severin,Romania,EMEA,EMEA
Makeni-Northern-Sierra Leone,Makeni,Northern,Sierra Leone,Africa,Africa
Giyani-Limpopo-South Africa,Giyani,Limpopo,South Africa,Africa,Africa
Tallaght-South Dublin-Ireland,Tallaght,South Dublin,Ireland,North,EU
Chinautla-Guatemala-Guatemala,Chinautla,Guatemala,Guatemala,Central,LATAM
Wadi as Sir-'Amman-Jordan,Wadi as Sir,'Amman,Jordan,EMEA,EMEA
Piacenza-Emilia-Romagna-Italy,Piacenza,Emilia-Romagna,Italy,South,EU
Atlanta-Georgia-United States,Atlanta,Georgia,United States,South,US
Porto-Novo-Ouémé-Benin,Porto-Novo,Ouémé,Benin,Africa,Africa
Sunderland-England-United Kingdom,Sunderland,England,United Kingdom,North,EU
Battipaglia-Campania-Italy,Battipaglia,Campania,Italy,South,EU
Kawaguchi-Chiba-Japan,Kawaguchi,Chiba,Japan,North Asia,APAC
Harrow-England-United Kingdom,Harrow,England,United Kingdom,North,EU
Ilesha-Osun-Nigeria,Ilesha,Osun,Nigeria,Africa,Africa
Acámbaro-Guanajuato-Mexico,Acámbaro,Guanajuato,Mexico,North,LATAM
Maringá-Parana-Brazil,Maringá,Parana,Brazil,South,LATAM
Bengkulu-Bengkulu-Indonesia,Bengkulu,Bengkulu,Indonesia,Southeast Asia,APAC
Nizamabad-Telangana-India,Nizamabad,Telangana,India,Central Asia,APAC
Salon-de-Provence-Provence-Alpes-Côte d'Azur-France,Salon-de-Provence,Provence-Alpes-Côte d'Azur,France,Central,EU
Ibirité-Minas Gerais-Brazil,Ibirité,Minas Gerais,Brazil,South,LATAM
Silivri-Istanbul-Turkey,Silivri,Istanbul,Turkey,EMEA,EMEA
Clichy-sous-Bois-Ile-de-France-France,Clichy-sous-Bois,Ile-de-France,France,Central,EU
Bar-le-Duc-Lorraine-France,Bar-le-Duc,Lorraine,France,Central,EU
Anyang-Gyeonggi-South Korea,Anyang,Gyeonggi,South Korea,North Asia,APAC
Guelph-Ontario-Canada,Guelph,Ontario,Canada,Canada,Canada
Mossoró-Rio Grande do Norte-Brazil,Mossoró,Rio Grande do Norte,Brazil,South,LATAM
Girga-Suhaj-Egypt,Girga,Suhaj,Egypt,Africa,Africa
Alessandria-Piedmont-Italy,Alessandria,Piedmont,Italy,South,EU
Lagos de Moreno-Jalisco-Mexico,Lagos de Moreno,Jalisco,Mexico,North,LATAM
Chaoyang-Jilin-China,Chaoyang,Jilin,China,North Asia,APAC
Elmhurst-Illinois-United States,Elmhurst,Illinois,United States,Central,US
Quanzhou-Fujian-China,Quanzhou,Fujian,China,North Asia,APAC
Vancouver-Washington-United States,Vancouver,Washington,United States,West,US
Amersfoort-Utrecht-Netherlands,Amersfoort,Utrecht,Netherlands,Central,EU
Ludwigsfelde-Brandenburg-Germany,Ludwigsfelde,Brandenburg,Germany,Central,EU
St. John's-Newfoundland-Canada,St. John's,Newfoundland,Canada,Canada,Canada
Santiago del Estero-Santiago del Estero-Argentina,Santiago del Estero,Santiago del Estero,Argentina,South,LATAM
Siauliai-Šiauliai-Lithuania,Siauliai,Šiauliai,Lithuania,EMEA,EMEA
Draguignan-Provence-Alpes-Côte d'Azur-France,Draguignan,Provence-Alpes-Côte d'Azur,France,Central,EU
Minden-North Rhine-Westphalia-Germany,Minden,North Rhine-Westphalia,Germany,Central,EU
Torremolinos-Andalusía-Spain,Torremolinos,Andalusía,Spain,South,EU
Ujjain-Madhya Pradesh-India,Ujjain,Madhya Pradesh,India,Central Asia,APAC
Cankaya-Ankara-Turkey,Cankaya,Ankara,Turkey,EMEA,EMEA
Annaba-Annaba-Algeria,Annaba,Annaba,Algeria,Africa,Africa
Chincha Alta-Ica-Peru,Chincha Alta,Ica,Peru,South,LATAM
Vilhena-Rondônia-Brazil,Vilhena,Rondônia,Brazil,South,LATAM
Chenzhou-Hunan-China,Chenzhou,Hunan,China,North Asia,APAC
Bajos de Haina-San Cristóbal-Dominican Republic,Bajos de Haina,San Cristóbal,Dominican Republic,Caribbean,LATAM
Lorain-Ohio-United States,Lorain,Ohio,United States,East,US
Brownsville-Texas-United States,Brownsville,Texas,United States,Central,US
Chevilly-Larue-Ile-de-France-France,Chevilly-Larue,Ile-de-France,France,Central,EU
Dunedin-Otago-New Zealand,Dunedin,Otago,New Zealand,Oceania,APAC
Djibouti-Djibouti-Djibouti,Djibouti,Djibouti,Djibouti,Africa,Africa
San Fernando del Valle de Catamarca-Catamarca-Argentina,San Fernando del Valle de Catamarca,Catamarca,Argentina,South,LATAM
Salta-Salta-Argentina,Salta,Salta,Argentina,South,LATAM
Río Bravo-Tamaulipas-Mexico,Río Bravo,Tamaulipas,Mexico,North,LATAM
Wad Madani-Gezira-Sudan,Wad Madani,Gezira,Sudan,Africa,Africa
Dublin-Ohio-United States,Dublin,Ohio,United States,East,US
Luanshya-Copperbelt-Zambia,Luanshya,Copperbelt,Zambia,Africa,Africa
Albacete-Castile-La Mancha-Spain,Albacete,Castile-La Mancha,Spain,South,EU
Oakville-Ontario-Canada,Oakville,Ontario,Canada,Canada,Canada
Jambi-Jambi-Indonesia,Jambi,Jambi,Indonesia,Southeast Asia,APAC
Jilin-Jilin-China,Jilin,Jilin,China,North Asia,APAC
Lanzhou-Gansu-China,Lanzhou,Gansu,China,North Asia,APAC
Santa Cruz de la Sierra-Santa Cruz-Bolivia,Santa Cruz de la Sierra,Santa Cruz,Bolivia,South,LATAM
Licheng-Guangdong-China,Licheng,Guangdong,China,North Asia,APAC
Tijuana-Baja California-Mexico,Tijuana,Baja California,Mexico,North,LATAM
Cuyahoga Falls-Ohio-United States,Cuyahoga Falls,Ohio,United States,East,US
Warrington-England-United Kingdom,Warrington,England,United Kingdom,North,EU
Upplands Väsby-Stockholm-Sweden,Upplands Väsby,Stockholm,Sweden,North,EU
Ranchi-Jharkhand-India,Ranchi,Jharkhand,India,Central Asia,APAC
Aalst-East Flanders-Belgium,Aalst,East Flanders,Belgium,Central,EU
Sanary-sur-Mer-Provence-Alpes-Côte d'Azur-France,Sanary-sur-Mer,Provence-Alpes-Côte d'Azur,France,Central,EU
Barreirinhas-Maranhão-Brazil,Barreirinhas,Maranhão,Brazil,South,LATAM
Girón-Santander-Colombia,Girón,Santander,Colombia,South,LATAM
Villeneuve-la-Garenne-Ile-de-France-France,Villeneuve-la-Garenne,Ile-de-France,France,Central,EU
Ulan Bator-Ulaanbaatar-Mongolia,Ulan Bator,Ulaanbaatar,Mongolia,North Asia,APAC
Montpellier-Languedoc-Roussillon-France,Montpellier,Languedoc-Roussillon,France,Central,EU
Pocatello-Idaho-United States,Pocatello,Idaho,United States,West,US
Bulawayo-Bulawayo-Zimbabwe,Bulawayo,Bulawayo,Zimbabwe,Africa,Africa
Hermosillo-Sonora-Mexico,Hermosillo,Sonora,Mexico,North,LATAM
Beykoz-Istanbul-Turkey,Beykoz,Istanbul,Turkey,EMEA,EMEA
Fiumicino-Lazio-Italy,Fiumicino,Lazio,Italy,South,EU
Basingstoke-England-United Kingdom,Basingstoke,England,United Kingdom,North,EU
Sevran-Ile-de-France-France,Sevran,Ile-de-France,France,Central,EU
Concord-California-United States,Concord,California,United States,West,US
Saint-Jean-de-la-Ruelle-Centre-France,Saint-Jean-de-la-Ruelle,Centre,France,Central,EU
Ilo-Moquegua-Peru,Ilo,Moquegua,Peru,South,LATAM
Suzhou-Anhui-China,Suzhou,Anhui,China,North Asia,APAC
San Martín-Cuscatlán-El Salvador,San Martín,Cuscatlán,El Salvador,Central,LATAM
Castres-Midi-Pyrénées-France,Castres,Midi-Pyrénées,France,Central,EU
Louisville-Kentucky-United States,Louisville,Kentucky,United States,South,US
Sceaux-Ile-de-France-France,Sceaux,Ile-de-France,France,Central,EU
Cormeilles-en-Parisis-Ile-de-France-France,Cormeilles-en-Parisis,Ile-de-France,France,Central,EU
Southend-on-Sea-England-United Kingdom,Southend-on-Sea,England,United Kingdom,North,EU
East London-Eastern Cape-South Africa,East London,Eastern Cape,South Africa,Africa,Africa
Fuenlabrada-Madrid-Spain,Fuenlabrada,Madrid,Spain,South,EU
Guamúchil-Sinaloa-Mexico,Guamúchil,Sinaloa,Mexico,North,LATAM
Sumaré-São Paulo-Brazil,Sumaré,São Paulo,Brazil,South,LATAM
Canoas-Rio Grande do Sul-Brazil,Canoas,Rio Grande do Sul,Brazil,South,LATAM
Anshan-Liaoning-China,Anshan,Liaoning,China,North Asia,APAC
Antofagasta-Antofagasta-Chile,Antofagasta,Antofagasta,Chile,South,LATAM
Darlington-England-United Kingdom,Darlington,England,United Kingdom,North,EU
Uvarovo-Tambov-Russia,Uvarovo,Tambov,Russia,EMEA,EMEA
Gateshead-England-United Kingdom,Gateshead,England,United Kingdom,North,EU
Hagerstown-Maryland-United States,Hagerstown,Maryland,United States,East,US
Al Fayyum-Al Fayyum-Egypt,Al Fayyum,Al Fayyum,Egypt,Africa,Africa
Sarajevo-Federation of Bosnia and Herzegovina-Bosnia and Herzegovina,Sarajevo,Federation of Bosnia and Herzegovina,Bosnia and Herzegovina,EMEA,EMEA
Utica-New York-United States,Utica,New York,United States,East,US
Burnie-Tasmania-Australia,Burnie,Tasmania,Australia,Oceania,APAC
Herford-North Rhine-Westphalia-Germany,Herford,North Rhine-Westphalia,Germany,Central,EU
Loures-Lisboa-Portugal,Loures,Lisboa,Portugal,South,EU
Kharkiv-Kharkiv-Ukraine,Kharkiv,Kharkiv,Ukraine,EMEA,EMEA
Delgado-San Salvador-El Salvador,Delgado,San Salvador,El Salvador,Central,LATAM
Tirunelveli-Tamil Nadu-India,Tirunelveli,Tamil Nadu,India,Central Asia,APAC
Arras-Nord-Pas-de-Calais-France,Arras,Nord-Pas-de-Calais,France,Central,EU
Jieyang-Guangdong-China,Jieyang,Guangdong,China,North Asia,APAC
Ariquemes-Rondônia-Brazil,Ariquemes,Rondônia,Brazil,South,LATAM
General Escobedo-Nuevo León-Mexico,General Escobedo,Nuevo León,Mexico,North,LATAM
Guarapari-Espírito Santo-Brazil,Guarapari,Espírito Santo,Brazil,South,LATAM
Palaiseau-Ile-de-France-France,Palaiseau,Ile-de-France,France,Central,EU
Lubango-Huila-Angola,Lubango,Huila,Angola,Africa,Africa
Bishkek-Bishkek-Kyrgyzstan,Bishkek,Bishkek,Kyrgyzstan,EMEA,EMEA
Jonesboro-Arkansas-United States,Jonesboro,Arkansas,United States,South,US
Islamabad-F.C.T.-Pakistan,Islamabad,F.C.T.,Pakistan,Central Asia,APAC
Hastings-England-United Kingdom,Hastings,England,United Kingdom,North,EU
Kampala-Kampala-Uganda,Kampala,Kampala,Uganda,Africa,Africa
Norwich-England-United Kingdom,Norwich,England,United Kingdom,North,EU
Indianapolis-Indiana-United States,Indianapolis,Indiana,United States,Central,US
Salem-Oregon-United States,Salem,Oregon,United States,West,US
Salavat-Bashkortostan-Russia,Salavat,Bashkortostan,Russia,EMEA,EMEA
Saint Paul-Minnesota-United States,Saint Paul,Minnesota,United States,Central,US
Wetzlar-Hesse-Germany,Wetzlar,Hesse,Germany,Central,EU
Mecca-Makkah-Saudi Arabia,Mecca,Makkah,Saudi Arabia,EMEA,EMEA
La Porte-Indiana-United States,La Porte,Indiana,United States,Central,US
Wuzhou-Guangxi-China,Wuzhou,Guangxi,China,North Asia,APAC
Fort Collins-Colorado-United States,Fort Collins,Colorado,United States,West,US
Ensenada-Baja California-Mexico,Ensenada,Baja California,Mexico,North,LATAM
Mariupol'-Donetsk-Ukraine,Mariupol',Donetsk,Ukraine,EMEA,EMEA
Homyel'-Homyel'-Belarus,Homyel',Homyel',Belarus,EMEA,EMEA
Pforzheim-Baden-Württemberg-Germany,Pforzheim,Baden-Württemberg,Germany,Central,EU
Santa Helena-Maranhão-Brazil,Santa Helena,Maranhão,Brazil,South,LATAM
Quincy-Massachusetts-United States,Quincy,Massachusetts,United States,East,US
San Salvador de Jujuy-Jujuy-Argentina,San Salvador de Jujuy,Jujuy,Argentina,South,LATAM
Barretos-São Paulo-Brazil,Barretos,São Paulo,Brazil,South,LATAM
Kirovohrad-Kirovohrad-Ukraine,Kirovohrad,Kirovohrad,Ukraine,EMEA,EMEA
Fairfield-California-United States,Fairfield,California,United States,West,US
Oran-Oran-Algeria,Oran,Oran,Algeria,Africa,Africa
Fukuyama-Hiroshima-Japan,Fukuyama,Hiroshima,Japan,North Asia,APAC
Butare-Southern-Rwanda,Butare,Southern,Rwanda,Africa,Africa
Redlands-California-United States,Redlands,California,United States,West,US
Iskenderun-Hatay-Turkey,Iskenderun,Hatay,Turkey,EMEA,EMEA
Ottawa-Ontario-Canada,Ottawa,Ontario,Canada,Canada,Canada
Vienna-Vienna-Austria,Vienna,Vienna,Austria,EMEA,EMEA
Saharanpur-Uttar Pradesh-India,Saharanpur,Uttar Pradesh,India,Central Asia,APAC
Garforth-England-United Kingdom,Garforth,England,United Kingdom,North,EU
Dallas-Texas-United States,Dallas,Texas,United States,Central,US
Lençóis Paulista-São Paulo-Brazil,Lençóis Paulista,São Paulo,Brazil,South,LATAM
Riverside-California-United States,Riverside,California,United States,West,US
Kaifeng-Henan-China,Kaifeng,Henan,China,North Asia,APAC
Detmold-North Rhine-Westphalia-Germany,Detmold,North Rhine-Westphalia,Germany,Central,EU
Ilam-Ilam-Iran,Ilam,Ilam,Iran,EMEA,EMEA
Taraz-Zhambyl-Kazakhstan,Taraz,Zhambyl,Kazakhstan,EMEA,EMEA
Montgeron-Ile-de-France-France,Montgeron,Ile-de-France,France,Central,EU
Jining-Shandong-China,Jining,Shandong,China,North Asia,APAC
Igurusi-Mbeya-Tanzania,Igurusi,Mbeya,Tanzania,Africa,Africa
Amravati-Maharashtra-India,Amravati,Maharashtra,India,Central Asia,APAC
Redding-California-United States,Redding,California,United States,West,US
Tournefeuille-Midi-Pyrénées-France,Tournefeuille,Midi-Pyrénées,France,Central,EU
Chandler-Arizona-United States,Chandler,Arizona,United States,West,US
Waterloo-Iowa-United States,Waterloo,Iowa,United States,Central,US
Surubim-Pernambuco-Brazil,Surubim,Pernambuco,Brazil,South,LATAM
Abidjan-Lagunes-Cote d'Ivoire,Abidjan,Lagunes,Cote d'Ivoire,Africa,Africa
Amasya-Amasya-Turkey,Amasya,Amasya,Turkey,EMEA,EMEA
Argenteuil-Ile-de-France-France,Argenteuil,Ile-de-France,France,Central,EU
Anápolis-Goiás-Brazil,Anápolis,Goiás,Brazil,South,LATAM
Clarksville-Tennessee-United States,Clarksville,Tennessee,United States,South,US
Arcoverde-Pernambuco-Brazil,Arcoverde,Pernambuco,Brazil,South,LATAM
Melilla-Melilla-Spain,Melilla,Melilla,Spain,South,EU
Guimarães-Braga-Portugal,Guimarães,Braga,Portugal,South,EU
Ploemeur-Brittany-France,Ploemeur,Brittany,France,Central,EU
Ngaoundere-Adamaoua-Cameroon,Ngaoundere,Adamaoua,Cameroon,Africa,Africa
Puerto Montt-Los Lagos-Chile,Puerto Montt,Los Lagos,Chile,South,LATAM
Gelsenkirchen-North Rhine-Westphalia-Germany,Gelsenkirchen,North Rhine-Westphalia,Germany,Central,EU
Kikwit-Bandundu-Democratic Republic of the Congo,Kikwit,Bandundu,Democratic Republic of the Congo,Africa,Africa
Charallave-Miranda-Venezuela,Charallave,Miranda,Venezuela,South,LATAM
Etimesgut-Ankara-Turkey,Etimesgut,Ankara,Turkey,EMEA,EMEA
Neuilly-sur-Marne-Ile-de-France-France,Neuilly-sur-Marne,Ile-de-France,France,Central,EU
Houilles-Ile-de-France-France,Houilles,Ile-de-France,France,Central,EU
Brandenburg-Brandenburg-Germany,Brandenburg,Brandenburg,Germany,Central,EU
Bochum-North Rhine-Westphalia-Germany,Bochum,North Rhine-Westphalia,Germany,Central,EU
Zhangzhou-Fujian-China,Zhangzhou,Fujian,China,North Asia,APAC
Bamako-Bamako-Mali,Bamako,Bamako,Mali,Africa,Africa
Warsaw-Masovia-Poland,Warsaw,Masovia,Poland,EMEA,EMEA
San José de las Lajas-Mayabeque-Cuba,San José de las Lajas,Mayabeque,Cuba,Caribbean,LATAM
Markham-Ontario-Canada,Markham,Ontario,Canada,Canada,Canada
Recife-Pernambuco-Brazil,Recife,Pernambuco,Brazil,South,LATAM
Leiden-South Holland-Netherlands,Leiden,South Holland,Netherlands,Central,EU
Turku-Finland Proper-Finland,Turku,Finland Proper,Finland,North,EU
Kandahar-Kandahar-Afghanistan,Kandahar,Kandahar,Afghanistan,Central Asia,APAC
Lafayette-Indiana-United States,Lafayette,Indiana,United States,Central,US
Cheyenne-Wyoming-United States,Cheyenne,Wyoming,United States,West,US
Hangu-Tianjin-China,Hangu,Tianjin,China,North Asia,APAC
Villeneuve-d'Ascq-Nord-Pas-de-Calais-France,Villeneuve-d'Ascq,Nord-Pas-de-Calais,France,Central,EU
Arequipa-Arequipa-Peru,Arequipa,Arequipa,Peru,South,LATAM
London-England-United Kingdom,London,England,United Kingdom,North,EU
Leeuwarden-Friesland-Netherlands,Leeuwarden,Friesland,Netherlands,Central,EU
Angers-Pays de la Loire-France,Angers,Pays de la Loire,France,Central,EU
Angeles City-Central Luzon-Philippines,Angeles City,Central Luzon,Philippines,Southeast Asia,APAC
Woonsocket-Rhode Island-United States,Woonsocket,Rhode Island,United States,East,US
Louisville-Colorado-United States,Louisville,Colorado,United States,West,US
Bo-Southern-Sierra Leone,Bo,Southern,Sierra Leone,Africa,Africa
Akron-Ohio-United States,Akron,Ohio,United States,East,US
Des Plaines-Illinois-United States,Des Plaines,Illinois,United States,Central,US
Santa Fe-New Mexico-United States,Santa Fe,New Mexico,United States,West,US
El Prat de Llobregat-Catalonia-Spain,El Prat de Llobregat,Catalonia,Spain,South,EU
Jataí-Goiás-Brazil,Jataí,Goiás,Brazil,South,LATAM
Qiqihar-Heilongjiang-China,Qiqihar,Heilongjiang,China,North Asia,APAC
Antakya-Hatay-Turkey,Antakya,Hatay,Turkey,EMEA,EMEA
Bressuire-Poitou-Charentes-France,Bressuire,Poitou-Charentes,France,Central,EU
Hemel Hempstead-England-United Kingdom,Hemel Hempstead,England,United Kingdom,North,EU
Yuyao-Zhejiang-China,Yuyao,Zhejiang,China,North Asia,APAC
Lunel-Languedoc-Roussillon-France,Lunel,Languedoc-Roussillon,France,Central,EU
Zinder-Zinder-Niger,Zinder,Zinder,Niger,Africa,Africa
Tanta-Al Gharbiyah-Egypt,Tanta,Al Gharbiyah,Egypt,Africa,Africa
Durg-Chhattisgarh-India,Durg,Chhattisgarh,India,Central Asia,APAC
Canberra-Australian Capital Territory-Australia,Canberra,Australian Capital Territory,Australia,Oceania,APAC
Port Said-Bur Sa'id-Egypt,Port Said,Bur Sa'id,Egypt,Africa,Africa
Chelmsford-England-United Kingdom,Chelmsford,England,United Kingdom,North,EU
Kolhapur-Maharashtra-India,Kolhapur,Maharashtra,India,Central Asia,APAC
Igdir-Igdir-Turkey,Igdir,Igdir,Turkey,EMEA,EMEA
Kisumu-Nyanza-Kenya,Kisumu,Nyanza,Kenya,Africa,Africa
Barakaldo-Basque Country-Spain,Barakaldo,Basque Country,Spain,South,EU
Cruzeiro do Sul-Acre-Brazil,Cruzeiro do Sul,Acre,Brazil,South,LATAM
Saginaw-Michigan-United States,Saginaw,Michigan,United States,Central,US
Avellino-Campania-Italy,Avellino,Campania,Italy,South,EU
Sanliurfa-Sanliurfa-Turkey,Sanliurfa,Sanliurfa,Turkey,EMEA,EMEA
Hautmont-Nord-Pas-de-Calais-France,Hautmont,Nord-Pas-de-Calais,France,Central,EU
Meriden-Connecticut-United States,Meriden,Connecticut,United States,East,US
Modica-Sicily-Italy,Modica,Sicily,Italy,South,EU
Bedford-England-United Kingdom,Bedford,England,United Kingdom,North,EU
Chieti-Abruzzi-Italy,Chieti,Abruzzi,Italy,South,EU
Bangalore-Karnataka-India,Bangalore,Karnataka,India,Central Asia,APAC
Zamora-Castile and León-Spain,Zamora,Castile and León,Spain,South,EU
Porlamar-Nueva Esparta-Venezuela,Porlamar,Nueva Esparta,Venezuela,South,LATAM
Palmerston North-Manawatu-Wanganui-New Zealand,Palmerston North,Manawatu-Wanganui,New Zealand,Oceania,APAC
Nanchang-Jiangxi-China,Nanchang,Jiangxi,China,North Asia,APAC
Kissimmee-Florida-United States,Kissimmee,Florida,United States,South,US
Korce-Korçë-Albania,Korce,Korçë,Albania,EMEA,EMEA
Ribeirão Preto-São Paulo-Brazil,Ribeirão Preto,São Paulo,Brazil,South,LATAM
Shrewsbury-England-United Kingdom,Shrewsbury,England,United Kingdom,North,EU
Bebington-England-United Kingdom,Bebington,England,United Kingdom,North,EU
Monclova-Coahuila-Mexico,Monclova,Coahuila,Mexico,North,LATAM
Mcallen-Texas-United States,Mcallen,Texas,United States,Central,US
Balikpapan-Kalimantan Timur-Indonesia,Balikpapan,Kalimantan Timur,Indonesia,Southeast Asia,APAC
Les Pennes-Mirabeau-Provence-Alpes-Côte d'Azur-France,Les Pennes-Mirabeau,Provence-Alpes-Côte d'Azur,France,Central,EU
Arbil-Arbil-Iraq,Arbil,Arbil,Iraq,EMEA,EMEA
Malang-Jawa Timur-Indonesia,Malang,Jawa Timur,Indonesia,Southeast Asia,APAC
Jerusalem-Jerusalem-Israel,Jerusalem,Jerusalem,Israel,EMEA,EMEA
Fremont-Nebraska-United States,Fremont,Nebraska,United States,Central,US
Darmstadt-Hesse-Germany,Darmstadt,Hesse,Germany,Central,EU
Be'er Sheva-Southern-Israel,Be'er Sheva,Southern,Israel,EMEA,EMEA
Lahore-Punjab-Pakistan,Lahore,Punjab,Pakistan,Central Asia,APAC
Wasquehal-Nord-Pas-de-Calais-France,Wasquehal,Nord-Pas-de-Calais,France,Central,EU
Barasat-West Bengal-India,Barasat,West Bengal,India,Central Asia,APAC
Vassouras-Rio de Janeiro-Brazil,Vassouras,Rio de Janeiro,Brazil,South,LATAM
Saint-Herblain-Pays de la Loire-France,Saint-Herblain,Pays de la Loire,France,Central,EU
Waterbury-Connecticut-United States,Waterbury,Connecticut,United States,East,US
Kupang-Nusa Tenggara Timur-Indonesia,Kupang,Nusa Tenggara Timur,Indonesia,Southeast Asia,APAC
Laon-Picardy-France,Laon,Picardy,France,Central,EU
Livingstone-Southern-Zambia,Livingstone,Southern,Zambia,Africa,Africa
Les Abymes-Guadeloupe-Guadeloupe,Les Abymes,Guadeloupe,Guadeloupe,Caribbean,LATAM
Roseville-California-United States,Roseville,California,United States,West,US
Los Angeles-California-United States,Los Angeles,California,United States,West,US
Nashua-New Hampshire-United States,Nashua,New Hampshire,United States,East,US
Daqing-Heilongjiang-China,Daqing,Heilongjiang,China,North Asia,APAC
Pingxiang-Jiangxi-China,Pingxiang,Jiangxi,China,North Asia,APAC
Hamadan-Hamadan-Iran,Hamadan,Hamadan,Iran,EMEA,EMEA
Kenner-Louisiana-United States,Kenner,Louisiana,United States,South,US
Bari-Apulia-Italy,Bari,Apulia,Italy,South,EU
Westminster-California-United States,Westminster,California,United States,West,US
Querétaro-Querétaro-Mexico,Querétaro,Querétaro,Mexico,North,LATAM
Ambon-Maluku-Indonesia,Ambon,Maluku,Indonesia,Southeast Asia,APAC
Chaumont-Champagne-Ardenne-France,Chaumont,Champagne-Ardenne,France,Central,EU
Albury-New South Wales-Australia,Albury,New South Wales,Australia,Oceania,APAC
Whitby-Ontario-Canada,Whitby,Ontario,Canada,Canada,Canada
Mobile-Alabama-United States,Mobile,Alabama,United States,South,US
San Luis Obispo-California-United States,San Luis Obispo,California,United States,West,US
San Sebastian-Basque Country-Spain,San Sebastian,Basque Country,Spain,South,EU
Wenling-Zhejiang-China,Wenling,Zhejiang,China,North Asia,APAC
Kaunas-Kaunas-Lithuania,Kaunas,Kaunas,Lithuania,EMEA,EMEA
Groningen-Groningen-Netherlands,Groningen,Groningen,Netherlands,Central,EU
Zhangjiakou-Hebei-China,Zhangjiakou,Hebei,China,North Asia,APAC
Braga-Braga-Portugal,Braga,Braga,Portugal,South,EU
Al Mubarraz-Ash Sharqiyah-Saudi Arabia,Al Mubarraz,Ash Sharqiyah,Saudi Arabia,EMEA,EMEA
Rio Branco-Acre-Brazil,Rio Branco,Acre,Brazil,South,LATAM
Dar es Salaam-Dar Es Salaam-Tanzania,Dar es Salaam,Dar Es Salaam,Tanzania,Africa,Africa
Torquay-Queensland-Australia,Torquay,Queensland,Australia,Oceania,APAC
Iquitos-Loreto-Peru,Iquitos,Loreto,Peru,South,LATAM
Granada-Andalusía-Spain,Granada,Andalusía,Spain,South,EU
Ichikawa-Chiba-Japan,Ichikawa,Chiba,Japan,North Asia,APAC
Lusaka-Lusaka-Zambia,Lusaka,Lusaka,Zambia,Africa,Africa
Guanajuato-Guanajuato-Mexico,Guanajuato,Guanajuato,Mexico,North,LATAM
Soacha-Cundinamarca-Colombia,Soacha,Cundinamarca,Colombia,South,LATAM
Moissy-Cramayel-Ile-de-France-France,Moissy-Cramayel,Ile-de-France,France,Central,EU
Tarragona-Catalonia-Spain,Tarragona,Catalonia,Spain,South,EU
Flensburg-Schleswig-Holstein-Germany,Flensburg,Schleswig-Holstein,Germany,Central,EU
Emmen-Drenthe-Netherlands,Emmen,Drenthe,Netherlands,Central,EU
Datong-Shanxi-China,Datong,Shanxi,China,North Asia,APAC
Scottsdale-Arizona-United States,Scottsdale,Arizona,United States,West,US
Astana-Astana-Kazakhstan,Astana,Astana,Kazakhstan,EMEA,EMEA
Opole-Opole-Poland,Opole,Opole,Poland,EMEA,EMEA
Schiedam-South Holland-Netherlands,Schiedam,South Holland,Netherlands,Central,EU
Chuncheon-Gangwon-South Korea,Chuncheon,Gangwon,South Korea,North Asia,APAC
Kwinana-Western Australia-Australia,Kwinana,Western Australia,Australia,Oceania,APAC
Rajkot-Gujarat-India,Rajkot,Gujarat,India,Central Asia,APAC
Redondo Beach-California-United States,Redondo Beach,California,United States,West,US
Fatehpur-Rajasthan-India,Fatehpur,Rajasthan,India,Central Asia,APAC
Worthing-England-United Kingdom,Worthing,England,United Kingdom,North,EU
Sliven-Sliven-Bulgaria,Sliven,Sliven,Bulgaria,EMEA,EMEA
Lugoj-Timis-Romania,Lugoj,Timis,Romania,EMEA,EMEA
Huangshan-Anhui-China,Huangshan,Anhui,China,North Asia,APAC
Valparaíso-Valparaíso-Chile,Valparaíso,Valparaíso,Chile,South,LATAM
Zielona Gora-Lubusz-Poland,Zielona Gora,Lubusz,Poland,EMEA,EMEA
Yingcheng-Hubei-China,Yingcheng,Hubei,China,North Asia,APAC
Dourados-Mato Grosso do Sul-Brazil,Dourados,Mato Grosso do Sul,Brazil,South,LATAM
Billings-Montana-United States,Billings,Montana,United States,West,US
Elbeuf-Upper Normandy-France,Elbeuf,Upper Normandy,France,Central,EU
Chitungwiza-Harare-Zimbabwe,Chitungwiza,Harare,Zimbabwe,Africa,Africa
Grapevine-Texas-United States,Grapevine,Texas,United States,Central,US
Varese-Lombardy-Italy,Varese,Lombardy,Italy,South,EU
Izúcar de Matamoros-Puebla-Mexico,Izúcar de Matamoros,Puebla,Mexico,North,LATAM
Sakai-Ibaraki-Japan,Sakai,Ibaraki,Japan,North Asia,APAC
Acarigua-Portuguesa-Venezuela,Acarigua,Portuguesa,Venezuela,South,LATAM
Changshu-Jiangsu-China,Changshu,Jiangsu,China,North Asia,APAC
Epinal-Lorraine-France,Epinal,Lorraine,France,Central,EU
Várzea Grande-Mato Grosso-Brazil,Várzea Grande,Mato Grosso,Brazil,South,LATAM
Barletta-Apulia-Italy,Barletta,Apulia,Italy,South,EU
Harlow-England-United Kingdom,Harlow,England,United Kingdom,North,EU
Tyler-Texas-United States,Tyler,Texas,United States,Central,US
Pasig-National Capital-Philippines,Pasig,National Capital,Philippines,Southeast Asia,APAC
Innsbruck-Tyrol-Austria,Innsbruck,Tyrol,Austria,Central,EU
Brasília-Federal District-Brazil,Brasília,Federal District,Brazil,South,LATAM
Zigong-Sichuan-China,Zigong,Sichuan,China,North Asia,APAC
Itamaraju-Bahia-Brazil,Itamaraju,Bahia,Brazil,South,LATAM
Tieling-Liaoning-China,Tieling,Liaoning,China,North Asia,APAC
North Las Vegas-Nevada-United States,North Las Vegas,Nevada,United States,West,US
Neyshabur-Razavi Khorasan-Iran,Neyshabur,Razavi Khorasan,Iran,EMEA,EMEA
Murfreesboro-Tennessee-United States,Murfreesboro,Tennessee,United States,South,US
Matsudo-Chiba-Japan,Matsudo,Chiba,Japan,North Asia,APAC
Cúcuta-Norte de Santander-Colombia,Cúcuta,Norte de Santander,Colombia,South,LATAM
Raleigh-North Carolina-United States,Raleigh,North Carolina,United States,South,US
Maputo-Cidade De Maputo-Mozambique,Maputo,Cidade De Maputo,Mozambique,Africa,Africa
Houston-Texas-United States,Houston,Texas,United States,Central,US
Pamiers-Midi-Pyrénées-France,Pamiers,Midi-Pyrénées,France,Central,EU
Deer Park-Texas-United States,Deer Park,Texas,United States,Central,US
Dubbo-New South Wales-Australia,Dubbo,New South Wales,Australia,Oceania,APAC
Hinckley-England-United Kingdom,Hinckley,England,United Kingdom,North,EU
Kilis-Kilis-Turkey,Kilis,Kilis,Turkey,EMEA,EMEA
Toledo-Ohio-United States,Toledo,Ohio,United States,East,US
Hattingen-North Rhine-Westphalia-Germany,Hattingen,North Rhine-Westphalia,Germany,Central,EU
Banda Aceh-Aceh-Indonesia,Banda Aceh,Aceh,Indonesia,Southeast Asia,APAC
Lajeado-Rio Grande do Sul-Brazil,Lajeado,Rio Grande do Sul,Brazil,South,LATAM
Huelva-Andalusía-Spain,Huelva,Andalusía,Spain,South,EU
Limay-Ile-de-France-France,Limay,Ile-de-France,France,Central,EU
Masaya-Masaya-Nicaragua,Masaya,Masaya,Nicaragua,Central,LATAM
Binzhou-Shandong-China,Binzhou,Shandong,China,North Asia,APAC
Pinheiro-Maranhão-Brazil,Pinheiro,Maranhão,Brazil,South,LATAM
Likasi-Katanga-Democratic Republic of the Congo,Likasi,Katanga,Democratic Republic of the Congo,Africa,Africa
Morogoro-Morogoro-Tanzania,Morogoro,Morogoro,Tanzania,Africa,Africa
Changwon-Gyeongsangnam-South Korea,Changwon,Gyeongsangnam,South Korea,North Asia,APAC
Vaulx-en-Velin-Rhône-Alpes-France,Vaulx-en-Velin,Rhône-Alpes,France,Central,EU
Escondido-California-United States,Escondido,California,United States,West,US
Bahawalpur-Punjab-Pakistan,Bahawalpur,Punjab,Pakistan,Central Asia,APAC
Botshabelo-Free State-South Africa,Botshabelo,Free State,South Africa,Africa,Africa
Villa Alemana-Valparaíso-Chile,Villa Alemana,Valparaíso,Chile,South,LATAM
Betim-Minas Gerais-Brazil,Betim,Minas Gerais,Brazil,South,LATAM
Rustenburg-North-West-South Africa,Rustenburg,North-West,South Africa,Africa,Africa
Cártama-Andalusía-Spain,Cártama,Andalusía,Spain,South,EU
Ulan Bator-Ulaanbaatar-Mongolia,Ulan Bator,Ulaanbaatar,Mongolia,EMEA,EMEA
Mosul-Ninawa-Iraq,Mosul,Ninawa,Iraq,EMEA,EMEA
Malatya-Malatya-Turkey,Malatya,Malatya,Turkey,EMEA,EMEA
Bandundu-Bandundu-Democratic Republic of the Congo,Bandundu,Bandundu,Democratic Republic of the Congo,Africa,Africa
Ludwigsburg-Baden-Württemberg-Germany,Ludwigsburg,Baden-Württemberg,Germany,Central,EU
Tangerang-Jawa Barat-Indonesia,Tangerang,Jawa Barat,Indonesia,Southeast Asia,APAC
Soledad-Atlántico-Colombia,Soledad,Atlántico,Colombia,South,LATAM
Vitória-Espírito Santo-Brazil,Vitória,Espírito Santo,Brazil,South,LATAM
Baranagar-West Bengal-India,Baranagar,West Bengal,India,Central Asia,APAC
Kadoma-Mashonaland West-Zimbabwe,Kadoma,Mashonaland West,Zimbabwe,Africa,Africa
Edea-Littoral-Cameroon,Edea,Littoral,Cameroon,Africa,Africa
Klagenfurt-Carinthia-Austria,Klagenfurt,Carinthia,Austria,EMEA,EMEA
Durham-North Carolina-United States,Durham,North Carolina,United States,South,US
Hanover-Lower Saxony-Germany,Hanover,Lower Saxony,Germany,Central,EU
Paracatu-Minas Gerais-Brazil,Paracatu,Minas Gerais,Brazil,South,LATAM
Eragny-Ile-de-France-France,Eragny,Ile-de-France,France,Central,EU
Gorgan-Golestan-Iran,Gorgan,Golestan,Iran,EMEA,EMEA
Sinop-Mato Grosso-Brazil,Sinop,Mato Grosso,Brazil,South,LATAM
Cadereyta-Nuevo León-Mexico,Cadereyta,Nuevo León,Mexico,North,LATAM
Portsmouth-England-United Kingdom,Portsmouth,England,United Kingdom,North,EU
Ghent-East Flanders-Belgium,Ghent,East Flanders,Belgium,Central,EU
Khmel'nyts'kyy-Khmel'nyts'kyy-Ukraine,Khmel'nyts'kyy,Khmel'nyts'kyy,Ukraine,EMEA,EMEA
Lubumbashi-Katanga-Democratic Republic of the Congo,Lubumbashi,Katanga,Democratic Republic of the Congo,Africa,Africa
Vitória da Conquista-Bahia-Brazil,Vitória da Conquista,Bahia,Brazil,South,LATAM
Ardabil-Ardabil-Iran,Ardabil,Ardabil,Iran,EMEA,EMEA
Managua-Managua-Nicaragua,Managua,Managua,Nicaragua,Central,LATAM
Vichy-Auvergne-France,Vichy,Auvergne,France,Central,EU
Saint Peters-Missouri-United States,Saint Peters,Missouri,United States,Central,US
Cairo-Al Qahirah-Egypt,Cairo,Al Qahirah,Egypt,Africa,Africa
Franklin-Tennessee-United States,Franklin,Tennessee,United States,South,US
Anantapur-Andhra Pradesh-India,Anantapur,Andhra Pradesh,India,Central Asia,APAC
Bayreuth-Bavaria-Germany,Bayreuth,Bavaria,Germany,Central,EU
Baqubah-Diyala-Iraq,Baqubah,Diyala,Iraq,EMEA,EMEA
Nagpur-Maharashtra-India,Nagpur,Maharashtra,India,Central Asia,APAC
Multan-Punjab-Pakistan,Multan,Punjab,Pakistan,Central Asia,APAC
Wolverhampton-England-United Kingdom,Wolverhampton,England,United Kingdom,North,EU
Mahajanga-Boeny-Madagascar,Mahajanga,Boeny,Madagascar,Africa,Africa
Nice-Provence-Alpes-Côte d'Azur-France,Nice,Provence-Alpes-Côte d'Azur,France,Central,EU
Ramnicu Valcea-Valcea-Romania,Ramnicu Valcea,Valcea,Romania,EMEA,EMEA
Parma-Emilia-Romagna-Italy,Parma,Emilia-Romagna,Italy,South,EU
Keller-Texas-United States,Keller,Texas,United States,Central,US
Guanare-Portuguesa-Venezuela,Guanare,Portuguesa,Venezuela,South,LATAM
Shangyu-Zhejiang-China,Shangyu,Zhejiang,China,North Asia,APAC
Mejicanos-San Salvador-El Salvador,Mejicanos,San Salvador,El Salvador,Central,LATAM
Caçador-Santa Catarina-Brazil,Caçador,Santa Catarina,Brazil,South,LATAM
Grenoble-Rhône-Alpes-France,Grenoble,Rhône-Alpes,France,Central,EU
Ashgabat-Ashgabat-Turkmenistan,Ashgabat,Ashgabat,Turkmenistan,EMEA,EMEA
Benin City-Edo-Nigeria,Benin City,Edo,Nigeria,Africa,Africa
Iranshahr-Sistan Va Baluchestan-Iran,Iranshahr,Sistan Va Baluchestan,Iran,EMEA,EMEA
Englewood-Colorado-United States,Englewood,Colorado,United States,West,US
Cannes-Provence-Alpes-Côte d'Azur-France,Cannes,Provence-Alpes-Côte d'Azur,France,Central,EU
Gómez Palacio-Durango-Mexico,Gómez Palacio,Durango,Mexico,North,LATAM
Arlington Heights-Illinois-United States,Arlington Heights,Illinois,United States,Central,US
Yokkaichi-Oita-Japan,Yokkaichi,Oita,Japan,North Asia,APAC
Volksrust-Mpumalanga-South Africa,Volksrust,Mpumalanga,South Africa,Africa,Africa
Gravesend-England-United Kingdom,Gravesend,England,United Kingdom,North,EU
Santa Ana-Santa Ana-El Salvador,Santa Ana,Santa Ana,El Salvador,Central,LATAM
Bologna-Emilia-Romagna-Italy,Bologna,Emilia-Romagna,Italy,South,EU
Tanga-Tanga-Tanzania,Tanga,Tanga,Tanzania,Africa,Africa
Decatur-Alabama-United States,Decatur,Alabama,United States,South,US
Hazebrouck-Nord-Pas-de-Calais-France,Hazebrouck,Nord-Pas-de-Calais,France,Central,EU
Gongzhuling-Jilin-China,Gongzhuling,Jilin,China,North Asia,APAC
Sanya-Hainan-China,Sanya,Hainan,China,North Asia,APAC
Hohhot-Inner Mongolia-China,Hohhot,Inner Mongolia,China,North Asia,APAC
Ashdod-Southern-Israel,Ashdod,Southern,Israel,EMEA,EMEA
Kulob-Khatlon-Tajikistan,Kulob,Khatlon,Tajikistan,EMEA,EMEA
Griffith-New South Wales-Australia,Griffith,New South Wales,Australia,Oceania,APAC
Bad Waldsee-Baden-Württemberg-Germany,Bad Waldsee,Baden-Württemberg,Germany,Central,EU
Omaha-Nebraska-United States,Omaha,Nebraska,United States,Central,US
Arzgir-Stavropol'-Russia,Arzgir,Stavropol',Russia,EMEA,EMEA
Halluin-Nord-Pas-de-Calais-France,Halluin,Nord-Pas-de-Calais,France,Central,EU
Saqqez-Kordestan-Iran,Saqqez,Kordestan,Iran,EMEA,EMEA
Long Beach-California-United States,Long Beach,California,United States,West,US
Aachen-North Rhine-Westphalia-Germany,Aachen,North Rhine-Westphalia,Germany,Central,EU
Lucknow-Uttar Pradesh-India,Lucknow,Uttar Pradesh,India,Central Asia,APAC
Barrie-Ontario-Canada,Barrie,Ontario,Canada,Canada,Canada
Les Ulis-Ile-de-France-France,Les Ulis,Ile-de-France,France,Central,EU
Redditch-England-United Kingdom,Redditch,England,United Kingdom,North,EU
Sohag-Suhaj-Egypt,Sohag,Suhaj,Egypt,Africa,Africa
Winnipeg-Manitoba-Canada,Winnipeg,Manitoba,Canada,Canada,Canada
Montesson-Ile-de-France-France,Montesson,Ile-de-France,France,Central,EU
Santa Ana-California-United States,Santa Ana,California,United States,West,US
Krugersdorp-Gauteng-South Africa,Krugersdorp,Gauteng,South Africa,Africa,Africa
Myslowice-Silesia-Poland,Myslowice,Silesia,Poland,EMEA,EMEA
Antalya-Antalya-Turkey,Antalya,Antalya,Turkey,EMEA,EMEA
Ponferrada-Castile and León-Spain,Ponferrada,Castile and León,Spain,South,EU
Missoula-Montana-United States,Missoula,Montana,United States,West,US
Changchun-Jilin-China,Changchun,Jilin,China,North Asia,APAC
Olathe-Kansas-United States,Olathe,Kansas,United States,Central,US
Murrieta-California-United States,Murrieta,California,United States,West,US
Bujumbura-Bujumbura-Mairie-Burundi,Bujumbura,Bujumbura-Mairie,Burundi,Africa,Africa
Changzhi-Shanxi-China,Changzhi,Shanxi,China,North Asia,APAC
Mantes-la-Ville-Ile-de-France-France,Mantes-la-Ville,Ile-de-France,France,Central,EU
Stanger-Kwazulu-natal-South Africa,Stanger,Kwazulu-natal,South Africa,Africa,Africa
Seremban-Negeri Sembilan-Malaysia,Seremban,Negeri Sembilan,Malaysia,Southeast Asia,APAC
Santarém-Pará-Brazil,Santarém,Pará,Brazil,South,LATAM
Eastbourne-England-United Kingdom,Eastbourne,England,United Kingdom,North,EU
Ratlam-Madhya Pradesh-India,Ratlam,Madhya Pradesh,India,Central Asia,APAC
Liaoyuan-Jilin-China,Liaoyuan,Jilin,China,North Asia,APAC
Jiamusi-Heilongjiang-China,Jiamusi,Heilongjiang,China,North Asia,APAC
Guarapuava-Parana-Brazil,Guarapuava,Parana,Brazil,South,LATAM
Thornton-Colorado-United States,Thornton,Colorado,United States,West,US
Baltimore-Maryland-United States,Baltimore,Maryland,United States,East,US
Forbach-Lorraine-France,Forbach,Lorraine,France,Central,EU
Gastonia-North Carolina-United States,Gastonia,North Carolina,United States,South,US
Berck-Nord-Pas-de-Calais-France,Berck,Nord-Pas-de-Calais,France,Central,EU
Round Rock-Texas-United States,Round Rock,Texas,United States,Central,US
Amiens-Picardy-France,Amiens,Picardy,France,Central,EU
Windhoek-Khomas-Namibia,Windhoek,Khomas,Namibia,Africa,Africa
Angarsk-Irkutsk-Russia,Angarsk,Irkutsk,Russia,EMEA,EMEA
Mogadishu-Banaadir-Somalia,Mogadishu,Banaadir,Somalia,Africa,Africa
Passo Fundo-Rio Grande do Sul-Brazil,Passo Fundo,Rio Grande do Sul,Brazil,South,LATAM
Monrovia-Montserrado-Liberia,Monrovia,Montserrado,Liberia,Africa,Africa
Hattiesburg-Mississippi-United States,Hattiesburg,Mississippi,United States,South,US
Victoria Falls-Matabeleland North-Zimbabwe,Victoria Falls,Matabeleland North,Zimbabwe,Africa,Africa
Bacoor-Calabarzon-Philippines,Bacoor,Calabarzon,Philippines,Southeast Asia,APAC
Córdoba-Veracruz-Mexico,Córdoba,Veracruz,Mexico,North,LATAM
Celle-Lower Saxony-Germany,Celle,Lower Saxony,Germany,Central,EU
Trinidad-Beni-Bolivia,Trinidad,Beni,Bolivia,South,LATAM
Nasik-Maharashtra-India,Nasik,Maharashtra,India,Central Asia,APAC
Cárdenas-Matanzas-Cuba,Cárdenas,Matanzas,Cuba,Caribbean,LATAM
Djougou-Donga-Benin,Djougou,Donga,Benin,Africa,Africa
Wuppertal-North Rhine-Westphalia-Germany,Wuppertal,North Rhine-Westphalia,Germany,Central,EU
Bayonne-New Jersey-United States,Bayonne,New Jersey,United States,East,US
Gold Coast-Queensland-Australia,Gold Coast,Queensland,Australia,Oceania,APAC
Invercargill-Southland-New Zealand,Invercargill,Southland,New Zealand,Oceania,APAC
Toul-Lorraine-France,Toul,Lorraine,France,Central,EU
Kopeysk-Chelyabinsk-Russia,Kopeysk,Chelyabinsk,Russia,EMEA,EMEA
Whakatane-Bay of Plenty-New Zealand,Whakatane,Bay of Plenty,New Zealand,Oceania,APAC
Paulista-Pernambuco-Brazil,Paulista,Pernambuco,Brazil,South,LATAM
Dalian-Liaoning-China,Dalian,Liaoning,China,North Asia,APAC
Xichang-Sichuan-China,Xichang,Sichuan,China,North Asia,APAC
Saanich-British Columbia-Canada,Saanich,British Columbia,Canada,Canada,Canada
Zhlobin-Homyel'-Belarus,Zhlobin,Homyel',Belarus,EMEA,EMEA
Srinagar-Uttarakhand-India,Srinagar,Uttarakhand,India,Central Asia,APAC
Takamatsu-Kagawa-Japan,Takamatsu,Kagawa,Japan,North Asia,APAC
Zhanjiang-Guangdong-China,Zhanjiang,Guangdong,China,North Asia,APAC
Cotonou-Littoral-Benin,Cotonou,Littoral,Benin,Africa,Africa
Glasgow-Scotland-United Kingdom,Glasgow,Scotland,United Kingdom,North,EU
Langen-Lower Saxony-Germany,Langen,Lower Saxony,Germany,Central,EU
El Limón-Aragua-Venezuela,El Limón,Aragua,Venezuela,South,LATAM
Resistencia-Chaco-Argentina,Resistencia,Chaco,Argentina,South,LATAM
Ceuta-Ceuta-Spain,Ceuta,Ceuta,Spain,South,EU
Amol-Mazandaran-Iran,Amol,Mazandaran,Iran,EMEA,EMEA
Colomiers-Midi-Pyrénées-France,Colomiers,Midi-Pyrénées,France,Central,EU
Wenzhou-Zhejiang-China,Wenzhou,Zhejiang,China,North Asia,APAC
Yicheng-Hubei-China,Yicheng,Hubei,China,North Asia,APAC
Purmerend-North Holland-Netherlands,Purmerend,North Holland,Netherlands,Central,EU
Beipiao-Liaoning-China,Beipiao,Liaoning,China,North Asia,APAC
Northwich-England-United Kingdom,Northwich,England,United Kingdom,North,EU
Bursa-Bursa-Turkey,Bursa,Bursa,Turkey,EMEA,EMEA
Tianjin-Tianjin-China,Tianjin,Tianjin,China,North Asia,APAC
Bahía Blanca-Provincia de Buenos Aires-Argentina,Bahía Blanca,Provincia de Buenos Aires,Argentina,South,LATAM
Roeselare-West Flanders-Belgium,Roeselare,West Flanders,Belgium,Central,EU
Tuscaloosa-Alabama-United States,Tuscaloosa,Alabama,United States,South,US
Khartoum-Khartoum-Sudan,Khartoum,Khartoum,Sudan,Africa,Africa
Six-Fours-les-Plages-Provence-Alpes-Côte d'Azur-France,Six-Fours-les-Plages,Provence-Alpes-Côte d'Azur,France,Central,EU
Garbsen-Lower Saxony-Germany,Garbsen,Lower Saxony,Germany,Central,EU
Tamworth-New South Wales-Australia,Tamworth,New South Wales,Australia,Oceania,APAC
Lianzhou-Guangxi-China,Lianzhou,Guangxi,China,North Asia,APAC
Qidong-Jiangsu-China,Qidong,Jiangsu,China,North Asia,APAC
Samsun-Samsun-Turkey,Samsun,Samsun,Turkey,EMEA,EMEA
Fukui-Fukui-Japan,Fukui,Fukui,Japan,North Asia,APAC
Botosani-Botosani-Romania,Botosani,Botosani,Romania,EMEA,EMEA
Kerman-Kerman-Iran,Kerman,Kerman,Iran,EMEA,EMEA
Fayetteville-North Carolina-United States,Fayetteville,North Carolina,United States,South,US
Nanning-Guangxi-China,Nanning,Guangxi,China,North Asia,APAC
Poissy-Ile-de-France-France,Poissy,Ile-de-France,France,Central,EU
Zagreb-Grad Zagreb-Croatia,Zagreb,Grad Zagreb,Croatia,EMEA,EMEA
Macheng-Hubei-China,Macheng,Hubei,China,North Asia,APAC
Pomezia-Lazio-Italy,Pomezia,Lazio,Italy,South,EU
Samalut-Al Minya-Egypt,Samalut,Al Minya,Egypt,Africa,Africa
High Wycombe-England-United Kingdom,High Wycombe,England,United Kingdom,North,EU
New Castle-Indiana-United States,New Castle,Indiana,United States,Central,US
Al Amarah-Maysan-Iraq,Al Amarah,Maysan,Iraq,EMEA,EMEA
Boksburg-Gauteng-South Africa,Boksburg,Gauteng,South Africa,Africa,Africa
San Severo-Apulia-Italy,San Severo,Apulia,Italy,South,EU
Long Beach-New York-United States,Long Beach,New York,United States,East,US
Hebi-Henan-China,Hebi,Henan,China,North Asia,APAC
Vacaville-California-United States,Vacaville,California,United States,West,US
Waitakere-Auckland-New Zealand,Waitakere,Auckland,New Zealand,Oceania,APAC
Coachella-California-United States,Coachella,California,United States,West,US
Wausau-Wisconsin-United States,Wausau,Wisconsin,United States,Central,US
Vancouver-British Columbia-Canada,Vancouver,British Columbia,Canada,Canada,Canada
Gaomi-Shandong-China,Gaomi,Shandong,China,North Asia,APAC
Miami-Florida-United States,Miami,Florida,United States,South,US
Carrollton-Texas-United States,Carrollton,Texas,United States,Central,US
Palencia-Castile and León-Spain,Palencia,Castile and León,Spain,South,EU
Cluses-Rhône-Alpes-France,Cluses,Rhône-Alpes,France,Central,EU
Limoeiro do Norte-Ceará-Brazil,Limoeiro do Norte,Ceará,Brazil,South,LATAM
Sonderborg-South Denmark-Denmark,Sonderborg,South Denmark,Denmark,North,EU
Ezhou-Hubei-China,Ezhou,Hubei,China,North Asia,APAC
Pantin-Ile-de-France-France,Pantin,Ile-de-France,France,Central,EU
Brampton-Ontario-Canada,Brampton,Ontario,Canada,Canada,Canada
Paisley-Scotland-United Kingdom,Paisley,Scotland,United Kingdom,North,EU
Birkenhead-England-United Kingdom,Birkenhead,England,United Kingdom,North,EU
Samobor-Zagrebacka-Croatia,Samobor,Zagrebacka,Croatia,EMEA,EMEA
Dinslaken-North Rhine-Westphalia-Germany,Dinslaken,North Rhine-Westphalia,Germany,Central,EU
Creil-Picardy-France,Creil,Picardy,France,Central,EU
Jastrzebie Zdroj-Silesia-Poland,Jastrzebie Zdroj,Silesia,Poland,EMEA,EMEA
Blackpool-England-United Kingdom,Blackpool,England,United Kingdom,North,EU
Nueva Gerona-Isla de la Juventud-Cuba,Nueva Gerona,Isla de la Juventud,Cuba,Caribbean,LATAM
Tarnow-Lesser Poland-Poland,Tarnow,Lesser Poland,Poland,EMEA,EMEA
La Chorrera-Panama-Panama,La Chorrera,Panama,Panama,Central,LATAM
Sesto San Giovanni-Lombardy-Italy,Sesto San Giovanni,Lombardy,Italy,South,EU
Medina-Ohio-United States,Medina,Ohio,United States,East,US
Bayamo-Granma-Cuba,Bayamo,Granma,Cuba,Caribbean,LATAM
Granollers-Catalonia-Spain,Granollers,Catalonia,Spain,South,EU
Xinyi-Guangdong-China,Xinyi,Guangdong,China,North Asia,APAC
Settat-Chaouia-Ouardigha-Morocco,Settat,Chaouia-Ouardigha,Morocco,Africa,Africa
Sahuayo de José María Morelos-Michoacán-Mexico,Sahuayo de José María Morelos,Michoacán,Mexico,North,LATAM
Melbourne-Florida-United States,Melbourne,Florida,United States,South,US
Pinsk-Brest-Belarus,Pinsk,Brest,Belarus,EMEA,EMEA
Kahramanmaras-Kahramanmaras-Turkey,Kahramanmaras,Kahramanmaras,Turkey,EMEA,EMEA
South Bend-Indiana-United States,South Bend,Indiana,United States,Central,US
Catanduva-São Paulo-Brazil,Catanduva,São Paulo,Brazil,South,LATAM
Luhans'k-Luhans'k-Ukraine,Luhans'k,Luhans'k,Ukraine,EMEA,EMEA
Brussels-Brussels-Belgium,Brussels,Brussels,Belgium,Central,EU
Philadelphia-Pennsylvania-United States,Philadelphia,Pennsylvania,United States,East,US
Waiblingen-Baden-Württemberg-Germany,Waiblingen,Baden-Württemberg,Germany,Central,EU
Apple Valley-California-United States,Apple Valley,California,United States,West,US
Cipolletti-Río Negro-Argentina,Cipolletti,Río Negro,Argentina,South,LATAM
Lake Forest-California-United States,Lake Forest,California,United States,West,US
London-Ontario-Canada,London,Ontario,Canada,Canada,Canada
Vienna-Vienna-Austria,Vienna,Vienna,Austria,Central,EU
Kalundborg-Zealand-Denmark,Kalundborg,Zealand,Denmark,North,EU
Tanggu-Tianjin-China,Tanggu,Tianjin,China,North Asia,APAC
Barcelona-Catalonia-Spain,Barcelona,Catalonia,Spain,South,EU
Superior-Wisconsin-United States,Superior,Wisconsin,United States,Central,US
Fes-Fès-Boulemane-Morocco,Fes,Fès-Boulemane,Morocco,Africa,Africa
Huyton-England-United Kingdom,Huyton,England,United Kingdom,North,EU
Cartagena-Bolívar-Colombia,Cartagena,Bolívar,Colombia,South,LATAM
Colima-Colima-Mexico,Colima,Colima,Mexico,North,LATAM
Sagamihara-Kanagawa-Japan,Sagamihara,Kanagawa,Japan,North Asia,APAC
Stains-Ile-de-France-France,Stains,Ile-de-France,France,Central,EU
Treviso-Veneto-Italy,Treviso,Veneto,Italy,South,EU
Ouidah-Atlantique-Benin,Ouidah,Atlantique,Benin,Africa,Africa
Bundaberg-Queensland-Australia,Bundaberg,Queensland,Australia,Oceania,APAC
Cangzhou-Hebei-China,Cangzhou,Hebei,China,North Asia,APAC
Goiânia-Goiás-Brazil,Goiânia,Goiás,Brazil,South,LATAM
Veenendaal-Utrecht-Netherlands,Veenendaal,Utrecht,Netherlands,Central,EU
Zhumadian-Henan-China,Zhumadian,Henan,China,North Asia,APAC
Cologne-North Rhine-Westphalia-Germany,Cologne,North Rhine-Westphalia,Germany,Central,EU
Belgorod-Belgorod-Russia,Belgorod,Belgorod,Russia,EMEA,EMEA
Kabul-Kabul-Afghanistan,Kabul,Kabul,Afghanistan,Central Asia,APAC
Taiping-Perak-Malaysia,Taiping,Perak,Malaysia,Southeast Asia,APAC
Villavicencio-Meta-Colombia,Villavicencio,Meta,Colombia,South,LATAM
Saint-Chamond-Rhône-Alpes-France,Saint-Chamond,Rhône-Alpes,France,Central,EU
Qingdao-Shandong-China,Qingdao,Shandong,China,North Asia,APAC
Bruges-West Flanders-Belgium,Bruges,West Flanders,Belgium,Central,EU
Trujillo-La Libertad-Peru,Trujillo,La Libertad,Peru,South,LATAM
Buyukcekmece-Istanbul-Turkey,Buyukcekmece,Istanbul,Turkey,EMEA,EMEA
Berdychiv-Zhytomyr-Ukraine,Berdychiv,Zhytomyr,Ukraine,EMEA,EMEA
Thika-Central-Kenya,Thika,Central,Kenya,Africa,Africa
Gela-Sicily-Italy,Gela,Sicily,Italy,South,EU
Dire Dawa-Dire Dawa-Ethiopia,Dire Dawa,Dire Dawa,Ethiopia,Africa,Africa
Decatur-Illinois-United States,Decatur,Illinois,United States,Central,US
Caen-Lower Normandy-France,Caen,Lower Normandy,France,Central,EU
Clifton-New Jersey-United States,Clifton,New Jersey,United States,East,US
Liuyang-Hunan-China,Liuyang,Hunan,China,North Asia,APAC
Brasov-Brasov-Romania,Brasov,Brasov,Romania,EMEA,EMEA
Jamundí-Valle del Cauca-Colombia,Jamundí,Valle del Cauca,Colombia,South,LATAM
Renton-Washington-United States,Renton,Washington,United States,West,US
Montauban-Midi-Pyrénées-France,Montauban,Midi-Pyrénées,France,Central,EU
Saint Louis-Missouri-United States,Saint Louis,Missouri,United States,Central,US
Saveh-Markazi-Iran,Saveh,Markazi,Iran,EMEA,EMEA
Port Orange-Florida-United States,Port Orange,Florida,United States,South,US
Ostrava-Moravian-Silesian-Czech Republic,Ostrava,Moravian-Silesian,Czech Republic,EMEA,EMEA
Gdansk-Pomerania-Poland,Gdansk,Pomerania,Poland,EMEA,EMEA
Coudekerque-Branche-Nord-Pas-de-Calais-France,Coudekerque-Branche,Nord-Pas-de-Calais,France,Central,EU
Port Moresby-National Capital-Papua New Guinea,Port Moresby,National Capital,Papua New Guinea,Oceania,APAC
Ann Arbor-Michigan-United States,Ann Arbor,Michigan,United States,Central,US
Kuala Lumpur-Kuala Lumpur-Malaysia,Kuala Lumpur,Kuala Lumpur,Malaysia,Southeast Asia,APAC
Saskatoon-Saskatchewan-Canada,Saskatoon,Saskatchewan,Canada,Canada,Canada
Wallasey-England-United Kingdom,Wallasey,England,United Kingdom,North,EU
Skokie-Illinois-United States,Skokie,Illinois,United States,Central,US
Atakpame-Plateaux-Togo,Atakpame,Plateaux,Togo,Africa,Africa
Damaturu-Yobe-Nigeria,Damaturu,Yobe,Nigeria,Africa,Africa
Heroica Zitácuaro-Michoacán-Mexico,Heroica Zitácuaro,Michoacán,Mexico,North,LATAM
Quelimane-Zambezia-Mozambique,Quelimane,Zambezia,Mozambique,Africa,Africa
Columbia-Tennessee-United States,Columbia,Tennessee,United States,South,US
Maseru-Maseru-Lesotho,Maseru,Maseru,Lesotho,Africa,Africa
Goyang-Gyeonggi-South Korea,Goyang,Gyeonggi,South Korea,North Asia,APAC
Matagalpa-Matagalpa-Nicaragua,Matagalpa,Matagalpa,Nicaragua,Central,LATAM
Silao-Guanajuato-Mexico,Silao,Guanajuato,Mexico,North,LATAM
Panevezys-Panevezys-Lithuania,Panevezys,Panevezys,Lithuania,EMEA,EMEA
Blagoveshchensk-Amur-Russia,Blagoveshchensk,Amur,Russia,EMEA,EMEA
Thiais-Ile-de-France-France,Thiais,Ile-de-France,France,Central,EU
Lakeville-Minnesota-United States,Lakeville,Minnesota,United States,Central,US
Bourg-en-Bresse-Rhône-Alpes-France,Bourg-en-Bresse,Rhône-Alpes,France,Central,EU
Kermanshah-Kermanshah-Iran,Kermanshah,Kermanshah,Iran,EMEA,EMEA
Lippstadt-North Rhine-Westphalia-Germany,Lippstadt,North Rhine-Westphalia,Germany,Central,EU
Plainfield-New Jersey-United States,Plainfield,New Jersey,United States,East,US
Macapá-Amapá-Brazil,Macapá,Amapá,Brazil,South,LATAM
Galati-Galati-Romania,Galati,Galati,Romania,EMEA,EMEA
São Gonçalo-Rio de Janeiro-Brazil,São Gonçalo,Rio de Janeiro,Brazil,South,LATAM
Reno-Nevada-United States,Reno,Nevada,United States,West,US
Gawler-South Australia-Australia,Gawler,South Australia,Australia,Oceania,APAC
Siena-Tuscany-Italy,Siena,Tuscany,Italy,South,EU
Belfort-Franche-Comté-France,Belfort,Franche-Comté,France,Central,EU
Suining-Sichuan-China,Suining,Sichuan,China,North Asia,APAC
Iquique-Tarapacá-Chile,Iquique,Tarapacá,Chile,South,LATAM
Columbus-Georgia-United States,Columbus,Georgia,United States,South,US
Makurdi-Benue-Nigeria,Makurdi,Benue,Nigeria,Africa,Africa
Dublin-Dublin-Ireland,Dublin,Dublin,Ireland,North,EU
Oriximiná-Pará-Brazil,Oriximiná,Pará,Brazil,South,LATAM
Arraiján-Panama-Panama,Arraiján,Panama,Panama,Central,LATAM
Siping-Jilin-China,Siping,Jilin,China,North Asia,APAC
Maisons-Laffitte-Ile-de-France-France,Maisons-Laffitte,Ile-de-France,France,Central,EU
Texarkana-Arkansas-United States,Texarkana,Arkansas,United States,South,US
Calabozo-Guárico-Venezuela,Calabozo,Guárico,Venezuela,South,LATAM
Hartlepool-England-United Kingdom,Hartlepool,England,United Kingdom,North,EU
Sittard-Limburg-Netherlands,Sittard,Limburg,Netherlands,Central,EU
Santiago de Compostela-Galicia-Spain,Santiago de Compostela,Galicia,Spain,South,EU
Yichun-Heilongjiang-China,Yichun,Heilongjiang,China,North Asia,APAC
Manteca-California-United States,Manteca,California,United States,West,US
Seropédica-Rio de Janeiro-Brazil,Seropédica,Rio de Janeiro,Brazil,South,LATAM
Alicante-Valenciana-Spain,Alicante,Valenciana,Spain,South,EU
Bognor Regis-England-United Kingdom,Bognor Regis,England,United Kingdom,North,EU
Holland-Michigan-United States,Holland,Michigan,United States,Central,US
Rivera-Rivera-Uruguay,Rivera,Rivera,Uruguay,South,LATAM
Bangui-Bangui-Central African Republic,Bangui,Bangui,Central African Republic,Africa,Africa
Hefei-Anhui-China,Hefei,Anhui,China,North Asia,APAC
Guadalajara-Castile-La Mancha-Spain,Guadalajara,Castile-La Mancha,Spain,South,EU
Modena-Emilia-Romagna-Italy,Modena,Emilia-Romagna,Italy,South,EU
Cork-Cork-Ireland,Cork,Cork,Ireland,North,EU
Kolwezi-Katanga-Democratic Republic of the Congo,Kolwezi,Katanga,Democratic Republic of the Congo,Africa,Africa
Urganch-Khorezm-Uzbekistan,Urganch,Khorezm,Uzbekistan,EMEA,EMEA
Buenos Aires-Buenos Aires-Argentina,Buenos Aires,Buenos Aires,Argentina,South,LATAM
Ankara-Ankara-Turkey,Ankara,Ankara,Turkey,EMEA,EMEA
Pontevedra-Galicia-Spain,Pontevedra,Galicia,Spain,South,EU
Mount Pleasant-Michigan-United States,Mount Pleasant,Michigan,United States,Central,US
Dundee-Scotland-United Kingdom,Dundee,Scotland,United Kingdom,North,EU
Langen-Hesse-Germany,Langen,Hesse,Germany,Central,EU
Guzmán-Jalisco-Mexico,Guzmán,Jalisco,Mexico,North,LATAM
Le Cannet-Provence-Alpes-Côte d'Azur-France,Le Cannet,Provence-Alpes-Côte d'Azur,France,Central,EU
Conway-Arkansas-United States,Conway,Arkansas,United States,South,US
Faches-Thumesnil-Nord-Pas-de-Calais-France,Faches-Thumesnil,Nord-Pas-de-Calais,France,Central,EU
Franklin-Wisconsin-United States,Franklin,Wisconsin,United States,Central,US
Temirtau-Qaraghandy-Kazakhstan,Temirtau,Qaraghandy,Kazakhstan,EMEA,EMEA
La Vega-La Vega-Dominican Republic,La Vega,La Vega,Dominican Republic,Caribbean,LATAM
Warri-Delta-Nigeria,Warri,Delta,Nigeria,Africa,Africa
Guangshui-Hubei-China,Guangshui,Hubei,China,North Asia,APAC
Tabora-Tabora-Tanzania,Tabora,Tabora,Tanzania,Africa,Africa
Keren-Anseba-Eritrea,Keren,Anseba,Eritrea,Africa,Africa
Parker-Colorado-United States,Parker,Colorado,United States,West,US
Ludhiana-Punjab-India,Ludhiana,Punjab,India,Central Asia,APAC
Tekirdag-Tekirdag-Turkey,Tekirdag,Tekirdag,Turkey,EMEA,EMEA
La Porte-Texas-United States,La Porte,Texas,United States,Central,US
Baraki-Tipaza-Algeria,Baraki,Tipaza,Algeria,Africa,Africa
Iguala-Guerrero-Mexico,Iguala,Guerrero,Mexico,North,LATAM
Quixadá-Ceará-Brazil,Quixadá,Ceará,Brazil,South,LATAM
Manzanillo-Colima-Mexico,Manzanillo,Colima,Mexico,North,LATAM
Bareilly-Uttar Pradesh-India,Bareilly,Uttar Pradesh,India,Central Asia,APAC
Mar del Plata-Provincia de Buenos Aires-Argentina,Mar del Plata,Provincia de Buenos Aires,Argentina,South,LATAM
Bergisch Gladbach-North Rhine-Westphalia-Germany,Bergisch Gladbach,North Rhine-Westphalia,Germany,Central,EU
Khasavyurt-Dagestan-Russia,Khasavyurt,Dagestan,Russia,EMEA,EMEA
Nashville-Tennessee-United States,Nashville,Tennessee,United States,South,US
Livingston-Scotland-United Kingdom,Livingston,Scotland,United Kingdom,North,EU
Marion-Ohio-United States,Marion,Ohio,United States,East,US
Lawton-Oklahoma-United States,Lawton,Oklahoma,United States,Central,US
San Fernando-San Fernando-Trinidad and Tobago,San Fernando,San Fernando,Trinidad and Tobago,Caribbean,LATAM
Kindu-Maniema-Democratic Republic of the Congo,Kindu,Maniema,Democratic Republic of the Congo,Africa,Africa
Montería-Córdoba-Colombia,Montería,Córdoba,Colombia,South,LATAM
Piatra-Neamt-Neamt-Romania,Piatra-Neamt,Neamt,Romania,EMEA,EMEA
Rimini-Emilia-Romagna-Italy,Rimini,Emilia-Romagna,Italy,South,EU
Haikou-Hainan-China,Haikou,Hainan,China,North Asia,APAC
Issy-les-Moulineaux-Ile-de-France-France,Issy-les-Moulineaux,Ile-de-France,France,Central,EU
Palo Negro-Aragua-Venezuela,Palo Negro,Aragua,Venezuela,South,LATAM
Whyalla-South Australia-Australia,Whyalla,South Australia,Australia,Oceania,APAC
Southport-England-United Kingdom,Southport,England,United Kingdom,North,EU
São Luís-Maranhão-Brazil,São Luís,Maranhão,Brazil,South,LATAM
Gardanne-Provence-Alpes-Côte d'Azur-France,Gardanne,Provence-Alpes-Côte d'Azur,France,Central,EU
Nuneaton-England-United Kingdom,Nuneaton,England,United Kingdom,North,EU
El Tigre-Anzoátegui-Venezuela,El Tigre,Anzoátegui,Venezuela,South,LATAM
Itapevi-São Paulo-Brazil,Itapevi,São Paulo,Brazil,South,LATAM
Cirebon-Jawa Barat-Indonesia,Cirebon,Jawa Barat,Indonesia,Southeast Asia,APAC
Redwood City-California-United States,Redwood City,California,United States,West,US
Mombasa-Coast-Kenya,Mombasa,Coast,Kenya,Africa,Africa
Milan-Lombardy-Italy,Milan,Lombardy,Italy,South,EU
Quchan-Razavi Khorasan-Iran,Quchan,Razavi Khorasan,Iran,EMEA,EMEA
Solna-Stockholm-Sweden,Solna,Stockholm,Sweden,North,EU
Norman-Oklahoma-United States,Norman,Oklahoma,United States,Central,US
Ugep-Cross River-Nigeria,Ugep,Cross River,Nigeria,Africa,Africa
Wilhelmshaven-Lower Saxony-Germany,Wilhelmshaven,Lower Saxony,Germany,Central,EU
Van-Van-Turkey,Van,Van,Turkey,EMEA,EMEA
Pearland-Texas-United States,Pearland,Texas,United States,Central,US
Gien-Centre-France,Gien,Centre,France,Central,EU
Leipzig-Saxony-Germany,Leipzig,Saxony,Germany,Central,EU
Roswell-Georgia-United States,Roswell,Georgia,United States,South,US
Camaçari-Bahia-Brazil,Camaçari,Bahia,Brazil,South,LATAM
Cruz das Almas-Bahia-Brazil,Cruz das Almas,Bahia,Brazil,South,LATAM
Kiziltepe-Mardin-Turkey,Kiziltepe,Mardin,Turkey,EMEA,EMEA
Ilhéus-Bahia-Brazil,Ilhéus,Bahia,Brazil,South,LATAM
Floridablanca-Santander-Colombia,Floridablanca,Santander,Colombia,South,LATAM
Zhenjiang-Jiangsu-China,Zhenjiang,Jiangsu,China,North Asia,APAC
Rogers-Arkansas-United States,Rogers,Arkansas,United States,South,US
Burgas-Burgas-Bulgaria,Burgas,Burgas,Bulgaria,EMEA,EMEA
Cuautitlán-México-Mexico,Cuautitlán,México,Mexico,North,LATAM
Fano-Marche-Italy,Fano,Marche,Italy,South,EU
Wollongong-New South Wales-Australia,Wollongong,New South Wales,Australia,Oceania,APAC
Denizli-Denizli-Turkey,Denizli,Denizli,Turkey,EMEA,EMEA
Naperville-Illinois-United States,Naperville,Illinois,United States,Central,US
Jefferson City-Missouri-United States,Jefferson City,Missouri,United States,Central,US
Elx-Valenciana-Spain,Elx,Valenciana,Spain,South,EU
Bartlett-Tennessee-United States,Bartlett,Tennessee,United States,South,US
Narbonne-Languedoc-Roussillon-France,Narbonne,Languedoc-Roussillon,France,Central,EU
Oswego-Illinois-United States,Oswego,Illinois,United States,Central,US
Ris-Orangis-Ile-de-France-France,Ris-Orangis,Ile-de-France,France,Central,EU
Memphis-Tennessee-United States,Memphis,Tennessee,United States,South,US
Gaithersburg-Maryland-United States,Gaithersburg,Maryland,United States,East,US
Orihuela-Valenciana-Spain,Orihuela,Valenciana,Spain,South,EU
Fairfield-Ohio-United States,Fairfield,Ohio,United States,East,US
Viersen-North Rhine-Westphalia-Germany,Viersen,North Rhine-Westphalia,Germany,Central,EU
Monroe-Louisiana-United States,Monroe,Louisiana,United States,South,US
Tarbes-Midi-Pyrénées-France,Tarbes,Midi-Pyrénées,France,Central,EU
Miass-Chelyabinsk-Russia,Miass,Chelyabinsk,Russia,EMEA,EMEA
Matanzas-Matanzas-Cuba,Matanzas,Matanzas,Cuba,Caribbean,LATAM
Canton-Michigan-United States,Canton,Michigan,United States,Central,US
Guwahati-Assam-India,Guwahati,Assam,India,Central Asia,APAC
Cleveland-Ohio-United States,Cleveland,Ohio,United States,East,US
Zapopan-Jalisco-Mexico,Zapopan,Jalisco,Mexico,North,LATAM
Punta Arenas-Magallanes y Antártica Chilena-Chile,Punta Arenas,Magallanes y Antártica Chilena,Chile,South,LATAM
Greifswald-Mecklenburg-Vorpommern-Germany,Greifswald,Mecklenburg-Vorpommern,Germany,Central,EU
Florence-Tuscany-Italy,Florence,Tuscany,Italy,South,EU
Culiacán-Sinaloa-Mexico,Culiacán,Sinaloa,Mexico,North,LATAM
Kumasi-Ashanti-Ghana,Kumasi,Ashanti,Ghana,Africa,Africa
Bolton-England-United Kingdom,Bolton,England,United Kingdom,North,EU
Talavera de la Reina-Castile-La Mancha-Spain,Talavera de la Reina,Castile-La Mancha,Spain,South,EU
Rochdale-England-United Kingdom,Rochdale,England,United Kingdom,North,EU
Westland-Michigan-United States,Westland,Michigan,United States,Central,US
Perth Amboy-New Jersey-United States,Perth Amboy,New Jersey,United States,East,US
Littleton-Colorado-United States,Littleton,Colorado,United States,West,US
Pontianak-Kalimantan Barat-Indonesia,Pontianak,Kalimantan Barat,Indonesia,Southeast Asia,APAC
Saint-Genis-Laval-Rhône-Alpes-France,Saint-Genis-Laval,Rhône-Alpes,France,Central,EU
Shushtar-Khuzestan-Iran,Shushtar,Khuzestan,Iran,EMEA,EMEA
Berdyans'k-Zaporizhzhya-Ukraine,Berdyans'k,Zaporizhzhya,Ukraine,EMEA,EMEA
Bolívar-Bolivar-Venezuela,Bolívar,Bolivar,Venezuela,South,LATAM
Valencia-Valenciana-Spain,Valencia,Valenciana,Spain,South,EU
Campina Grande-Paraíba-Brazil,Campina Grande,Paraíba,Brazil,South,LATAM
Shijiazhuang-Hebei-China,Shijiazhuang,Hebei,China,North Asia,APAC
Palermo-Sicily-Italy,Palermo,Sicily,Italy,South,EU
Troyes-Champagne-Ardenne-France,Troyes,Champagne-Ardenne,France,Central,EU
Cape Coast-Central-Ghana,Cape Coast,Central,Ghana,Africa,Africa
Bitonto-Apulia-Italy,Bitonto,Apulia,Italy,South,EU
Santiago-Santiago-Chile,Santiago,Santiago,Chile,South,LATAM
Mesa-Arizona-United States,Mesa,Arizona,United States,West,US
Vitoria-Basque Country-Spain,Vitoria,Basque Country,Spain,South,EU
Sorgues-Provence-Alpes-Côte d'Azur-France,Sorgues,Provence-Alpes-Côte d'Azur,France,Central,EU
Palm Coast-Florida-United States,Palm Coast,Florida,United States,South,US
Colchester-England-United Kingdom,Colchester,England,United Kingdom,North,EU
Huainan-Anhui-China,Huainan,Anhui,China,North Asia,APAC
Yueyang-Hunan-China,Yueyang,Hunan,China,North Asia,APAC
Caldwell-Idaho-United States,Caldwell,Idaho,United States,West,US
Valle Hermoso-Tamaulipas-Mexico,Valle Hermoso,Tamaulipas,Mexico,North,LATAM
Consolación del Sur-Pinar del Río-Cuba,Consolación del Sur,Pinar del Río,Cuba,Caribbean,LATAM
Reading-Pennsylvania-United States,Reading,Pennsylvania,United States,East,US
Bourges-Centre-France,Bourges,Centre,France,Central,EU
Funtua-Katsina-Nigeria,Funtua,Katsina,Nigeria,Africa,Africa
Jamnagar-Gujarat-India,Jamnagar,Gujarat,India,Central Asia,APAC
San Juan del Río-Querétaro-Mexico,San Juan del Río,Querétaro,Mexico,North,LATAM
Osasco-São Paulo-Brazil,Osasco,São Paulo,Brazil,South,LATAM
Presidente Prudente-São Paulo-Brazil,Presidente Prudente,São Paulo,Brazil,South,LATAM
Catia La Mar-Vargas-Venezuela,Catia La Mar,Vargas,Venezuela,South,LATAM
Bonao-Monseñor Nouel-Dominican Republic,Bonao,Monseñor Nouel,Dominican Republic,Caribbean,LATAM
Boulogne-Billancourt-Ile-de-France-France,Boulogne-Billancourt,Ile-de-France,France,Central,EU
Tongchuan-Shaanxi-China,Tongchuan,Shaanxi,China,North Asia,APAC
Loveland-Colorado-United States,Loveland,Colorado,United States,West,US
Torre del Greco-Campania-Italy,Torre del Greco,Campania,Italy,South,EU
Mallawi-Al Minya-Egypt,Mallawi,Al Minya,Egypt,Africa,Africa
Queanbeyan-New South Wales-Australia,Queanbeyan,New South Wales,Australia,Oceania,APAC
Quincy-Illinois-United States,Quincy,Illinois,United States,Central,US
Konya-Konya-Turkey,Konya,Konya,Turkey,EMEA,EMEA
La Paz-Baja California Sur-Mexico,La Paz,Baja California Sur,Mexico,North,LATAM
Sofia-Sofiya-Grad-Bulgaria,Sofia,Sofiya-Grad,Bulgaria,EMEA,EMEA
Takasaki-Gunma-Japan,Takasaki,Gunma,Japan,North Asia,APAC
Abuja-Abuja Capital Territory-Nigeria,Abuja,Abuja Capital Territory,Nigeria,Africa,Africa
Benxi-Liaoning-China,Benxi,Liaoning,China,North Asia,APAC
Manzanillo-Granma-Cuba,Manzanillo,Granma,Cuba,Caribbean,LATAM
Bonn-North Rhine-Westphalia-Germany,Bonn,North Rhine-Westphalia,Germany,Central,EU
Bokaro-Jharkhand-India,Bokaro,Jharkhand,India,Central Asia,APAC
Carpi-Emilia-Romagna-Italy,Carpi,Emilia-Romagna,Italy,South,EU
Mont-Saint-Aignan-Upper Normandy-France,Mont-Saint-Aignan,Upper Normandy,France,Central,EU
Spijkenisse-South Holland-Netherlands,Spijkenisse,South Holland,Netherlands,Central,EU
Qazvin-Qazvin-Iran,Qazvin,Qazvin,Iran,EMEA,EMEA
Velletri-Lazio-Italy,Velletri,Lazio,Italy,South,EU
Trieste-Friuli-Venezia Giulia-Italy,Trieste,Friuli-Venezia Giulia,Italy,South,EU
Aurangabad-Maharashtra-India,Aurangabad,Maharashtra,India,Central Asia,APAC
Lima-Lima (city)-Peru,Lima,Lima (city),Peru,South,LATAM
K'ut'aisi-Imereti-Georgia,K'ut'aisi,Imereti,Georgia,EMEA,EMEA
Timisoara-Timis-Romania,Timisoara,Timis,Romania,EMEA,EMEA
Beijing-Beijing-China,Beijing,Beijing,China,North Asia,APAC
Pasadena-California-United States,Pasadena,California,United States,West,US
Dehra Dun-Uttarakhand-India,Dehra Dun,Uttarakhand,India,Central Asia,APAC
Garanhuns-Pernambuco-Brazil,Garanhuns,Pernambuco,Brazil,South,LATAM
Valledupar-Cesar-Colombia,Valledupar,Cesar,Colombia,South,LATAM
Mogi das Cruzes-São Paulo-Brazil,Mogi das Cruzes,São Paulo,Brazil,South,LATAM
Lagos-Lagos-Nigeria,Lagos,Lagos,Nigeria,Africa,Africa
Solingen-North Rhine-Westphalia-Germany,Solingen,North Rhine-Westphalia,Germany,Central,EU
Jiangmen-Guangdong-China,Jiangmen,Guangdong,China,North Asia,APAC
Lublin-Lublin-Poland,Lublin,Lublin,Poland,EMEA,EMEA
Kutahya-Kutahya-Turkey,Kutahya,Kutahya,Turkey,EMEA,EMEA
Trier-Rhineland-Palatinate-Germany,Trier,Rhineland-Palatinate,Germany,Central,EU
San Miguelito-Panama-Panama,San Miguelito,Panama,Panama,Central,LATAM
Xi'an-Shaanxi-China,Xi'an,Shaanxi,China,North Asia,APAC
Daytona Beach-Florida-United States,Daytona Beach,Florida,United States,South,US
San Antonio-Texas-United States,San Antonio,Texas,United States,Central,US
Hamilton-Ontario-Canada,Hamilton,Ontario,Canada,Canada,Canada
Port Macquarie-New South Wales-Australia,Port Macquarie,New South Wales,Australia,Oceania,APAC
Doncaster-England-United Kingdom,Doncaster,England,United Kingdom,North,EU
Takatsuki-Osaka-Japan,Takatsuki,Osaka,Japan,North Asia,APAC
Woodstock-Georgia-United States,Woodstock,Georgia,United States,South,US
Chaville-Ile-de-France-France,Chaville,Ile-de-France,France,Central,EU
Daejeon-Daejeon-South Korea,Daejeon,Daejeon,South Korea,North Asia,APAC
Lund-Skåne-Sweden,Lund,Skåne,Sweden,North,EU
Mantes-la-Jolie-Ile-de-France-France,Mantes-la-Jolie,Ile-de-France,France,Central,EU
Boa Vista-Roraima-Brazil,Boa Vista,Roraima,Brazil,South,LATAM
Hamme-East Flanders-Belgium,Hamme,East Flanders,Belgium,Central,EU
Xiantao-Hubei-China,Xiantao,Hubei,China,North Asia,APAC
La Paz-La Paz-Bolivia,La Paz,La Paz,Bolivia,South,LATAM
Barra Mansa-Rio de Janeiro-Brazil,Barra Mansa,Rio de Janeiro,Brazil,South,LATAM
Oyonnax-Rhône-Alpes-France,Oyonnax,Rhône-Alpes,France,Central,EU
Mbinga-Ruvuma-Tanzania,Mbinga,Ruvuma,Tanzania,Africa,Africa
Bayeux-Lower Normandy-France,Bayeux,Lower Normandy,France,Central,EU
Martigues-Provence-Alpes-Côte d'Azur-France,Martigues,Provence-Alpes-Côte d'Azur,France,Central,EU
Curitiba-Parana-Brazil,Curitiba,Parana,Brazil,South,LATAM
Wilmington-Delaware-United States,Wilmington,Delaware,United States,East,US
Cerignola-Apulia-Italy,Cerignola,Apulia,Italy,South,EU
Bergheim-North Rhine-Westphalia-Germany,Bergheim,North Rhine-Westphalia,Germany,Central,EU
Laguna Niguel-California-United States,Laguna Niguel,California,United States,West,US
Los Mochis-Sinaloa-Mexico,Los Mochis,Sinaloa,Mexico,North,LATAM
Yibin-Sichuan-China,Yibin,Sichuan,China,North Asia,APAC
Guadalajara-Jalisco-Mexico,Guadalajara,Jalisco,Mexico,North,LATAM
Frontignan-Languedoc-Roussillon-France,Frontignan,Languedoc-Roussillon,France,Central,EU
Tehran-Tehran-Iran,Tehran,Tehran,Iran,EMEA,EMEA
Chiclayo-Lambayeque-Peru,Chiclayo,Lambayeque,Peru,South,LATAM
Teziutlán-Puebla-Mexico,Teziutlán,Puebla,Mexico,North,LATAM
Safi-Doukkala-Abda-Morocco,Safi,Doukkala-Abda,Morocco,Africa,Africa
Paterson-New Jersey-United States,Paterson,New Jersey,United States,East,US
Apucarana-Parana-Brazil,Apucarana,Parana,Brazil,South,LATAM
Graz-Styria-Austria,Graz,Styria,Austria,EMEA,EMEA
Jiutepec-Morelos-Mexico,Jiutepec,Morelos,Mexico,North,LATAM
Hollywood-Florida-United States,Hollywood,Florida,United States,South,US
Albany-Western Australia-Australia,Albany,Western Australia,Australia,Oceania,APAC
Aubervilliers-Ile-de-France-France,Aubervilliers,Ile-de-France,France,Central,EU
Cochabamba-Cochabamba-Bolivia,Cochabamba,Cochabamba,Bolivia,South,LATAM
Charleroi-Hainaut-Belgium,Charleroi,Hainaut,Belgium,Central,EU
Sheboygan-Wisconsin-United States,Sheboygan,Wisconsin,United States,Central,US
Levin-Manawatu-Wanganui-New Zealand,Levin,Manawatu-Wanganui,New Zealand,Oceania,APAC
Mérida-Mérida-Venezuela,Mérida,Mérida,Venezuela,South,LATAM
Waterloo-Ontario-Canada,Waterloo,Ontario,Canada,Canada,Canada
Thionville-Lorraine-France,Thionville,Lorraine,France,Central,EU
Waco-Texas-United States,Waco,Texas,United States,Central,US
Cary-North Carolina-United States,Cary,North Carolina,United States,South,US
Lancaster-Ohio-United States,Lancaster,Ohio,United States,East,US
Flers-Lower Normandy-France,Flers,Lower Normandy,France,Central,EU
Haninge-Stockholm-Sweden,Haninge,Stockholm,Sweden,North,EU
Moorhead-Minnesota-United States,Moorhead,Minnesota,United States,Central,US
Dzhezkazgan-Qaraghandy-Kazakhstan,Dzhezkazgan,Qaraghandy,Kazakhstan,EMEA,EMEA
Salinas-California-United States,Salinas,California,United States,West,US
Verviers-Liège-Belgium,Verviers,Liège,Belgium,Central,EU
Montrouge-Ile-de-France-France,Montrouge,Ile-de-France,France,Central,EU
Montargis-Centre-France,Montargis,Centre,France,Central,EU
Verdun-Lorraine-France,Verdun,Lorraine,France,Central,EU
Menemen-Izmir-Turkey,Menemen,Izmir,Turkey,EMEA,EMEA
Diyarbakir-Diyarbakir-Turkey,Diyarbakir,Diyarbakir,Turkey,EMEA,EMEA
Gujranwala-Punjab-Pakistan,Gujranwala,Punjab,Pakistan,Central Asia,APAC
Marysville-Washington-United States,Marysville,Washington,United States,West,US
Rosenheim-Bavaria-Germany,Rosenheim,Bavaria,Germany,Central,EU
Le Petit-Quevilly-Upper Normandy-France,Le Petit-Quevilly,Upper Normandy,France,Central,EU
Laiyang-Shandong-China,Laiyang,Shandong,China,North Asia,APAC
Colorado Springs-Colorado-United States,Colorado Springs,Colorado,United States,West,US
Huaihua-Hunan-China,Huaihua,Hunan,China,North Asia,APAC
Sanming-Fujian-China,Sanming,Fujian,China,North Asia,APAC
Versailles-Ile-de-France-France,Versailles,Ile-de-France,France,Central,EU
Zaanstad-North Holland-Netherlands,Zaanstad,North Holland,Netherlands,Central,EU
Saint-Pierre-des-Corps-Centre-France,Saint-Pierre-des-Corps,Centre,France,Central,EU
Wilmington-North Carolina-United States,Wilmington,North Carolina,United States,South,US
Arnhem-Gelderland-Netherlands,Arnhem,Gelderland,Netherlands,Central,EU
Avion-Nord-Pas-de-Calais-France,Avion,Nord-Pas-de-Calais,France,Central,EU
Erftstadt-North Rhine-Westphalia-Germany,Erftstadt,North Rhine-Westphalia,Germany,Central,EU
Puertollano-Castile-La Mancha-Spain,Puertollano,Castile-La Mancha,Spain,South,EU
Chesapeake-Virginia-United States,Chesapeake,Virginia,United States,South,US
Melbourne-Victoria-Australia,Melbourne,Victoria,Australia,Oceania,APAC
Cheonan-South Chungcheong-South Korea,Cheonan,South Chungcheong,South Korea,North Asia,APAC
Tulle-Limousin-France,Tulle,Limousin,France,Central,EU
Aksu-Xinjiang Uygur-China,Aksu,Xinjiang Uygur,China,North Asia,APAC
Tampico-Tamaulipas-Mexico,Tampico,Tamaulipas,Mexico,North,LATAM
Gummersbach-North Rhine-Westphalia-Germany,Gummersbach,North Rhine-Westphalia,Germany,Central,EU
Kitwe-Copperbelt-Zambia,Kitwe,Copperbelt,Zambia,Africa,Africa
Sandnes-Rogaland-Norway,Sandnes,Rogaland,Norway,North,EU
Voronezh-Voronezh-Russia,Voronezh,Voronezh,Russia,EMEA,EMEA
Man-Dix-Huit Montagnes-Cote d'Ivoire,Man,Dix-Huit Montagnes,Cote d'Ivoire,Africa,Africa
San Francisco-California-United States,San Francisco,California,United States,West,US
Wolfsburg-Lower Saxony-Germany,Wolfsburg,Lower Saxony,Germany,Central,EU
Rosarito-Baja California-Mexico,Rosarito,Baja California,Mexico,North,LATAM
Holon-Tel Aviv-Israel,Holon,Tel Aviv,Israel,EMEA,EMEA
Nysa-Opole-Poland,Nysa,Opole,Poland,EMEA,EMEA
Pucallpa-Ucayali-Peru,Pucallpa,Ucayali,Peru,South,LATAM
La Ceiba-Atlántida-Honduras,La Ceiba,Atlántida,Honduras,Central,LATAM
Rostock-Mecklenburg-Vorpommern-Germany,Rostock,Mecklenburg-Vorpommern,Germany,Central,EU
Taboão da Serra-São Paulo-Brazil,Taboão da Serra,São Paulo,Brazil,South,LATAM
Nizhyn-Chernihiv-Ukraine,Nizhyn,Chernihiv,Ukraine,EMEA,EMEA
Chapel Allerton-England-United Kingdom,Chapel Allerton,England,United Kingdom,North,EU
Roermond-Limburg-Netherlands,Roermond,Limburg,Netherlands,Central,EU
Detroit-Michigan-United States,Detroit,Michigan,United States,Central,US
Lowell-Massachusetts-United States,Lowell,Massachusetts,United States,East,US
Brentwood-California-United States,Brentwood,California,United States,West,US
Lens-Nord-Pas-de-Calais-France,Lens,Nord-Pas-de-Calais,France,Central,EU
Taunton-England-United Kingdom,Taunton,England,United Kingdom,North,EU
Gennevilliers-Ile-de-France-France,Gennevilliers,Ile-de-France,France,Central,EU
Moa-Holguín-Cuba,Moa,Holguín,Cuba,Caribbean,LATAM
Feira de Santana-Bahia-Brazil,Feira de Santana,Bahia,Brazil,South,LATAM
Annecy-le-Vieux-Rhône-Alpes-France,Annecy-le-Vieux,Rhône-Alpes,France,Central,EU
Ituiutaba-Minas Gerais-Brazil,Ituiutaba,Minas Gerais,Brazil,South,LATAM
Zhaoyuan-Heilongjiang-China,Zhaoyuan,Heilongjiang,China,North Asia,APAC
Maubeuge-Nord-Pas-de-Calais-France,Maubeuge,Nord-Pas-de-Calais,France,Central,EU
Melun-Ile-de-France-France,Melun,Ile-de-France,France,Central,EU
Twin Falls-Idaho-United States,Twin Falls,Idaho,United States,West,US
Asunción-Asunción-Paraguay,Asunción,Asunción,Paraguay,South,LATAM
Pato Branco-Parana-Brazil,Pato Branco,Parana,Brazil,South,LATAM
Trappes-Ile-de-France-France,Trappes,Ile-de-France,France,Central,EU
San Angelo-Texas-United States,San Angelo,Texas,United States,Central,US
Denain-Nord-Pas-de-Calais-France,Denain,Nord-Pas-de-Calais,France,Central,EU
Hickory-North Carolina-United States,Hickory,North Carolina,United States,South,US
Mtwara-Mtwara-Tanzania,Mtwara,Mtwara,Tanzania,Africa,Africa
Puebla-Puebla-Mexico,Puebla,Puebla,Mexico,North,LATAM
Amadora-Lisboa-Portugal,Amadora,Lisboa,Portugal,South,EU
Wuxi-Hunan-China,Wuxi,Hunan,China,North Asia,APAC
Fort-de-France-Martinique-Martinique,Fort-de-France,Martinique,Martinique,Caribbean,LATAM
Atsugacho-Hokkaido-Japan,Atsugacho,Hokkaido,Japan,North Asia,APAC
Guangzhou-Guangdong-China,Guangzhou,Guangdong,China,North Asia,APAC
Riyadh-Ar Riyad-Saudi Arabia,Riyadh,Ar Riyad,Saudi Arabia,EMEA,EMEA
Zaozhuang-Shandong-China,Zaozhuang,Shandong,China,North Asia,APAC
Santander-Cantabria-Spain,Santander,Cantabria,Spain,South,EU
Chelyabinsk-Chelyabinsk-Russia,Chelyabinsk,Chelyabinsk,Russia,EMEA,EMEA
Oss-North Brabant-Netherlands,Oss,North Brabant,Netherlands,Central,EU
Arad-Arad-Romania,Arad,Arad,Romania,EMEA,EMEA
Ebolowa-Sud-Cameroon,Ebolowa,Sud,Cameroon,Africa,Africa
Xianyang-Shaanxi-China,Xianyang,Shaanxi,China,North Asia,APAC
Herten-North Rhine-Westphalia-Germany,Herten,North Rhine-Westphalia,Germany,Central,EU
Hove-England-United Kingdom,Hove,England,United Kingdom,North,EU
Rochester-Minnesota-United States,Rochester,Minnesota,United States,Central,US
Stourbridge-England-United Kingdom,Stourbridge,England,United Kingdom,North,EU
Bolu-Bolu-Turkey,Bolu,Bolu,Turkey,EMEA,EMEA
Malegaon-Maharashtra-India,Malegaon,Maharashtra,India,Central Asia,APAC
Toamasina-Atsinanana-Madagascar,Toamasina,Atsinanana,Madagascar,Africa,Africa
Corum-Corum-Turkey,Corum,Corum,Turkey,EMEA,EMEA
Limoges-Limousin-France,Limoges,Limousin,France,Central,EU
Tychy-Silesia-Poland,Tychy,Silesia,Poland,EMEA,EMEA
Ajaccio-Corsica-France,Ajaccio,Corsica,France,Central,EU
Essen-North Rhine-Westphalia-Germany,Essen,North Rhine-Westphalia,Germany,Central,EU
Baní-Peravia-Dominican Republic,Baní,Peravia,Dominican Republic,Caribbean,LATAM
Fargo-North Dakota-United States,Fargo,North Dakota,United States,Central,US
Palembang-Sumatera Selatan-Indonesia,Palembang,Sumatera Selatan,Indonesia,Southeast Asia,APAC
Jiaozuo-Henan-China,Jiaozuo,Henan,China,North Asia,APAC
Beirut-Beirut-Lebanon,Beirut,Beirut,Lebanon,EMEA,EMEA
Guelma-Guelma-Algeria,Guelma,Guelma,Algeria,Africa,Africa
Irun-Basque Country-Spain,Irun,Basque Country,Spain,South,EU
Korhogo-Savanes-Cote d'Ivoire,Korhogo,Savanes,Cote d'Ivoire,Africa,Africa
Jincheng-Shanxi-China,Jincheng,Shanxi,China,North Asia,APAC
Abilene-Texas-United States,Abilene,Texas,United States,Central,US
Chapecó-Santa Catarina-Brazil,Chapecó,Santa Catarina,Brazil,South,LATAM
Santos-São Paulo-Brazil,Santos,São Paulo,Brazil,South,LATAM
Nagasaki-Nagasaki-Japan,Nagasaki,Nagasaki,Japan,North Asia,APAC
Pematangsiantar-Sumatera Utara-Indonesia,Pematangsiantar,Sumatera Utara,Indonesia,Southeast Asia,APAC
Montgomery-Alabama-United States,Montgomery,Alabama,United States,South,US
Stockton-on-Tees-England-United Kingdom,Stockton-on-Tees,England,United Kingdom,North,EU
Bideford-England-United Kingdom,Bideford,England,United Kingdom,North,EU
Oxford-England-United Kingdom,Oxford,England,United Kingdom,North,EU
Shahreza-Esfahan-Iran,Shahreza,Esfahan,Iran,EMEA,EMEA
Appleton-Wisconsin-United States,Appleton,Wisconsin,United States,Central,US
Gaoyou-Jiangsu-China,Gaoyou,Jiangsu,China,North Asia,APAC
Kuantan-Pahang-Malaysia,Kuantan,Pahang,Malaysia,Southeast Asia,APAC
Traralgon-Victoria-Australia,Traralgon,Victoria,Australia,Oceania,APAC
Mendoza-Mendoza-Argentina,Mendoza,Mendoza,Argentina,South,LATAM
Newcastle-New South Wales-Australia,Newcastle,New South Wales,Australia,Oceania,APAC
Wellington-Wellington-New Zealand,Wellington,Wellington,New Zealand,Oceania,APAC
Lianyuan-Hunan-China,Lianyuan,Hunan,China,North Asia,APAC
Ulhasnagar-Maharashtra-India,Ulhasnagar,Maharashtra,India,Central Asia,APAC
Kryvyy Rih-Dnipropetrovs'k-Ukraine,Kryvyy Rih,Dnipropetrovs'k,Ukraine,EMEA,EMEA
Arlington-Texas-United States,Arlington,Texas,United States,Central,US
Abreu e Lima-Pernambuco-Brazil,Abreu e Lima,Pernambuco,Brazil,South,LATAM
Mount Pleasant-South Carolina-United States,Mount Pleasant,South Carolina,United States,South,US
Vacaria-Rio Grande do Sul-Brazil,Vacaria,Rio Grande do Sul,Brazil,South,LATAM
Stralsund-Mecklenburg-Vorpommern-Germany,Stralsund,Mecklenburg-Vorpommern,Germany,Central,EU
Blagoveshchensk-Bashkortostan-Russia,Blagoveshchensk,Bashkortostan,Russia,EMEA,EMEA
Gorzow Wielkopolski-Lubusz-Poland,Gorzow Wielkopolski,Lubusz,Poland,EMEA,EMEA
Dudley-England-United Kingdom,Dudley,England,United Kingdom,North,EU
Ganganagar-Rajasthan-India,Ganganagar,Rajasthan,India,Central Asia,APAC
Makati-National Capital-Philippines,Makati,National Capital,Philippines,Southeast Asia,APAC
Nantong-Jiangsu-China,Nantong,Jiangsu,China,North Asia,APAC
Ocotlán-Jalisco-Mexico,Ocotlán,Jalisco,Mexico,North,LATAM
Wuhai-Inner Mongolia-China,Wuhai,Inner Mongolia,China,North Asia,APAC
San Carlos del Zulia-Zulia-Venezuela,San Carlos del Zulia,Zulia,Venezuela,South,LATAM
Suizhou-Hubei-China,Suizhou,Hubei,China,North Asia,APAC
Valdemoro-Madrid-Spain,Valdemoro,Madrid,Spain,South,EU
Blanquefort-Aquitaine-France,Blanquefort,Aquitaine,France,Central,EU
Millau-Midi-Pyrénées-France,Millau,Midi-Pyrénées,France,Central,EU
Accra-Greater Accra-Ghana,Accra,Greater Accra,Ghana,Africa,Africa
Asyut-Asyut-Egypt,Asyut,Asyut,Egypt,Africa,Africa
Cumbernauld-Scotland-United Kingdom,Cumbernauld,Scotland,United Kingdom,North,EU
Samarinda-Kalimantan Timur-Indonesia,Samarinda,Kalimantan Timur,Indonesia,Southeast Asia,APAC
Bristol-England-United Kingdom,Bristol,England,United Kingdom,North,EU
Helsinki-Uusimaa-Finland,Helsinki,Uusimaa,Finland,North,EU
Des Moines-Iowa-United States,Des Moines,Iowa,United States,Central,US
Northampton-England-United Kingdom,Northampton,England,United Kingdom,North,EU
Torbali-Izmir-Turkey,Torbali,Izmir,Turkey,EMEA,EMEA
Guarenas-Miranda-Venezuela,Guarenas,Miranda,Venezuela,South,LATAM
Palmerston-Northern Territory-Australia,Palmerston,Northern Territory,Australia,Oceania,APAC
Poza Rica de Hidalgo-Veracruz-Mexico,Poza Rica de Hidalgo,Veracruz,Mexico,North,LATAM
Piotrkow Trybunalski-Lodz-Poland,Piotrkow Trybunalski,Lodz,Poland,EMEA,EMEA
Cartagena-Murcia-Spain,Cartagena,Murcia,Spain,South,EU
Varna-Varna-Bulgaria,Varna,Varna,Bulgaria,EMEA,EMEA
Grand Island-Nebraska-United States,Grand Island,Nebraska,United States,Central,US
Villeneuve-le-Roi-Ile-de-France-France,Villeneuve-le-Roi,Ile-de-France,France,Central,EU
Midland-Michigan-United States,Midland,Michigan,United States,Central,US
Simões Filho-Bahia-Brazil,Simões Filho,Bahia,Brazil,South,LATAM
San Rafael-Mendoza-Argentina,San Rafael,Mendoza,Argentina,South,LATAM
Qarshi-Qashqadaryo-Uzbekistan,Qarshi,Qashqadaryo,Uzbekistan,EMEA,EMEA
Nuremberg-Bavaria-Germany,Nuremberg,Bavaria,Germany,Central,EU
Indaiatuba-São Paulo-Brazil,Indaiatuba,São Paulo,Brazil,South,LATAM
Handa-Aichi-Japan,Handa,Aichi,Japan,North Asia,APAC
Durgapur-Maharashtra-India,Durgapur,Maharashtra,India,Central Asia,APAC
Benevento-Campania-Italy,Benevento,Campania,Italy,South,EU
Tlemcen-Tlemcen-Algeria,Tlemcen,Tlemcen,Algeria,Africa,Africa
Saint-Louis-Saint-Louis-Senegal,Saint-Louis,Saint-Louis,Senegal,Africa,Africa
Itu-São Paulo-Brazil,Itu,São Paulo,Brazil,South,LATAM
Ad Diwem-White Nile-Sudan,Ad Diwem,White Nile,Sudan,Africa,Africa
Graz-Styria-Austria,Graz,Styria,Austria,Central,EU
Marignane-Provence-Alpes-Côte d'Azur-France,Marignane,Provence-Alpes-Côte d'Azur,France,Central,EU
Linares-Nuevo León-Mexico,Linares,Nuevo León,Mexico,North,LATAM
Miramas-Provence-Alpes-Côte d'Azur-France,Miramas,Provence-Alpes-Côte d'Azur,France,Central,EU
Akhisar-Manisa-Turkey,Akhisar,Manisa,Turkey,EMEA,EMEA
Calabar-Cross River-Nigeria,Calabar,Cross River,Nigeria,Africa,Africa
Cruzeiro-São Paulo-Brazil,Cruzeiro,São Paulo,Brazil,South,LATAM
Burlington-Ontario-Canada,Burlington,Ontario,Canada,Canada,Canada
Sorocaba-São Paulo-Brazil,Sorocaba,São Paulo,Brazil,South,LATAM
Koshigaya-Saitama-Japan,Koshigaya,Saitama,Japan,North Asia,APAC
Liaoyang-Liaoning-China,Liaoyang,Liaoning,China,North Asia,APAC
Bilbao-Basque Country-Spain,Bilbao,Basque Country,Spain,South,EU
Jupiter-Florida-United States,Jupiter,Florida,United States,South,US
Aewŏl-li-Jeju-South Korea,Aewŏl-li,Jeju,South Korea,North Asia,APAC
Crotone-Calabria-Italy,Crotone,Calabria,Italy,South,EU
Vignola-Emilia-Romagna-Italy,Vignola,Emilia-Romagna,Italy,South,EU
Mardan-Khyber Pakhtunkhwa-Pakistan,Mardan,Khyber Pakhtunkhwa,Pakistan,Central Asia,APAC
Pozzuoli-Campania-Italy,Pozzuoli,Campania,Italy,South,EU
Geneva-Geneva-Switzerland,Geneva,Geneva,Switzerland,Central,EU
Almelo-Overijssel-Netherlands,Almelo,Overijssel,Netherlands,Central,EU
Grand Rapids-Michigan-United States,Grand Rapids,Michigan,United States,Central,US
Pleven-Pleven-Bulgaria,Pleven,Pleven,Bulgaria,EMEA,EMEA
Brest-Brest-Belarus,Brest,Brest,Belarus,EMEA,EMEA
Lewiston-Maine-United States,Lewiston,Maine,United States,East,US
Charlottesville-Virginia-United States,Charlottesville,Virginia,United States,South,US
Guildford-England-United Kingdom,Guildford,England,United Kingdom,North,EU
Bethlehem-Pennsylvania-United States,Bethlehem,Pennsylvania,United States,East,US
Arica-Arica y Parinacota-Chile,Arica,Arica y Parinacota,Chile,South,LATAM
Manila-National Capital-Philippines,Manila,National Capital,Philippines,Southeast Asia,APAC
Saint-Michel-sur-Orge-Ile-de-France-France,Saint-Michel-sur-Orge,Ile-de-France,France,Central,EU
Manhattan-Kansas-United States,Manhattan,Kansas,United States,Central,US
Arusha-Arusha-Tanzania,Arusha,Arusha,Tanzania,Africa,Africa
Bonneuil-sur-Marne-Ile-de-France-France,Bonneuil-sur-Marne,Ile-de-France,France,Central,EU
Hilversum-North Holland-Netherlands,Hilversum,North Holland,Netherlands,Central,EU
Rybinsk-Yaroslavl'-Russia,Rybinsk,Yaroslavl',Russia,EMEA,EMEA
Yangzhou-Jiangsu-China,Yangzhou,Jiangsu,China,North Asia,APAC
Lakewood-New Jersey-United States,Lakewood,New Jersey,United States,East,US
Overland Park-Kansas-United States,Overland Park,Kansas,United States,Central,US
Trenton-Michigan-United States,Trenton,Michigan,United States,Central,US
Longview-Washington-United States,Longview,Washington,United States,West,US
Westfield-New Jersey-United States,Westfield,New Jersey,United States,East,US
Bagamoyo-Pwani-Tanzania,Bagamoyo,Pwani,Tanzania,Africa,Africa
Plano-Texas-United States,Plano,Texas,United States,Central,US
Siirt-Siirt-Turkey,Siirt,Siirt,Turkey,EMEA,EMEA
Chicago-Illinois-United States,Chicago,Illinois,United States,Central,US
Glenview-Illinois-United States,Glenview,Illinois,United States,Central,US
Algiers-Alger-Algeria,Algiers,Alger,Algeria,Africa,Africa
Hialeah-Florida-United States,Hialeah,Florida,United States,South,US
Aurora-Illinois-United States,Aurora,Illinois,United States,Central,US
Lattes-Languedoc-Roussillon-France,Lattes,Languedoc-Roussillon,France,Central,EU
Kalisz-Greater Poland-Poland,Kalisz,Greater Poland,Poland,EMEA,EMEA
Upper Hutt-Wellington-New Zealand,Upper Hutt,Wellington,New Zealand,Oceania,APAC
Murray-Utah-United States,Murray,Utah,United States,West,US
Poznan-Greater Poland-Poland,Poznan,Greater Poland,Poland,EMEA,EMEA
Tripoli-North Lebanon-Lebanon,Tripoli,North Lebanon,Lebanon,EMEA,EMEA
Antsiranana-Diana-Madagascar,Antsiranana,Diana,Madagascar,Africa,Africa
Papakura-Auckland-New Zealand,Papakura,Auckland,New Zealand,Oceania,APAC
Krefeld-North Rhine-Westphalia-Germany,Krefeld,North Rhine-Westphalia,Germany,Central,EU
Osorno-Los Lagos-Chile,Osorno,Los Lagos,Chile,South,LATAM
West Bromwich-England-United Kingdom,West Bromwich,England,United Kingdom,North,EU
Laghouat-Laghouat-Algeria,Laghouat,Laghouat,Algeria,Africa,Africa
El Ejido-Andalusía-Spain,El Ejido,Andalusía,Spain,South,EU
Guidonia Montecelio-Lazio-Italy,Guidonia Montecelio,Lazio,Italy,South,EU
Stuttgart-Baden-Württemberg-Germany,Stuttgart,Baden-Württemberg,Germany,Central,EU
Kasugai-Aichi-Japan,Kasugai,Aichi,Japan,North Asia,APAC
Antwerp-Antwerp-Belgium,Antwerp,Antwerp,Belgium,Central,EU
Donets'k-Donetsk-Ukraine,Donets'k,Donetsk,Ukraine,EMEA,EMEA
Deltona-Florida-United States,Deltona,Florida,United States,South,US
St. Gallen-St. Gallen-Switzerland,St. Gallen,St. Gallen,Switzerland,Central,EU
Praia Grande-São Paulo-Brazil,Praia Grande,São Paulo,Brazil,South,LATAM
Sarreguemines-Lorraine-France,Sarreguemines,Lorraine,France,Central,EU
Puteaux-Ile-de-France-France,Puteaux,Ile-de-France,France,Central,EU
Saint-Denis-Ile-de-France-France,Saint-Denis,Ile-de-France,France,Central,EU
Toledo-Parana-Brazil,Toledo,Parana,Brazil,South,LATAM
East Point-Georgia-United States,East Point,Georgia,United States,South,US
Dresden-Saxony-Germany,Dresden,Saxony,Germany,Central,EU
Villejuif-Ile-de-France-France,Villejuif,Ile-de-France,France,Central,EU
Concord-North Carolina-United States,Concord,North Carolina,United States,South,US
Dniprodzerzhyns'k-Dnipropetrovs'k-Ukraine,Dniprodzerzhyns'k,Dnipropetrovs'k,Ukraine,EMEA,EMEA
Zaoyang-Hubei-China,Zaoyang,Hubei,China,North Asia,APAC
Frontera-Tabasco-Mexico,Frontera,Tabasco,Mexico,North,LATAM
Bialystok-Podlaskie-Poland,Bialystok,Podlaskie,Poland,EMEA,EMEA
Stara Zagora-Stara Zagora-Bulgaria,Stara Zagora,Stara Zagora,Bulgaria,EMEA,EMEA
Akure-Ondo-Nigeria,Akure,Ondo,Nigeria,Africa,Africa
Port Arthur-Texas-United States,Port Arthur,Texas,United States,Central,US
Cestas-Aquitaine-France,Cestas,Aquitaine,France,Central,EU
Chengjiang-Jiangsu-China,Chengjiang,Jiangsu,China,North Asia,APAC
Jerez de la Frontera-Andalusía-Spain,Jerez de la Frontera,Andalusía,Spain,South,EU
Penglai-Shandong-China,Penglai,Shandong,China,North Asia,APAC
Bhatpara-West Bengal-India,Bhatpara,West Bengal,India,Central Asia,APAC
Puente Alto-Santiago-Chile,Puente Alto,Santiago,Chile,South,LATAM
Beaumont-Texas-United States,Beaumont,Texas,United States,Central,US
Geraldton-Western Australia-Australia,Geraldton,Western Australia,Australia,Oceania,APAC
Oshawa-Ontario-Canada,Oshawa,Ontario,Canada,Canada,Canada
Valenzuela-National Capital-Philippines,Valenzuela,National Capital,Philippines,Southeast Asia,APAC
Bristol-Tennessee-United States,Bristol,Tennessee,United States,South,US
Linz-Upper Austria-Austria,Linz,Upper Austria,Austria,EMEA,EMEA
Chorzow-Silesia-Poland,Chorzow,Silesia,Poland,EMEA,EMEA
Landerneau-Brittany-France,Landerneau,Brittany,France,Central,EU
Asti-Piedmont-Italy,Asti,Piedmont,Italy,South,EU
Sakaka-Al Jawf-Saudi Arabia,Sakaka,Al Jawf,Saudi Arabia,EMEA,EMEA
Lora del Río-Andalusía-Spain,Lora del Río,Andalusía,Spain,South,EU
Abadan-Khuzestan-Iran,Abadan,Khuzestan,Iran,EMEA,EMEA
Erfurt-Thuringia-Germany,Erfurt,Thuringia,Germany,Central,EU
Hamilton-Ohio-United States,Hamilton,Ohio,United States,East,US
Chaoyang-Liaoning-China,Chaoyang,Liaoning,China,North Asia,APAC
Benguela-Benguela-Angola,Benguela,Benguela,Angola,Africa,Africa
Provo-Utah-United States,Provo,Utah,United States,West,US
Bata-Litoral-Equatorial Guinea,Bata,Litoral,Equatorial Guinea,Africa,Africa
Salzburg-Salzburg-Austria,Salzburg,Salzburg,Austria,EMEA,EMEA
Tunis-Tunis-Tunisia,Tunis,Tunis,Tunisia,Africa,Africa
Oldham-England-United Kingdom,Oldham,England,United Kingdom,North,EU
Heyuan-Guangdong-China,Heyuan,Guangdong,China,North Asia,APAC
Guacara-Carabobo-Venezuela,Guacara,Carabobo,Venezuela,South,LATAM
Friedberg-Hesse-Germany,Friedberg,Hesse,Germany,Central,EU
Bourgoin-Jallieu-Rhône-Alpes-France,Bourgoin-Jallieu,Rhône-Alpes,France,Central,EU
Sikasso-Sikasso-Mali,Sikasso,Sikasso,Mali,Africa,Africa
Quartu Sant'Elena-Sardinia-Italy,Quartu Sant'Elena,Sardinia,Italy,South,EU
Taizhou-Jiangsu-China,Taizhou,Jiangsu,China,North Asia,APAC
Quilmes-Provincia de Buenos Aires-Argentina,Quilmes,Provincia de Buenos Aires,Argentina,South,LATAM
Lo Prado-Santiago-Chile,Lo Prado,Santiago,Chile,South,LATAM
Lorena-São Paulo-Brazil,Lorena,São Paulo,Brazil,South,LATAM
Zilina-Žilina-Slovakia,Zilina,Žilina,Slovakia,EMEA,EMEA
San Clemente-California-United States,San Clemente,California,United States,West,US
Nagaoka-Shizuoka-Japan,Nagaoka,Shizuoka,Japan,North Asia,APAC
Masjed Soleyman-Khuzestan-Iran,Masjed Soleyman,Khuzestan,Iran,EMEA,EMEA
Limeira-São Paulo-Brazil,Limeira,São Paulo,Brazil,South,LATAM
Sapele-Delta-Nigeria,Sapele,Delta,Nigeria,Africa,Africa
Aksaray-Aksaray-Turkey,Aksaray,Aksaray,Turkey,EMEA,EMEA
Cubuk-Ankara-Turkey,Cubuk,Ankara,Turkey,EMEA,EMEA
Pau-Aquitaine-France,Pau,Aquitaine,France,Central,EU
Ternopil'-Ternopil'-Ukraine,Ternopil',Ternopil',Ukraine,EMEA,EMEA
Dubuque-Iowa-United States,Dubuque,Iowa,United States,Central,US
Treviglio-Lombardy-Italy,Treviglio,Lombardy,Italy,South,EU
Rock Hill-South Carolina-United States,Rock Hill,South Carolina,United States,South,US
Santa Marta-Magdalena-Colombia,Santa Marta,Magdalena,Colombia,South,LATAM
Grove City-Ohio-United States,Grove City,Ohio,United States,East,US
Garden City-Kansas-United States,Garden City,Kansas,United States,Central,US
Ivanovo-Ivanovo-Russia,Ivanovo,Ivanovo,Russia,EMEA,EMEA
Shantou-Guangdong-China,Shantou,Guangdong,China,North Asia,APAC
Cajazeiras-Paraíba-Brazil,Cajazeiras,Paraíba,Brazil,South,LATAM
Kisangani-Orientale-Democratic Republic of the Congo,Kisangani,Orientale,Democratic Republic of the Congo,Africa,Africa
Nanterre-Ile-de-France-France,Nanterre,Ile-de-France,France,Central,EU
Grigny-Ile-de-France-France,Grigny,Ile-de-France,France,Central,EU
Bento Gonçalves-Rio Grande do Sul-Brazil,Bento Gonçalves,Rio Grande do Sul,Brazil,South,LATAM
Chioggia-Veneto-Italy,Chioggia,Veneto,Italy,South,EU
Calgary-Alberta-Canada,Calgary,Alberta,Canada,Canada,Canada
Kastamonu-Kastamonu-Turkey,Kastamonu,Kastamonu,Turkey,EMEA,EMEA
Mauá-São Paulo-Brazil,Mauá,São Paulo,Brazil,South,LATAM
Salina Cruz-Oaxaca-Mexico,Salina Cruz,Oaxaca,Mexico,North,LATAM
Katsina-Katsina-Nigeria,Katsina,Katsina,Nigeria,Africa,Africa
Manresa-Catalonia-Spain,Manresa,Catalonia,Spain,South,EU
Kirkwood-Missouri-United States,Kirkwood,Missouri,United States,Central,US
Kathmandu-Central-Nepal,Kathmandu,Central,Nepal,Central Asia,APAC
Rubí-Catalonia-Spain,Rubí,Catalonia,Spain,South,EU
Covington-Washington-United States,Covington,Washington,United States,West,US
Senhor do Bonfim-Bahia-Brazil,Senhor do Bonfim,Bahia,Brazil,South,LATAM
Durango-Durango-Mexico,Durango,Durango,Mexico,North,LATAM
Dumai-Riau-Indonesia,Dumai,Riau,Indonesia,Southeast Asia,APAC
Thanjavur-Tamil Nadu-India,Thanjavur,Tamil Nadu,India,Central Asia,APAC
Contramaestre-Santiago de Cuba-Cuba,Contramaestre,Santiago de Cuba,Cuba,Caribbean,LATAM
Vence-Provence-Alpes-Côte d'Azur-France,Vence,Provence-Alpes-Côte d'Azur,France,Central,EU
Nottingham-England-United Kingdom,Nottingham,England,United Kingdom,North,EU
Carlsbad-New Mexico-United States,Carlsbad,New Mexico,United States,West,US
Las Cruces-New Mexico-United States,Las Cruces,New Mexico,United States,West,US
Vryburg-North-West-South Africa,Vryburg,North-West,South Africa,Africa,Africa
Diadema-São Paulo-Brazil,Diadema,São Paulo,Brazil,South,LATAM
Zhaoqing-Guangdong-China,Zhaoqing,Guangdong,China,North Asia,APAC
Pietermaritzburg-Kwazulu-natal-South Africa,Pietermaritzburg,Kwazulu-natal,South Africa,Africa,Africa
Vereeniging-Gauteng-South Africa,Vereeniging,Gauteng,South Africa,Africa,Africa
Tianguá-Ceará-Brazil,Tianguá,Ceará,Brazil,South,LATAM
Rotherham-England-United Kingdom,Rotherham,England,United Kingdom,North,EU
Delray Beach-Florida-United States,Delray Beach,Florida,United States,South,US
Danbury-Connecticut-United States,Danbury,Connecticut,United States,East,US
Yaounde-Centre-Cameroon,Yaounde,Centre,Cameroon,Africa,Africa
Peoria-Illinois-United States,Peoria,Illinois,United States,Central,US
Jinhua-Zhejiang-China,Jinhua,Zhejiang,China,North Asia,APAC
Kashan-Esfahan-Iran,Kashan,Esfahan,Iran,EMEA,EMEA
Longmont-Colorado-United States,Longmont,Colorado,United States,West,US
Usol'ye-Sibirskoye-Irkutsk-Russia,Usol'ye-Sibirskoye,Irkutsk,Russia,EMEA,EMEA
Fuengirola-Andalusía-Spain,Fuengirola,Andalusía,Spain,South,EU
Conroe-Texas-United States,Conroe,Texas,United States,Central,US
Reutlingen-Baden-Württemberg-Germany,Reutlingen,Baden-Württemberg,Germany,Central,EU
Chengdu-Sichuan-China,Chengdu,Sichuan,China,North Asia,APAC
Le Pré-Saint-Gervais-Ile-de-France-France,Le Pré-Saint-Gervais,Ile-de-France,France,Central,EU
Whittier-California-United States,Whittier,California,United States,West,US
Lins-São Paulo-Brazil,Lins,São Paulo,Brazil,South,LATAM
Bihar Sharif-Bihar-India,Bihar Sharif,Bihar,India,Central Asia,APAC
Florence-Alabama-United States,Florence,Alabama,United States,South,US
Cessnock-New South Wales-Australia,Cessnock,New South Wales,Australia,Oceania,APAC
Karliova-Bingol-Turkey,Karliova,Bingol,Turkey,EMEA,EMEA
Huntsville-Alabama-United States,Huntsville,Alabama,United States,South,US
Aurora-Colorado-United States,Aurora,Colorado,United States,West,US
Worms-Rhineland-Palatinate-Germany,Worms,Rhineland-Palatinate,Germany,Central,EU
Pensacola-Florida-United States,Pensacola,Florida,United States,South,US
Ashford-England-United Kingdom,Ashford,England,United Kingdom,North,EU
Ramat Aviv-Tel Aviv-Israel,Ramat Aviv,Tel Aviv,Israel,EMEA,EMEA
Santo Domingo de los Colorados-Pichincha-Ecuador,Santo Domingo de los Colorados,Pichincha,Ecuador,South,LATAM
Leverkusen-North Rhine-Westphalia-Germany,Leverkusen,North Rhine-Westphalia,Germany,Central,EU
Bhubaneswar-Odisha-India,Bhubaneswar,Odisha,India,Central Asia,APAC
Granada-Granada-Nicaragua,Granada,Granada,Nicaragua,Central,LATAM
Apopa-San Salvador-El Salvador,Apopa,San Salvador,El Salvador,Central,LATAM
São Miguel dos Campos-Alagoas-Brazil,São Miguel dos Campos,Alagoas,Brazil,South,LATAM
Christchurch-Canterbury-New Zealand,Christchurch,Canterbury,New Zealand,Oceania,APAC
Caluire-et-Cuire-Rhône-Alpes-France,Caluire-et-Cuire,Rhône-Alpes,France,Central,EU
Marsa Matruh-Matruh-Egypt,Marsa Matruh,Matruh,Egypt,Africa,Africa
Tegal-Jawa Tengah-Indonesia,Tegal,Jawa Tengah,Indonesia,Southeast Asia,APAC
Sabanalarga-Atlántico-Colombia,Sabanalarga,Atlántico,Colombia,South,LATAM
Mannheim-Baden-Württemberg-Germany,Mannheim,Baden-Württemberg,Germany,Central,EU
Pereira-Risaralda-Colombia,Pereira,Risaralda,Colombia,South,LATAM
Milford-Connecticut-United States,Milford,Connecticut,United States,East,US
Le Pontet-Provence-Alpes-Côte d'Azur-France,Le Pontet,Provence-Alpes-Côte d'Azur,France,Central,EU
Portage-Indiana-United States,Portage,Indiana,United States,Central,US
Jackson-Tennessee-United States,Jackson,Tennessee,United States,South,US
Suzhou-Gansu-China,Suzhou,Gansu,China,North Asia,APAC
Aswan-Aswan-Egypt,Aswan,Aswan,Egypt,Africa,Africa
Pitalito-Huila-Colombia,Pitalito,Huila,Colombia,South,LATAM
Franklin-Massachusetts-United States,Franklin,Massachusetts,United States,East,US
Maracay-Aragua-Venezuela,Maracay,Aragua,Venezuela,South,LATAM
Zenica-Federation of Bosnia and Herzegovina-Bosnia and Herzegovina,Zenica,Federation of Bosnia and Herzegovina,Bosnia and Herzegovina,EMEA,EMEA
Corbeil-Essonnes-Ile-de-France-France,Corbeil-Essonnes,Ile-de-France,France,Central,EU
Valle de La Pascua-Guárico-Venezuela,Valle de La Pascua,Guárico,Venezuela,South,LATAM
Peterborough-England-United Kingdom,Peterborough,England,United Kingdom,North,EU
Sangli-Maharashtra-India,Sangli,Maharashtra,India,Central Asia,APAC
Corlu-Tekirdag-Turkey,Corlu,Tekirdag,Turkey,EMEA,EMEA
Cavaillon-Provence-Alpes-Côte d'Azur-France,Cavaillon,Provence-Alpes-Côte d'Azur,France,Central,EU
Manzini-Manzini-Swaziland,Manzini,Manzini,Swaziland,Africa,Africa
Sidi Qacem-Gharb-Chrarda-Béni Hssen-Morocco,Sidi Qacem,Gharb-Chrarda-Béni Hssen,Morocco,Africa,Africa
Chico-California-United States,Chico,California,United States,West,US
Port Saint Lucie-Florida-United States,Port Saint Lucie,Florida,United States,South,US
Landskrona-Skåne-Sweden,Landskrona,Skåne,Sweden,North,EU
Tangshan-Hebei-China,Tangshan,Hebei,China,North Asia,APAC
Murray Bridge-South Australia-Australia,Murray Bridge,South Australia,Australia,Oceania,APAC
Minuf-Al Minufiyah-Egypt,Minuf,Al Minufiyah,Egypt,Africa,Africa
Rockhampton-Queensland-Australia,Rockhampton,Queensland,Australia,Oceania,APAC
Saint-Laurent-Quebec-Canada,Saint-Laurent,Quebec,Canada,Canada,Canada
Juliaca-Puno-Peru,Juliaca,Puno,Peru,South,LATAM
Tbilisi-Tbilisi-Georgia,Tbilisi,Tbilisi,Georgia,EMEA,EMEA
Rasht-Gilan-Iran,Rasht,Gilan,Iran,EMEA,EMEA
Colombes-Ile-de-France-France,Colombes,Ile-de-France,France,Central,EU
Rhondda-Wales-United Kingdom,Rhondda,Wales,United Kingdom,North,EU
Damanhur-Al Buhayrah-Egypt,Damanhur,Al Buhayrah,Egypt,Africa,Africa
Offenburg-Baden-Württemberg-Germany,Offenburg,Baden-Württemberg,Germany,Central,EU
San Nicolás de los Arroyos-Provincia de Buenos Aires-Argentina,San Nicolás de los Arroyos,Provincia de Buenos Aires,Argentina,South,LATAM
Faridabad-Haryana-India,Faridabad,Haryana,India,Central Asia,APAC
Bordeaux-Aquitaine-France,Bordeaux,Aquitaine,France,Central,EU
Villeparisis-Ile-de-France-France,Villeparisis,Ile-de-France,France,Central,EU
Neuilly-sur-Seine-Ile-de-France-France,Neuilly-sur-Seine,Ile-de-France,France,Central,EU
Zeist-Utrecht-Netherlands,Zeist,Utrecht,Netherlands,Central,EU
Jeddah-Makkah-Saudi Arabia,Jeddah,Makkah,Saudi Arabia,EMEA,EMEA
Dijon-Burgundy-France,Dijon,Burgundy,France,Central,EU
Athis-Mons-Ile-de-France-France,Athis-Mons,Ile-de-France,France,Central,EU
Esquina-Corrientes-Argentina,Esquina,Corrientes,Argentina,South,LATAM
Gladstone-Missouri-United States,Gladstone,Missouri,United States,Central,US
Juba-Central Equatoria-South Sudan,Juba,Central Equatoria,South Sudan,Africa,Africa
Kiel-Schleswig-Holstein-Germany,Kiel,Schleswig-Holstein,Germany,Central,EU
Kaspiysk-Dagestan-Russia,Kaspiysk,Dagestan,Russia,EMEA,EMEA
Drogobych-L'viv-Ukraine,Drogobych,L'viv,Ukraine,EMEA,EMEA
Brive-la-Gaillarde-Limousin-France,Brive-la-Gaillarde,Limousin,France,Central,EU
Tallinn-Harjumaa-Estonia,Tallinn,Harjumaa,Estonia,EMEA,EMEA
Maltepe-Istanbul-Turkey,Maltepe,Istanbul,Turkey,EMEA,EMEA
Villa Nueva-Guatemala-Guatemala,Villa Nueva,Guatemala,Guatemala,Central,LATAM
Woking-England-United Kingdom,Woking,England,United Kingdom,North,EU
Frederiksberg-Hovedstaden-Denmark,Frederiksberg,Hovedstaden,Denmark,North,EU
Morgan Hill-California-United States,Morgan Hill,California,United States,West,US
Mirzapur-Uttar Pradesh-India,Mirzapur,Uttar Pradesh,India,Central Asia,APAC
Orsay-Ile-de-France-France,Orsay,Ile-de-France,France,Central,EU
Potsdam-Brandenburg-Germany,Potsdam,Brandenburg,Germany,Central,EU
Antioch-California-United States,Antioch,California,United States,West,US
Montebello-California-United States,Montebello,California,United States,West,US
Maradi-Maradi-Niger,Maradi,Maradi,Niger,Africa,Africa
Marseille-Provence-Alpes-Côte d'Azur-France,Marseille,Provence-Alpes-Côte d'Azur,France,Central,EU
Burbank-California-United States,Burbank,California,United States,West,US
Cajamarca-Cajamarca-Peru,Cajamarca,Cajamarca,Peru,South,LATAM
Soyapango-San Salvador-El Salvador,Soyapango,San Salvador,El Salvador,Central,LATAM
Pouso Alegre-Minas Gerais-Brazil,Pouso Alegre,Minas Gerais,Brazil,South,LATAM
La Madeleine-Nord-Pas-de-Calais-France,La Madeleine,Nord-Pas-de-Calais,France,Central,EU
Kenitra-Gharb-Chrarda-Béni Hssen-Morocco,Kenitra,Gharb-Chrarda-Béni Hssen,Morocco,Africa,Africa
Sargodha-Punjab-Pakistan,Sargodha,Punjab,Pakistan,Central Asia,APAC
Fleury-les-Aubrais-Centre-France,Fleury-les-Aubrais,Centre,France,Central,EU
Kara-Kara-Togo,Kara,Kara,Togo,Africa,Africa
Boscoreale-Campania-Italy,Boscoreale,Campania,Italy,South,EU
Khouribga-Chaouia-Ouardigha-Morocco,Khouribga,Chaouia-Ouardigha,Morocco,Africa,Africa
Sapucaia do Sul-Rio Grande do Sul-Brazil,Sapucaia do Sul,Rio Grande do Sul,Brazil,South,LATAM
Kassel-Hesse-Germany,Kassel,Hesse,Germany,Central,EU
Koblenz-Rhineland-Palatinate-Germany,Koblenz,Rhineland-Palatinate,Germany,Central,EU
Kars-Kars-Turkey,Kars,Kars,Turkey,EMEA,EMEA
San Pedro-Calabarzon-Philippines,San Pedro,Calabarzon,Philippines,Southeast Asia,APAC
Erechim-Rio Grande do Sul-Brazil,Erechim,Rio Grande do Sul,Brazil,South,LATAM
Meridian-Idaho-United States,Meridian,Idaho,United States,West,US
Dronfield-England-United Kingdom,Dronfield,England,United Kingdom,North,EU
Colmar-Alsace-France,Colmar,Alsace,France,Central,EU
Nouakchott-Nouakchott-Mauritania,Nouakchott,Nouakchott,Mauritania,Africa,Africa
Great Falls-Montana-United States,Great Falls,Montana,United States,West,US
Evry-Ile-de-France-France,Evry,Ile-de-France,France,Central,EU
Sakai-Gunma-Japan,Sakai,Gunma,Japan,North Asia,APAC
Lisichansk-Luhans'k-Ukraine,Lisichansk,Luhans'k,Ukraine,EMEA,EMEA
Zhuhai-Guangdong-China,Zhuhai,Guangdong,China,North Asia,APAC
Perth-Western Australia-Australia,Perth,Western Australia,Australia,Oceania,APAC
Behshahr-Mazandaran-Iran,Behshahr,Mazandaran,Iran,EMEA,EMEA
New Delhi-Delhi-India,New Delhi,Delhi,India,Central Asia,APAC
Hot Springs-Arkansas-United States,Hot Springs,Arkansas,United States,South,US
Günzburg-Bavaria-Germany,Günzburg,Bavaria,Germany,Central,EU
Rio Grande-Rio Grande do Sul-Brazil,Rio Grande,Rio Grande do Sul,Brazil,South,LATAM
Yalova-Yalova-Turkey,Yalova,Yalova,Turkey,EMEA,EMEA
Rottingdean-England-United Kingdom,Rottingdean,England,United Kingdom,North,EU
Napier-Hawke's Bay-New Zealand,Napier,Hawke's Bay,New Zealand,Oceania,APAC
Oak Park-Illinois-United States,Oak Park,Illinois,United States,Central,US
Gurupi-Tocantins-Brazil,Gurupi,Tocantins,Brazil,South,LATAM
Bozeman-Montana-United States,Bozeman,Montana,United States,West,US
Messaad-Djelfa-Algeria,Messaad,Djelfa,Algeria,Africa,Africa
Clamart-Ile-de-France-France,Clamart,Ile-de-France,France,Central,EU
Homestead-Florida-United States,Homestead,Florida,United States,South,US
Bamenda-Nord-Ouest-Cameroon,Bamenda,Nord-Ouest,Cameroon,Africa,Africa
Helena-Montana-United States,Helena,Montana,United States,West,US
Forst-Brandenburg-Germany,Forst,Brandenburg,Germany,Central,EU
La Quinta-California-United States,La Quinta,California,United States,West,US
Daegu-Daegu-South Korea,Daegu,Daegu,South Korea,North Asia,APAC
Swindon-England-United Kingdom,Swindon,England,United Kingdom,North,EU
Shiraz-Fars-Iran,Shiraz,Fars,Iran,EMEA,EMEA
Lille-Nord-Pas-de-Calais-France,Lille,Nord-Pas-de-Calais,France,Central,EU
Xiamen-Fujian-China,Xiamen,Fujian,China,North Asia,APAC
Beaune-Burgundy-France,Beaune,Burgundy,France,Central,EU
Carcassonne-Languedoc-Roussillon-France,Carcassonne,Languedoc-Roussillon,France,Central,EU
Savona-Liguria-Italy,Savona,Liguria,Italy,South,EU
Morley-England-United Kingdom,Morley,England,United Kingdom,North,EU
Shangzhi-Heilongjiang-China,Shangzhi,Heilongjiang,China,North Asia,APAC
Huixquilucan-México-Mexico,Huixquilucan,México,Mexico,North,LATAM
Lokossa-Mono-Benin,Lokossa,Mono,Benin,Africa,Africa
Coatzacoalcos-Veracruz-Mexico,Coatzacoalcos,Veracruz,Mexico,North,LATAM
Catania-Sicily-Italy,Catania,Sicily,Italy,South,EU
Menton-Provence-Alpes-Côte d'Azur-France,Menton,Provence-Alpes-Côte d'Azur,France,Central,EU
Duque de Caxias-Rio de Janeiro-Brazil,Duque de Caxias,Rio de Janeiro,Brazil,South,LATAM
Bagneux-Ile-de-France-France,Bagneux,Ile-de-France,France,Central,EU
Yambol-Yambol-Bulgaria,Yambol,Yambol,Bulgaria,EMEA,EMEA
Nakuru-Rift Valley-Kenya,Nakuru,Rift Valley,Kenya,Africa,Africa
Chennai-Tamil Nadu-India,Chennai,Tamil Nadu,India,Central Asia,APAC
Owo-Ondo-Nigeria,Owo,Ondo,Nigeria,Africa,Africa
Morelia-Michoacán-Mexico,Morelia,Michoacán,Mexico,North,LATAM
Springfield-Oregon-United States,Springfield,Oregon,United States,West,US
Eggenstein-Leopoldshafen-Baden-Württemberg-Germany,Eggenstein-Leopoldshafen,Baden-Württemberg,Germany,Central,EU
Luoyang-Fujian-China,Luoyang,Fujian,China,North Asia,APAC
Oldenburg-Lower Saxony-Germany,Oldenburg,Lower Saxony,Germany,Central,EU
Viransehir-Sanliurfa-Turkey,Viransehir,Sanliurfa,Turkey,EMEA,EMEA
Porirua-Wellington-New Zealand,Porirua,Wellington,New Zealand,Oceania,APAC
Mount Isa-Queensland-Australia,Mount Isa,Queensland,Australia,Oceania,APAC
Zhuzhou-Hunan-China,Zhuzhou,Hunan,China,North Asia,APAC
Owerri-Imo-Nigeria,Owerri,Imo,Nigeria,Africa,Africa
Luohe-Henan-China,Luohe,Henan,China,North Asia,APAC
Salem-Virginia-United States,Salem,Virginia,United States,South,US
Andradina-São Paulo-Brazil,Andradina,São Paulo,Brazil,South,LATAM
Providence-Rhode Island-United States,Providence,Rhode Island,United States,East,US
Heilbronn-Baden-Württemberg-Germany,Heilbronn,Baden-Württemberg,Germany,Central,EU
Shanwei-Guangdong-China,Shanwei,Guangdong,China,North Asia,APAC
Sandy Springs-Georgia-United States,Sandy Springs,Georgia,United States,South,US
Kashira-Moscow-Russia,Kashira,Moscow,Russia,EMEA,EMEA
Ipswich-England-United Kingdom,Ipswich,England,United Kingdom,North,EU
Jackson-Michigan-United States,Jackson,Michigan,United States,Central,US
Tivoli-Lazio-Italy,Tivoli,Lazio,Italy,South,EU
Berrechid-Chaouia-Ouardigha-Morocco,Berrechid,Chaouia-Ouardigha,Morocco,Africa,Africa
Columbus-Indiana-United States,Columbus,Indiana,United States,Central,US
Gujrat-Punjab-Pakistan,Gujrat,Punjab,Pakistan,Central Asia,APAC
Kafr ash Shaykh-Kafr Ash Shaykh-Egypt,Kafr ash Shaykh,Kafr Ash Shaykh,Egypt,Africa,Africa
Armenia-Quindío-Colombia,Armenia,Quindío,Colombia,South,LATAM
Moshi-Kilimanjaro-Tanzania,Moshi,Kilimanjaro,Tanzania,Africa,Africa
Katowice-Silesia-Poland,Katowice,Silesia,Poland,EMEA,EMEA
Siegen-North Rhine-Westphalia-Germany,Siegen,North Rhine-Westphalia,Germany,Central,EU
Baoding-Hebei-China,Baoding,Hebei,China,North Asia,APAC
Fernando de la Mora-Central-Paraguay,Fernando de la Mora,Central,Paraguay,South,LATAM
Ingolstadt-Bavaria-Germany,Ingolstadt,Bavaria,Germany,Central,EU
Tasikmalaya-Jawa Barat-Indonesia,Tasikmalaya,Jawa Barat,Indonesia,Southeast Asia,APAC
Pirapora-Minas Gerais-Brazil,Pirapora,Minas Gerais,Brazil,South,LATAM
Nelson-Nelson-New Zealand,Nelson,Nelson,New Zealand,Oceania,APAC
Washington-District of Columbia-United States,Washington,District of Columbia,United States,East,US
Uman'-Cherkasy-Ukraine,Uman',Cherkasy,Ukraine,EMEA,EMEA
Azcapotzalco-Distrito Federal-Mexico,Azcapotzalco,Distrito Federal,Mexico,North,LATAM
Al Hufuf-Ash Sharqiyah-Saudi Arabia,Al Hufuf,Ash Sharqiyah,Saudi Arabia,EMEA,EMEA
Bechar-Bechar-Algeria,Bechar,Bechar,Algeria,Africa,Africa
Yiyang-Hunan-China,Yiyang,Hunan,China,North Asia,APAC
Potenza-Basilicata-Italy,Potenza,Basilicata,Italy,South,EU
Grosseto-Tuscany-Italy,Grosseto,Tuscany,Italy,South,EU
Cienfuegos-Cienfuegos-Cuba,Cienfuegos,Cienfuegos,Cuba,Caribbean,LATAM
Joinville-Santa Catarina-Brazil,Joinville,Santa Catarina,Brazil,South,LATAM
Sevastopol-Sevastopol'-Ukraine,Sevastopol,Sevastopol',Ukraine,EMEA,EMEA
Paita-Piura-Peru,Paita,Piura,Peru,South,LATAM
Tigard-Oregon-United States,Tigard,Oregon,United States,West,US
Nogent-sur-Oise-Picardy-France,Nogent-sur-Oise,Picardy,France,Central,EU
Kawasaki-Kanagawa-Japan,Kawasaki,Kanagawa,Japan,North Asia,APAC
Watertown-New York-United States,Watertown,New York,United States,East,US
Vlaardingen-South Holland-Netherlands,Vlaardingen,South Holland,Netherlands,Central,EU
Echirolles-Rhône-Alpes-France,Echirolles,Rhône-Alpes,France,Central,EU
Lohne-Lower Saxony-Germany,Lohne,Lower Saxony,Germany,Central,EU
Georgetown-Kentucky-United States,Georgetown,Kentucky,United States,South,US
Laredo-Texas-United States,Laredo,Texas,United States,Central,US
Qostanay-Qostanay-Kazakhstan,Qostanay,Qostanay,Kazakhstan,EMEA,EMEA
Vannes-Brittany-France,Vannes,Brittany,France,Central,EU
Artemisa-Artemisa-Cuba,Artemisa,Artemisa,Cuba,Caribbean,LATAM
Bellevue-Washington-United States,Bellevue,Washington,United States,West,US
Potchefstroom-North-West-South Africa,Potchefstroom,North-West,South Africa,Africa,Africa
Fresnillo de González Echeverría-Zacatecas-Mexico,Fresnillo de González Echeverría,Zacatecas,Mexico,North,LATAM
Pazardzhik-Pazardzhik-Bulgaria,Pazardzhik,Pazardzhik,Bulgaria,EMEA,EMEA
San Pedro Sula-Cortés-Honduras,San Pedro Sula,Cortés,Honduras,Central,LATAM
Deuil-la-Barre-Ile-de-France-France,Deuil-la-Barre,Ile-de-France,France,Central,EU
Marietta-Georgia-United States,Marietta,Georgia,United States,South,US
Pierrefitte-sur-Seine-Ile-de-France-France,Pierrefitte-sur-Seine,Ile-de-France,France,Central,EU
Chaguanas-Chaguanas-Trinidad and Tobago,Chaguanas,Chaguanas,Trinidad and Tobago,Caribbean,LATAM
New Bedford-Massachusetts-United States,New Bedford,Massachusetts,United States,East,US
Bogotá-Bogota-Colombia,Bogotá,Bogota,Colombia,South,LATAM
Binjai-Sumatera Utara-Indonesia,Binjai,Sumatera Utara,Indonesia,Southeast Asia,APAC
Puerto Vallarta-Jalisco-Mexico,Puerto Vallarta,Jalisco,Mexico,North,LATAM
Auckland-Auckland-New Zealand,Auckland,Auckland,New Zealand,Oceania,APAC
Noisy-le-Grand-Ile-de-France-France,Noisy-le-Grand,Ile-de-France,France,Central,EU
Burnaby-British Columbia-Canada,Burnaby,British Columbia,Canada,Canada,Canada
Ravenna-Emilia-Romagna-Italy,Ravenna,Emilia-Romagna,Italy,South,EU
Spanish Town-Saint Catherine-Jamaica,Spanish Town,Saint Catherine,Jamaica,Caribbean,LATAM
Buffalo-New York-United States,Buffalo,New York,United States,East,US
Pharr-Texas-United States,Pharr,Texas,United States,Central,US
Leeds-England-United Kingdom,Leeds,England,United Kingdom,North,EU
Wetter (Ruhr)-North Rhine-Westphalia-Germany,Wetter (Ruhr),North Rhine-Westphalia,Germany,Central,EU
Centurion-Gauteng-South Africa,Centurion,Gauteng,South Africa,Africa,Africa
Bitola-Bitola-Macedonia,Bitola,Bitola,Macedonia,EMEA,EMEA
Vineland-New Jersey-United States,Vineland,New Jersey,United States,East,US
Outreau-Nord-Pas-de-Calais-France,Outreau,Nord-Pas-de-Calais,France,Central,EU
Al Manaqil-Gezira-Sudan,Al Manaqil,Gezira,Sudan,Africa,Africa
Coffs Harbour-New South Wales-Australia,Coffs Harbour,New South Wales,Australia,Oceania,APAC
Burlington-Iowa-United States,Burlington,Iowa,United States,Central,US
Ijuí-Rio Grande do Sul-Brazil,Ijuí,Rio Grande do Sul,Brazil,South,LATAM
Birigui-São Paulo-Brazil,Birigui,São Paulo,Brazil,South,LATAM
Newark-Ohio-United States,Newark,Ohio,United States,East,US
Changsha-Hunan-China,Changsha,Hunan,China,North Asia,APAC
Pico Rivera-California-United States,Pico Rivera,California,United States,West,US
Gallarate-Lombardy-Italy,Gallarate,Lombardy,Italy,South,EU
An Nasiriyah-Dhi Qar-Iraq,An Nasiriyah,Dhi Qar,Iraq,EMEA,EMEA
Dos Hermanas-Andalusía-Spain,Dos Hermanas,Andalusía,Spain,South,EU
Bilbeis-Ash Sharqiyah-Egypt,Bilbeis,Ash Sharqiyah,Egypt,Africa,Africa
Choisy-le-Roi-Ile-de-France-France,Choisy-le-Roi,Ile-de-France,France,Central,EU
Henderson-Nevada-United States,Henderson,Nevada,United States,West,US
Puno-Puno-Peru,Puno,Puno,Peru,South,LATAM
Thousand Oaks-California-United States,Thousand Oaks,California,United States,West,US
Oak Park-Michigan-United States,Oak Park,Michigan,United States,Central,US
Grajaú-Maranhão-Brazil,Grajaú,Maranhão,Brazil,South,LATAM
Qom-Qom-Iran,Qom,Qom,Iran,EMEA,EMEA
Molfetta-Apulia-Italy,Molfetta,Apulia,Italy,South,EU
Meerut-Uttar Pradesh-India,Meerut,Uttar Pradesh,India,Central Asia,APAC
Hampton-Virginia-United States,Hampton,Virginia,United States,South,US
Jiaohe-Jilin-China,Jiaohe,Jilin,China,North Asia,APAC
Worcester-England-United Kingdom,Worcester,England,United Kingdom,North,EU
Coimbra-Coimbra-Portugal,Coimbra,Coimbra,Portugal,South,EU
Pingdingshan-Henan-China,Pingdingshan,Henan,China,North Asia,APAC
Daloa-Haut-Sassandra-Cote d'Ivoire,Daloa,Haut-Sassandra,Cote d'Ivoire,Africa,Africa
Tawau-Sabah-Malaysia,Tawau,Sabah,Malaysia,Southeast Asia,APAC
Depok-Jawa Barat-Indonesia,Depok,Jawa Barat,Indonesia,Southeast Asia,APAC
Onitsha-Anambra-Nigeria,Onitsha,Anambra,Nigeria,Africa,Africa
Paris-Ile-de-France-France,Paris,Ile-de-France,France,Central,EU
Satu Mare-Satu Mare-Romania,Satu Mare,Satu Mare,Romania,EMEA,EMEA
Reading-England-United Kingdom,Reading,England,United Kingdom,North,EU
Forster-New South Wales-Australia,Forster,New South Wales,Australia,Oceania,APAC
Montréal-Quebec-Canada,Montréal,Quebec,Canada,Canada,Canada
Mississauga-Ontario-Canada,Mississauga,Ontario,Canada,Canada,Canada
Helmond-North Brabant-Netherlands,Helmond,North Brabant,Netherlands,Central,EU
Passau-Bavaria-Germany,Passau,Bavaria,Germany,Central,EU
Arrentela-Setúbal-Portugal,Arrentela,Setúbal,Portugal,South,EU
