"customer_id","lifetime_sales","lifetime_profit","customer_tier"
TC-111452,3384,1057.086,Gold (Profitable)
VT-217002,1496,325.3425,Silver (Low Margin)
DJ-135102,4513,854.400,Silver (Low Margin)
AT-104351,2779,502.0815,Silver (Low Margin)
PS-90452,489,-114.804,Red (Loss Making)
AY-105552,3023,1041.768,Gold (Profitable)
JR-162101,6360,170.211,Silver (Low Margin)
VW-117752,328,-21.324,Red (Loss Making)
GH-144104,2819,-576.8335,Red (Loss Making)
LD-168554,5,0.4641,Silver (Low Margin)
EK-137954,1302,97.1066,Silver (Low Margin)
PO-191951,5331,-1060.8156,Red (Loss Making)
JO-51452,650,231.924,Silver (Low Margin)
ES-140801,4914,239.0496,Silver (Low Margin)
CP-123401,6559,1513.521,Gold (Profitable)
SL-201553,3815,20.348,Silver (Low Margin)
KM-163752,6772,-16.878,Red (Loss Making)
JM-56553,102,24.57,Silver (Low Margin)
PC-87451,85,15.99,Silver (Low Margin)
MG-82052,15,5.43,Silver (Low Margin)
CC-26101,782,52.818,Silver (Low Margin)
FC-43351,126,29.58,Silver (Low Margin)
NF-185952,1557,136.293,Silver (Low Margin)
PK-189104,1441,-798.705,Red (Loss Making)
SR-104252,107,28.68,Silver (Low Margin)
HJ-48752,890,211.02,Silver (Low Margin)
CL-127004,2354,229.0099,Silver (Low Margin)
BT-113952,5228,1481.307,Gold (Profitable)
JM-156552,6473,195.834,Silver (Low Margin)
RR-195253,5293,-2030.752,Red (Loss Making)
BW-111102,10394,1686.2220,Gold (Profitable)
AG-4952,52,9.15,Silver (Low Margin)
SR-204251,2027,169.074,Silver (Low Margin)
CC-126104,2541,331.4340,Silver (Low Margin)
PW-90302,574,-254.202,Red (Loss Making)
CH-120703,832,-238.45424,Red (Loss Making)
KC-166754,1145,156.7797,Silver (Low Margin)
DK-32252,585,7.134,Silver (Low Margin)
RD-196603,751,88.336,Silver (Low Margin)
PO-91801,416,-566.052,Red (Loss Making)
BN-14701,1325,387.30,Silver (Low Margin)
BP-111854,3676,363.5991,Silver (Low Margin)
MK-179052,2601,411.2265,Silver (Low Margin)
SR-207402,5929,1279.20,Gold (Profitable)
FA-142301,2177,194.1693,Silver (Low Margin)
AB-100604,7757,2054.5885,Gold (Profitable)
CK-123251,1916,160.5222,Silver (Low Margin)
CG-120402,373,-139.860,Red (Loss Making)
VP-117302,304,-278.340,Red (Loss Making)
VB-117451,386,116.43,Silver (Low Margin)
TT-112652,2433,439.932,Silver (Low Margin)
TT-212654,439,93.9162,Silver (Low Margin)
TS-112051,584,36.51,Silver (Low Margin)
ED-138853,4922,1132.32,Gold (Profitable)
RB-197054,2068,243.0755,Silver (Low Margin)
FH-142752,2972,504.342,Silver (Low Margin)
DV-30451,1269,115.791,Silver (Low Margin)
AC-106153,1699,3.25268,Silver (Low Margin)
DL-34952,118,-94.704,Red (Loss Making)
PS-189704,1278,198.5099,Silver (Low Margin)
JJ-157603,1904,155.35408,Silver (Low Margin)
CW-119051,2652,194.346,Silver (Low Margin)
TH-112352,2447,562.038,Silver (Low Margin)
SF-109652,1608,422.532,Silver (Low Margin)
MG-178752,6604,77.0895,Silver (Low Margin)
BS-113652,4186,1397.325,Gold (Profitable)
DV-130454,1122,-427.1840,Red (Loss Making)
KM-163754,5622,973.7902,Silver (Low Margin)
PW-190304,3454,803.8169,Silver (Low Margin)
SJ-201253,2515,779.544,Silver (Low Margin)
CH-120704,1537,195.1511,Silver (Low Margin)
JR-162103,2141,254.032,Silver (Low Margin)
KE-164201,3589,397.2936,Silver (Low Margin)
DB-132703,118,-8.13,Red (Loss Making)
AR-103452,7043,771.624,Silver (Low Margin)
MS-179802,7202,953.535,Silver (Low Margin)
DB-32701,662,135.75,Silver (Low Margin)
SU-206652,1111,-131.421,Red (Loss Making)
MP-79651,295,82.533,Silver (Low Margin)
JS-159401,22,10.86,Silver (Low Margin)
HR-147702,3553,667.782,Silver (Low Margin)
AT-104353,3364,843.152,Silver (Low Margin)
BM-115753,2908,291.94908,Silver (Low Margin)
JK-156403,3219,355.5720,Silver (Low Margin)
VM-216854,2454,513.5269,Silver (Low Margin)
SR-107401,158,46.68,Silver (Low Margin)
BV-112452,10437,2761.272,Gold (Profitable)
KH-66903,1241,-170.256,Red (Loss Making)
BT-113052,2919,545.691,Silver (Low Margin)
DM-133453,1290,193.20,Silver (Low Margin)
DK-128352,4960,1549.830,Gold (Profitable)
BS-113801,8133,342.1545,Silver (Low Margin)
RB-194653,3867,776.3104,Silver (Low Margin)
JP-161354,1706,309.7116,Silver (Low Margin)
ND-84602,41,11.16,Silver (Low Margin)
FC-143352,914,186.2925,Silver (Low Margin)
SC-200501,5484,869.6595,Silver (Low Margin)
RS-194204,3221,633.4514,Silver (Low Margin)
MH-177853,2017,-548.52056,Red (Loss Making)
AJ-107804,4868,150.7130,Silver (Low Margin)
DH-30752,476,-115.788,Red (Loss Making)
MH-181151,2634,659.790,Silver (Low Margin)
RB-96451,147,10.29,Silver (Low Margin)
DB-129702,5520,133.959,Silver (Low Margin)
KF-162853,1070,395.032,Silver (Low Margin)
DH-130753,2978,160.892,Silver (Low Margin)
KB-166001,5897,365.4267,Silver (Low Margin)
BS-18001,4163,235.074,Silver (Low Margin)
EB-137501,1120,237.378,Silver (Low Margin)
DB-29701,181,30.57,Silver (Low Margin)
RD-196601,4068,1298.3901,Gold (Profitable)
DB-133601,2322,8.2668,Silver (Low Margin)
FW-143952,2878,616.995,Silver (Low Margin)
MA-175604,4300,1240.2266,Gold (Profitable)
HD-47852,14,5.52,Silver (Low Margin)
DS-130304,1762,193.3319,Silver (Low Margin)
AP-107203,2919,695.2546,Silver (Low Margin)
LW-69901,172,18.57,Silver (Low Margin)
CA-120553,2248,388.914,Silver (Low Margin)
DB-132701,2386,143.0700,Silver (Low Margin)
RF-193454,3310,633.7072,Silver (Low Margin)
SB-202901,5101,-536.0382,Red (Loss Making)
ES-140804,4657,246.6661,Silver (Low Margin)
Dl-36002,1815,29.490,Silver (Low Margin)
KD-166151,1042,270.585,Silver (Low Margin)
AG-104953,2110,320.30956,Silver (Low Margin)
KN-164501,8187,1638.1341,Gold (Profitable)
CS-124903,5698,-206.592,Red (Loss Making)
KB-166004,984,293.5524,Silver (Low Margin)
FM-142903,5888,1322.68532,Gold (Profitable)
DK-28352,1542,18.852,Silver (Low Margin)
VP-217304,994,205.3888,Silver (Low Margin)
KB-165853,926,-61.236,Red (Loss Making)
LO-71702,933,-955.305,Red (Loss Making)
BM-16503,2180,372.954,Silver (Low Margin)
BF-111703,3179,368.94324,Silver (Low Margin)
MK-79053,712,143.832,Silver (Low Margin)
PO-191804,4893,1155.4331,Gold (Profitable)
JK-153251,10908,1686.6030,Gold (Profitable)
KB-65851,217,-47.19,Red (Loss Making)
CK-123254,2946,261.2209,Silver (Low Margin)
BF-109754,600,227.4384,Silver (Low Margin)
VG-218053,4084,1206.84136,Gold (Profitable)
SP-206504,1873,268.4782,Silver (Low Margin)
JM-152651,8818,1206.7197,Gold (Profitable)
HR-148304,5251,1196.9504,Gold (Profitable)
VP-217601,5503,682.1805,Silver (Low Margin)
AC-6151,1706,-438.858,Red (Loss Making)
AB-601,1483,685.998,Silver (Low Margin)
RS-197652,3669,1077.102,Gold (Profitable)
FG-142604,1383,394.7397,Silver (Low Margin)
SC-202601,2826,243.0294,Silver (Low Margin)
MF-82501,25,1.5,Silver (Low Margin)
BT-113053,2443,-2.886,Red (Loss Making)
EM-141401,10563,1930.6089,Gold (Profitable)
EM-42002,663,73.968,Silver (Low Margin)
JG-153104,2241,3.7976,Silver (Low Margin)
SC-100502,819,126.354,Silver (Low Margin)
RH-95102,1252,33.900,Silver (Low Margin)
PL-89252,498,125.67,Silver (Low Margin)
BP-111853,2919,-250.10708,Red (Loss Making)
NB-185803,1886,-209.9396,Red (Loss Making)
NM-84452,18,5.25,Silver (Low Margin)
GM-144553,304,26.816,Silver (Low Margin)
FA-142302,7077,309.5055,Silver (Low Margin)
MH-176204,1253,122.3612,Silver (Low Margin)
HR-147703,1869,-232.028,Red (Loss Making)
TH-211153,3269,430.99168,Silver (Low Margin)
MT-80701,4827,-471.984,Red (Loss Making)
MP-181753,2096,576.496,Silver (Low Margin)
SN-107101,192,-50.256,Red (Loss Making)
KF-162851,2166,500.6715,Silver (Low Margin)
SS-101402,7,2.52,Silver (Low Margin)
GH-44852,449,67.38,Silver (Low Margin)
KD-166152,6685,730.5255,Silver (Low Margin)
AH-301,5072,-576.624,Red (Loss Making)
KN-63902,201,36.33,Silver (Low Margin)
LS-69752,451,100.74,Silver (Low Margin)
DR-128803,2664,415.0788,Silver (Low Margin)
SM-109501,114,39.03,Silver (Low Margin)
RM-196752,3011,340.482,Silver (Low Margin)
TB-113552,128,9.93,Silver (Low Margin)
TC-214754,1245,119.1040,Silver (Low Margin)
MY-82952,1081,-480.126,Red (Loss Making)
KH-166902,4761,543.126,Silver (Low Margin)
JG-158053,1544,284.788,Silver (Low Margin)
PA-190602,1921,347.70,Silver (Low Margin)
JS-59402,17,4.11,Silver (Low Margin)
DJ-35101,2406,846.51,Silver (Low Margin)
BF-110201,1704,416.4888,Silver (Low Margin)
DK-28351,1830,266.811,Silver (Low Margin)
FM-42901,327,21.330,Silver (Low Margin)
BV-12451,685,-595.296,Red (Loss Making)
PO-91802,88,21.84,Silver (Low Margin)
TT-214603,2189,172.09216,Silver (Low Margin)
PB-92101,270,-244.389,Red (Loss Making)
CA-19651,435,-51.861,Red (Loss Making)
CP-120851,3889,357.1749,Silver (Low Margin)
HJ-148751,8541,885.7407,Silver (Low Margin)
Dp-32403,98,39.36,Silver (Low Margin)
DM-33451,334,-96.93,Red (Loss Making)
JG-153101,5932,1378.1979,Gold (Profitable)
NM-84451,191,26.40,Silver (Low Margin)
KS-63002,109,5.46,Silver (Low Margin)
RW-196301,3001,839.4468,Silver (Low Margin)
SH-199751,3622,553.5918,Silver (Low Margin)
AS-102251,9773,1572.6507,Gold (Profitable)
CV-28051,3070,930.924,Silver (Low Margin)
TC-211451,8279,499.8429,Silver (Low Margin)
SJ-101252,23,4.20,Silver (Low Margin)
NC-186252,2018,219.8175,Silver (Low Margin)
SZ-200352,57,-47.52,Red (Loss Making)
BT-114854,415,126.8694,Silver (Low Margin)
MR-175451,4797,971.7588,Silver (Low Margin)
MG-178904,777,171.7372,Silver (Low Margin)
JG-153103,1234,386.76,Silver (Low Margin)
AB-102554,914,264.5675,Silver (Low Margin)
BP-111852,4348,587.760,Silver (Low Margin)
MA-79953,240,-245.874,Red (Loss Making)
EM-142003,5438,590.73816,Silver (Low Margin)
VG-218051,15654,2748.1878,Gold (Profitable)
KB-165851,8274,551.805,Silver (Low Margin)
FM-42152,941,79.434,Silver (Low Margin)
BP-110951,900,-156.9684,Red (Loss Making)
PA-190603,2808,70.76056,Silver (Low Margin)
SS-105151,373,116.16,Silver (Low Margin)
DR-129402,4652,793.1895,Silver (Low Margin)
VM-216852,4589,-2458.938,Red (Loss Making)
LC-169602,3477,830.094,Silver (Low Margin)
RB-196451,2377,306.8154,Silver (Low Margin)
JE-156103,540,61.382,Silver (Low Margin)
MR-75452,363,75.78,Silver (Low Margin)
CR-26253,3763,596.166,Silver (Low Margin)
RS-194202,5093,570.018,Silver (Low Margin)
FC-142454,3419,1217.1662,Gold (Profitable)
TP-215653,2821,619.640,Silver (Low Margin)
TS-214303,1813,475.672,Silver (Low Margin)
BB-109903,1790,251.016,Silver (Low Margin)
MH-172904,2393,28.7612,Silver (Low Margin)
CP-120852,1632,202.443,Silver (Low Margin)
HW-149351,3557,-245.5110,Red (Loss Making)
HE-48001,227,-61.728,Red (Loss Making)
MP-179652,6431,196.716,Silver (Low Margin)
JP-161352,2948,606.933,Silver (Low Margin)
DW-134802,3412,979.266,Silver (Low Margin)
KM-63751,1355,16.239,Silver (Low Margin)
DV-130452,2210,247.332,Silver (Low Margin)
AJ-107803,601,69.272,Silver (Low Margin)
SG-208902,3806,490.020,Silver (Low Margin)
BM-16501,341,79.212,Silver (Low Margin)
BS-115902,4036,519.5145,Silver (Low Margin)
KC-166752,7362,1941.867,Gold (Profitable)
BC-111254,2934,251.5974,Silver (Low Margin)
PV-189854,2875,434.5284,Silver (Low Margin)
KC-66751,19,3.18,Silver (Low Margin)
SJ-201252,3671,475.296,Silver (Low Margin)
SM-103201,3993,698.394,Silver (Low Margin)
SC-106952,133,-193.128,Red (Loss Making)
PS-189703,6286,1575.22632,Gold (Profitable)
NC-185354,8240,1314.7580,Gold (Profitable)
TC-114751,448,81.75,Silver (Low Margin)
PH-87902,1570,347.01,Silver (Low Margin)
MG-178751,4374,176.6466,Silver (Low Margin)
BS-118004,950,194.0516,Silver (Low Margin)
DJ-134202,11158,1245.522,Gold (Profitable)
ML-180404,742,138.7162,Silver (Low Margin)
PA-90602,448,10.950,Silver (Low Margin)
CA-119651,11653,3220.0506,Platinum (High Value)
PW-190303,2237,332.12536,Silver (Low Margin)
JJ-157601,7400,1166.139,Gold (Profitable)
VM-116851,58,24.09,Silver (Low Margin)
AR-103451,4462,1030.9062,Gold (Profitable)
TC-115351,1810,-1550.208,Red (Loss Making)
KB-164052,5858,-390.8505,Red (Loss Making)
RB-194652,1190,294.165,Silver (Low Margin)
TZ-214453,7853,-654.89660,Red (Loss Making)
MC-176051,2942,-243.6015,Red (Loss Making)
SN-105603,312,77.958,Silver (Low Margin)
RW-195403,1134,295.216,Silver (Low Margin)
RW-195401,6351,922.728,Silver (Low Margin)
PC-190004,1062,-184.3364,Red (Loss Making)
RH-95101,585,-170.232,Red (Loss Making)
EH-141253,2760,446.52012,Silver (Low Margin)
AS-102851,6388,835.566,Silver (Low Margin)
MT-180704,1321,-23.6763,Red (Loss Making)
YS-218803,4573,797.452,Silver (Low Margin)
SF-209652,888,155.334,Silver (Low Margin)
BM-116503,3497,995.48908,Silver (Low Margin)
SM-103202,53,-24.426,Red (Loss Making)
TN-210404,3129,-692.0452,Red (Loss Making)
RP-198552,4063,409.0485,Silver (Low Margin)
TC-209803,5492,-368.152,Red (Loss Making)
BS-13651,807,258.87,Silver (Low Margin)
MZ-173354,594,85.0191,Silver (Low Margin)
LS-72001,341,-102.474,Red (Loss Making)
MF-182502,9618,1444.281,Gold (Profitable)
BP-11852,850,-633.840,Red (Loss Making)
DP-131051,11883,2220.339,Gold (Profitable)
KH-163304,3313,454.7871,Silver (Low Margin)
RW-196302,1349,106.5255,Silver (Low Margin)
NL-183102,1732,-1898.706,Red (Loss Making)
CC-124303,5878,1141.05156,Gold (Profitable)
MH-172901,3762,655.2507,Silver (Low Margin)
JR-62102,169,8.4,Silver (Low Margin)
PC-187452,1448,346.992,Silver (Low Margin)
TT-214601,4064,353.5743,Silver (Low Margin)
NZ-85651,329,-166.566,Red (Loss Making)
BS-118003,2224,352.108,Silver (Low Margin)
NL-183104,1420,343.6381,Silver (Low Margin)
JS-159404,471,-327.9336,Red (Loss Making)
SH-99752,7537,1199.25,Gold (Profitable)
PH-187902,408,169.083,Silver (Low Margin)
CB-25352,32,-37.242,Red (Loss Making)
MH-174404,400,61.4286,Silver (Low Margin)
DW-131951,7327,1517.2821,Gold (Profitable)
PS-89701,57,16.74,Silver (Low Margin)
CA-123102,2734,-32.5710,Red (Loss Making)
TT-112651,2618,829.86,Silver (Low Margin)
RS-94203,42,1.68,Silver (Low Margin)
Dp-132403,4201,1068.16432,Gold (Profitable)
BF-10051,699,250.02,Silver (Low Margin)
JK-161204,2933,122.6566,Silver (Low Margin)
JE-161653,513,15.23236,Silver (Low Margin)
DA-134502,2972,-945.204,Red (Loss Making)
EM-40953,881,-255.120,Red (Loss Making)
NZ-185652,5475,1002.744,Gold (Profitable)
NF-185953,4287,556.65152,Silver (Low Margin)
AH-101204,1736,-2.3146,Red (Loss Making)
CY-127453,4118,58.8472,Silver (Low Margin)
MK-179053,3269,-582.576,Red (Loss Making)
AM-103604,813,194.9878,Silver (Low Margin)
DP-133901,1889,-36.1833,Red (Loss Making)
TB-211752,4662,783.537,Silver (Low Margin)
KN-163901,6633,871.2141,Silver (Low Margin)
KB-164051,6075,982.7160,Silver (Low Margin)
SC-202603,1205,-52.82,Red (Loss Making)
JK-56401,164,39.39,Silver (Low Margin)
AG-103004,367,59.2884,Silver (Low Margin)
CM-126552,4740,-1765.3635,Red (Loss Making)
KN-163902,7376,2729.577,Gold (Profitable)
AB-102553,4644,309.376,Silver (Low Margin)
AB-102552,949,262.755,Silver (Low Margin)
CP-120853,3262,-366.260,Red (Loss Making)
TH-115501,181,-49.68,Red (Loss Making)
EH-137652,3774,-608.994,Red (Loss Making)
KD-164952,5900,1496.4675,Gold (Profitable)
JK-161202,894,271.98,Silver (Low Margin)
CD-127902,10120,1290.3645,Gold (Profitable)
MG-176801,9028,1144.6821,Gold (Profitable)
GR-45601,4473,-376.203,Red (Loss Making)
LA-67802,3030,59.670,Silver (Low Margin)
SC-204404,1875,379.5611,Silver (Low Margin)
JK-61203,1014,50.52,Silver (Low Margin)
EM-142002,3557,858.03,Silver (Low Margin)
CM-18302,1716,78.270,Silver (Low Margin)
AS-102854,3215,354.6276,Silver (Low Margin)
NB-85802,100,32.94,Silver (Low Margin)
AC-104203,4561,-655.412,Red (Loss Making)
RP-198551,3516,-176.7981,Red (Loss Making)
CP-123402,2537,376.500,Silver (Low Margin)
EM-142001,7725,1667.7975,Gold (Profitable)
AS-2852,2881,223.11,Silver (Low Margin)
AR-8252,324,-28.974,Red (Loss Making)
DM-29553,1420,228.819,Silver (Low Margin)
TH-115502,93,24.06,Silver (Low Margin)
BS-13652,152,29.31,Silver (Low Margin)
AY-5551,660,1.872,Silver (Low Margin)
GD-145902,5870,132.0285,Silver (Low Margin)
YC-118951,97,7.869,Silver (Low Margin)
TZ-114451,158,47.73,Silver (Low Margin)
JL-151754,1571,209.2817,Silver (Low Margin)
PN-187751,5619,1148.9025,Gold (Profitable)
JS-156852,1746,478.371,Silver (Low Margin)
AS-106303,80,22.26,Silver (Low Margin)
MH-81151,942,196.98,Silver (Low Margin)
LC-69602,583,-418.278,Red (Loss Making)
EA-140353,4285,180.55792,Silver (Low Margin)
CB-125353,2500,-59.32216,Red (Loss Making)
AS-106301,7447,2496.0405,Gold (Profitable)
GD-45902,655,117.69,Silver (Low Margin)
BW-11102,17,7.14,Silver (Low Margin)
VW-217754,6135,-874.6645,Red (Loss Making)
DK-128354,3256,881.1228,Silver (Low Margin)
GZ-145453,2743,805.32440,Silver (Low Margin)
CM-127151,1650,156.495,Silver (Low Margin)
AS-1352,3792,788.10,Silver (Low Margin)
JM-52652,424,161.16,Silver (Low Margin)
CM-118153,3020,-926.648,Red (Loss Making)
DB-35552,840,265.812,Silver (Low Margin)
HD-147851,10484,2700.2832,Gold (Profitable)
BC-111252,6941,1567.041,Gold (Profitable)
BF-112754,791,25.8702,Silver (Low Margin)
MC-175903,3057,357.42168,Silver (Low Margin)
MA-79952,130,30,Silver (Low Margin)
AM-103601,3217,291.9576,Silver (Low Margin)
TH-212351,2484,-166.410,Red (Loss Making)
CC-121004,1771,208.5912,Silver (Low Margin)
MA-179953,1607,-481.57936,Red (Loss Making)
BB-109904,744,11.5839,Silver (Low Margin)
JO-55502,2325,-68.550,Red (Loss Making)
DB-133602,1498,109.428,Silver (Low Margin)
BS-113653,6543,1215.71796,Gold (Profitable)
AS-102852,4997,321.9435,Silver (Low Margin)
NZ-185651,9544,546.60,Silver (Low Margin)
HD-47851,3311,822.528,Silver (Low Margin)
JB-160451,5763,730.0494,Silver (Low Margin)
FH-142751,5052,2082.552,Gold (Profitable)
PA-90601,3223,896.511,Silver (Low Margin)
RF-93453,2506,532.47,Silver (Low Margin)
DS-131801,3598,758.0772,Silver (Low Margin)
CA-120554,1679,211.2559,Silver (Low Margin)
VG-218054,427,-52.3330,Red (Loss Making)
CM-118151,4625,-519.6486,Red (Loss Making)
DS-131804,2882,163.6993,Silver (Low Margin)
RB-197053,1930,239.432,Silver (Low Margin)
RW-195404,7400,1586.6273,Gold (Profitable)
VM-216853,3452,223.84432,Silver (Low Margin)
JC-161051,2239,11.8650,Silver (Low Margin)
MG-76501,302,27.15,Silver (Low Margin)
LW-69902,1696,133.011,Silver (Low Margin)
DK-131504,798,249.9447,Silver (Low Margin)
CB-125351,3987,793.095,Silver (Low Margin)
RR-95252,702,-52.230,Red (Loss Making)
RS-97652,565,137.43,Silver (Low Margin)
KB-164054,909,274.2970,Silver (Low Margin)
BF-110051,14563,2272.4889,Gold (Profitable)
NM-184454,6461,2751.6849,Gold (Profitable)
EB-38402,1444,509.19,Silver (Low Margin)
AM-103602,8940,2375.502,Gold (Profitable)
DK-131502,5970,983.409,Silver (Low Margin)
JC-161052,6355,276.774,Silver (Low Margin)
PC-90001,1040,293.310,Silver (Low Margin)
SN-205604,1861,-716.8565,Red (Loss Making)
VP-217302,2182,424.839,Silver (Low Margin)
CM-118154,1676,214.4630,Silver (Low Margin)
QJ-192552,3314,1275.09,Gold (Profitable)
LO-171702,3470,1171.365,Gold (Profitable)
TW-110251,125,-105.045,Red (Loss Making)
CK-23252,2867,494.01,Silver (Low Margin)
RR-195252,2907,965.034,Silver (Low Margin)
PO-191802,682,27.495,Silver (Low Margin)
NS-86401,694,-43.524,Red (Loss Making)
GH-144854,1362,-95.4498,Red (Loss Making)
KD-164953,1336,-93.572,Red (Loss Making)
LC-69302,1096,-162.261,Red (Loss Making)
NC-186253,1573,258.55208,Silver (Low Margin)
ML-177552,5182,1062.8085,Gold (Profitable)
QJ-192554,6111,1203.6768,Gold (Profitable)
JS-59401,755,91.002,Silver (Low Margin)
GM-44551,207,95.16,Silver (Low Margin)
GH-144853,1509,384.608,Silver (Low Margin)
RM-196754,5978,1902.5438,Gold (Profitable)
SC-202304,4374,440.1410,Silver (Low Margin)
AB-2552,283,57.96,Silver (Low Margin)
NB-86552,303,-113.634,Red (Loss Making)
TS-111601,646,106.44,Silver (Low Margin)
MG-78751,80,15.87,Silver (Low Margin)
MH-181154,5503,170.9746,Silver (Low Margin)
DB-132702,4532,443.6925,Silver (Low Margin)
BW-111104,4752,921.2574,Silver (Low Margin)
HP-148151,1045,112.362,Silver (Low Margin)
SC-206801,8915,858.6420,Silver (Low Margin)
SW-107553,958,182.016,Silver (Low Margin)
JM-156551,5566,1294.1787,Gold (Profitable)
BF-10202,789,-514.944,Red (Loss Making)
PH-187901,3975,824.1573,Silver (Low Margin)
KL-65552,781,111.678,Silver (Low Margin)
CP-123403,5127,143.25328,Silver (Low Margin)
CM-127152,1243,179.6775,Silver (Low Margin)
CK-123253,3713,69.98312,Silver (Low Margin)
GR-145602,2996,249.243,Silver (Low Margin)
BT-113051,2394,-52.221,Red (Loss Making)
PS-189702,4672,769.8315,Silver (Low Margin)
BF-10052,33,-73.587,Red (Loss Making)
RS-94201,331,49.29,Silver (Low Margin)
SP-206201,9224,1482.5217,Gold (Profitable)
JK-61202,875,76.11,Silver (Low Margin)
AH-6902,869,162.78,Silver (Low Margin)
JS-59403,2158,-56.382,Red (Loss Making)
CR-26251,1216,244.911,Silver (Low Margin)
ME-173202,6977,921.846,Silver (Low Margin)
DJ-135104,2502,345.2521,Silver (Low Margin)
RH-195103,1654,355.52496,Silver (Low Margin)
DR-29401,2065,592.656,Silver (Low Margin)
NH-186104,2673,760.1666,Silver (Low Margin)
DM-129552,3887,307.116,Silver (Low Margin)
MM-182803,1429,172.860,Silver (Low Margin)
MC-74252,111,15.54,Silver (Low Margin)
KC-162553,2725,474.752,Silver (Low Margin)
MD-178604,1203,-4.0403,Red (Loss Making)
SZ-100351,409,11.10,Silver (Low Margin)
RS-198702,3208,835.4535,Silver (Low Margin)
HR-147704,1299,185.5794,Silver (Low Margin)
VP-217604,3361,-1018.7768,Red (Loss Making)
ML-80401,1513,470.70,Silver (Low Margin)
EB-138404,4358,656.1988,Silver (Low Margin)
BF-11702,637,255.48,Silver (Low Margin)
KE-64202,51,-50.178,Red (Loss Making)
AO-8102,386,90.21,Silver (Low Margin)
JK-156404,4762,1172.5303,Gold (Profitable)
JG-158054,1507,206.1019,Silver (Low Margin)
TB-211904,816,179.0038,Silver (Low Margin)
ML-177553,404,122.66,Silver (Low Margin)
NP-186851,3851,-260.0577,Red (Loss Making)
GR-45602,483,-158.508,Red (Loss Making)
SM-209503,2966,33.81524,Silver (Low Margin)
FW-143953,3118,422.998,Silver (Low Margin)
EB-38401,9,2.7,Silver (Low Margin)
BS-115901,2791,223.896,Silver (Low Margin)
SC-200504,4626,1011.7443,Gold (Profitable)
KH-163302,1544,352.26,Silver (Low Margin)
RF-193451,4628,326.058,Silver (Low Margin)
BG-116952,662,-351.33,Red (Loss Making)
FC-143351,2788,266.3427,Silver (Low Margin)
CS-118451,16655,2995.5816,Gold (Profitable)
VP-117301,129,-230.070,Red (Loss Making)
CD-127904,1861,403.8422,Silver (Low Margin)
HP-48152,588,120.912,Silver (Low Margin)
AC-104202,1033,214.278,Silver (Low Margin)
JE-161654,2698,789.6476,Silver (Low Margin)
SD-204851,3462,403.2039,Silver (Low Margin)
YC-218953,406,147.24,Silver (Low Margin)
SC-202604,3732,671.0034,Silver (Low Margin)
AD-1801,12,3.45,Silver (Low Margin)
TS-212052,1262,-16.863,Red (Loss Making)
RM-96751,198,96.99,Silver (Low Margin)
DA-34501,1237,361.08,Silver (Low Margin)
BW-111101,12267,315.3345,Silver (Low Margin)
SD-104851,1115,205.911,Silver (Low Margin)
DW-34801,1339,151.776,Silver (Low Margin)
LR-170353,3652,774.78320,Silver (Low Margin)
LC-169603,478,-25.728,Red (Loss Making)
AH-101201,558,28.512,Silver (Low Margin)
CS-121753,602,30.832,Silver (Low Margin)
AS-106302,1455,539.571,Silver (Low Margin)
AR-8251,1704,318.516,Silver (Low Margin)
GH-144103,2856,-587.56752,Red (Loss Making)
DK-132254,4802,209.8994,Silver (Low Margin)
CY-27451,262,-187.626,Red (Loss Making)
BT-13952,244,56.1,Silver (Low Margin)
BB-9901,507,74.13,Silver (Low Margin)
LW-168252,5260,383.70,Silver (Low Margin)
GZ-145451,3355,302.5494,Silver (Low Margin)
VP-217301,5354,949.1886,Silver (Low Margin)
MP-181752,5065,178.7235,Silver (Low Margin)
LW-169904,3232,662.8339,Silver (Low Margin)
MC-174254,4433,1802.3903,Gold (Profitable)
HR-48302,62,-72.372,Red (Loss Making)
EH-37652,405,-425.232,Red (Loss Making)
DJ-34202,158,9.36,Silver (Low Margin)
KB-165852,4440,328.2885,Silver (Low Margin)
HR-47701,1833,158.22,Silver (Low Margin)
GH-144852,7376,741.378,Silver (Low Margin)
CR-126253,2593,198.50528,Silver (Low Margin)
JO-151452,4024,928.908,Silver (Low Margin)
FA-142303,1297,221.064,Silver (Low Margin)
AC-106151,5753,1253.5158,Gold (Profitable)
KF-62852,2808,-653.790,Red (Loss Making)
PH-87901,177,6.54,Silver (Low Margin)
CM-126554,6340,1572.4585,Gold (Profitable)
KB-66002,29,13.17,Silver (Low Margin)
FW-43952,537,-117.279,Red (Loss Making)
SP-208604,4283,566.7226,Silver (Low Margin)
EB-139754,1644,162.8781,Silver (Low Margin)
AS-102253,1031,23.880,Silver (Low Margin)
SW-203503,642,38.02904,Silver (Low Margin)
RP-192701,6542,1098.5217,Gold (Profitable)
TH-211154,2942,-252.5539,Red (Loss Making)
ME-180102,5882,116.1840,Silver (Low Margin)
Dl-136004,756,175.2388,Silver (Low Margin)
KN-67052,4514,691.188,Silver (Low Margin)
KB-162403,2661,489.500,Silver (Low Margin)
PM-191352,1315,268.23,Silver (Low Margin)
LD-168551,1475,258.3741,Silver (Low Margin)
MP-181751,9796,-526.3767,Red (Loss Making)
CH-120702,6312,1169.6040,Gold (Profitable)
RP-192703,495,35.180,Silver (Low Margin)
AG-4953,482,-164.658,Red (Loss Making)
EB-137502,2024,448.827,Silver (Low Margin)
ML-80403,104,-165.714,Red (Loss Making)
EB-37052,422,87.63,Silver (Low Margin)
JC-61052,3855,-2470.734,Red (Loss Making)
DB-129701,808,116.283,Silver (Low Margin)
MC-75902,1073,487.29,Silver (Low Margin)
ML-77551,937,207.42,Silver (Low Margin)
AR-4052,426,5.340,Silver (Low Margin)
KM-63753,572,155.79,Silver (Low Margin)
PS-190451,8178,504.9819,Silver (Low Margin)
HK-148901,2378,215.3406,Silver (Low Margin)
HM-148601,4407,541.5858,Silver (Low Margin)
SH-206353,1775,61.708,Silver (Low Margin)
SN-105602,441,87.99,Silver (Low Margin)
MO-178003,2319,241.940,Silver (Low Margin)
JB-154004,1791,156.0532,Silver (Low Margin)
YS-118802,1138,327.972,Silver (Low Margin)
HK-48901,301,36.18,Silver (Low Margin)
EM-41402,1262,-134.340,Red (Loss Making)
GM-46951,474,90.24,Silver (Low Margin)
DR-129404,8352,2869.0760,Gold (Profitable)
DP-131053,3906,128.04320,Silver (Low Margin)
DG-133001,5020,940.836,Silver (Low Margin)
BC-11251,85,25.53,Silver (Low Margin)
GZ-145452,3043,708.765,Silver (Low Margin)
PM-91352,684,197.886,Silver (Low Margin)
MC-176351,7576,1329.5607,Gold (Profitable)
ME-73202,1302,229.59,Silver (Low Margin)
RB-97053,1464,-296.286,Red (Loss Making)
YS-118801,190,30.84,Silver (Low Margin)
TC-215351,3241,864.0561,Silver (Low Margin)
SC-206953,4596,209.42160,Silver (Low Margin)
MG-178753,2233,83.55152,Silver (Low Margin)
MF-182503,2874,271.137,Silver (Low Margin)
MG-182052,5544,384.300,Silver (Low Margin)
RS-198701,1460,280.698,Silver (Low Margin)
DE-32551,142,48.99,Silver (Low Margin)
GM-144554,3078,793.2814,Silver (Low Margin)
MD-178601,9590,1235.5551,Gold (Profitable)
MT-180702,6720,1291.8735,Gold (Profitable)
SN-205601,6795,-2597.130,Red (Loss Making)
RM-196753,1266,575.86,Silver (Low Margin)
TS-213704,11891,2371.7144,Gold (Profitable)
SP-105451,419,51.09,Silver (Low Margin)
KE-64201,573,150.57,Silver (Low Margin)
SS-101401,169,-158.532,Red (Loss Making)
EM-140952,5336,1582.482,Gold (Profitable)
AR-104052,3532,-231.957,Red (Loss Making)
LA-167803,832,166.66,Silver (Low Margin)
PB-188051,3440,767.9934,Silver (Low Margin)
AY-5552,2436,438.588,Silver (Low Margin)
HD-147853,2419,-1240.846,Red (Loss Making)
BS-118002,3002,431.784,Silver (Low Margin)
GB-45303,130,14.19,Silver (Low Margin)
ES-140803,4628,1278.2492,Gold (Profitable)
PO-191953,1958,-1036.87152,Red (Loss Making)
BP-110501,671,-190.161,Red (Loss Making)
CM-127153,1513,402.904,Silver (Low Margin)
MO-178004,1686,169.3437,Silver (Low Margin)
NC-86251,339,23.76,Silver (Low Margin)
BE-13351,705,-246.111,Red (Loss Making)
CA-120552,4018,815.619,Silver (Low Margin)
LW-168251,2026,489.522,Silver (Low Margin)
MH-176202,4013,398.505,Silver (Low Margin)
AH-101202,3590,905.511,Silver (Low Margin)
BF-12752,985,95.424,Silver (Low Margin)
JE-56102,145,-78.957,Red (Loss Making)
CC-124301,5193,1207.9710,Gold (Profitable)
NB-185802,1409,-48.000,Red (Loss Making)
DK-132252,1819,253.710,Silver (Low Margin)
SC-202301,8083,1355.559,Gold (Profitable)
BB-115454,6767,1015.0750,Gold (Profitable)
TC-109802,2650,395.58,Silver (Low Margin)
VF-217153,4802,1139.484,Gold (Profitable)
LW-169902,4275,406.1565,Silver (Low Margin)
JS-156853,4132,679.724,Silver (Low Margin)
SJ-101253,1887,-89.721,Red (Loss Making)
KB-166002,598,221.58,Silver (Low Margin)
SC-206954,2578,611.8291,Silver (Low Margin)
PB-88053,1913,546.21,Silver (Low Margin)
TN-210403,2779,821.17104,Silver (Low Margin)
RP-98551,2342,785.82,Silver (Low Margin)
TT-212651,1706,283.359,Silver (Low Margin)
TP-215654,1937,139.2287,Silver (Low Margin)
DH-136754,1042,116.6670,Silver (Low Margin)
TS-113702,4243,919.668,Silver (Low Margin)
GT-146353,2121,340.03124,Silver (Low Margin)
GM-146953,1272,107.964,Silver (Low Margin)
Dp-132404,7199,333.3648,Silver (Low Margin)
HM-148604,8236,2437.9836,Gold (Profitable)
EH-140052,4728,-320.007,Red (Loss Making)
TC-209804,19050,8981.3239,Platinum (High Value)
GK-146203,3856,-14.650,Red (Loss Making)
LS-69452,194,9.33,Silver (Low Margin)
ED-38851,166,-180.678,Red (Loss Making)
AP-7201,423,119.679,Silver (Low Margin)
BE-113352,5882,1488.333,Gold (Profitable)
SR-204252,6126,806.2005,Silver (Low Margin)
AC-4201,841,150.159,Silver (Low Margin)
DM-133451,6883,1577.6415,Gold (Profitable)
PV-89851,3156,911.58,Silver (Low Margin)
CR-126252,1164,214.062,Silver (Low Margin)
HJ-48751,233,83.22,Silver (Low Margin)
RB-196453,1796,6.304,Silver (Low Margin)
MG-176802,3801,-119.328,Red (Loss Making)
PP-189552,5300,466.377,Silver (Low Margin)
SV-108151,858,-1097.40,Red (Loss Making)
SW-203501,3791,873.1704,Silver (Low Margin)
SC-106801,2511,490.38,Silver (Low Margin)
MW-182354,5254,1665.5160,Gold (Profitable)
LR-170352,5989,1231.881,Gold (Profitable)
CR-128201,5354,1547.964,Gold (Profitable)
TS-214304,2054,48.7017,Silver (Low Margin)
EM-42001,1922,435.15,Silver (Low Margin)
NS-186401,2341,699.969,Silver (Low Margin)
SC-102301,174,27.417,Silver (Low Margin)
AS-100452,6708,421.929,Silver (Low Margin)
AH-106902,3514,790.008,Silver (Low Margin)
ME-173201,5608,629.127,Silver (Low Margin)
BP-110952,2425,280.056,Silver (Low Margin)
FM-142153,2078,112.4632,Silver (Low Margin)
JS-156851,7329,744.8205,Silver (Low Margin)
AH-100302,3973,981.594,Silver (Low Margin)
BO-113502,815,8.898,Silver (Low Margin)
ON-187152,8368,2732.037,Gold (Profitable)
DG-33001,2949,317.088,Silver (Low Margin)
RF-193452,3029,1069.59,Gold (Profitable)
SP-108601,503,62.136,Silver (Low Margin)
KH-163303,563,149.3604,Silver (Low Margin)
CR-128202,1284,430.278,Silver (Low Margin)
RP-92701,238,69.792,Silver (Low Margin)
MA-75601,559,79.59,Silver (Low Margin)
Dl-136001,8124,1199.6664,Gold (Profitable)
AG-104952,7461,1669.5525,Gold (Profitable)
RR-95251,675,103.41,Silver (Low Margin)
SP-206202,3492,-1259.28,Red (Loss Making)
PW-90301,509,-123.396,Red (Loss Making)
CS-124001,2117,688.2105,Silver (Low Margin)
KL-165554,5019,-182.7813,Red (Loss Making)
VW-117751,925,273.81,Silver (Low Margin)
JW-52202,1011,159.204,Silver (Low Margin)
EH-40052,1654,289.83,Silver (Low Margin)
KH-66302,1456,242.586,Silver (Low Margin)
TS-212054,5370,862.8877,Silver (Low Margin)
LC-169303,1848,592.12896,Silver (Low Margin)
MC-76052,190,67.05,Silver (Low Margin)
JD-58951,1435,422.19,Silver (Low Margin)
MZ-73352,3314,404.676,Silver (Low Margin)
FW-143951,10897,588.2751,Silver (Low Margin)
AJ-107802,3898,576.2475,Silver (Low Margin)
DB-35551,131,33.45,Silver (Low Margin)
TH-211151,6369,1471.320,Gold (Profitable)
ML-77553,122,29.52,Silver (Low Margin)
AH-101203,4044,773.42888,Silver (Low Margin)
NB-86551,131,29.97,Silver (Low Margin)
FC-142453,2566,410.54,Silver (Low Margin)
CS-124004,3651,-342.8033,Red (Loss Making)
RB-94652,3257,1227.84,Gold (Profitable)
SW-203504,1019,95.8383,Silver (Low Margin)
JK-153254,384,55.3277,Silver (Low Margin)
HK-148903,2349,429.828,Silver (Low Margin)
RD-96601,2960,798.972,Silver (Low Margin)
DH-130751,3831,-364.3764,Red (Loss Making)
BF-11701,268,20.40,Silver (Low Margin)
NH-186102,4807,575.778,Silver (Low Margin)
AG-7652,1090,-184.218,Red (Loss Making)
CA-20551,1002,55.44,Silver (Low Margin)
PJ-88352,220,-37.692,Red (Loss Making)
RH-195102,1519,-22.665,Red (Loss Making)
JS-56852,1681,464.13,Silver (Low Margin)
VM-216851,3213,170.730,Silver (Low Margin)
AS-102254,4262,719.7751,Silver (Low Margin)
NB-85803,327,-89.520,Red (Loss Making)
NF-84751,755,66.18,Silver (Low Margin)
MG-176502,2972,666.327,Silver (Low Margin)
KS-163004,89,0.1110,Silver (Low Margin)
DP-133904,5482,1571.8318,Gold (Profitable)
TH-212352,6523,1493.685,Gold (Profitable)
NK-184903,3592,1020.2388,Gold (Profitable)
BW-11101,411,105.18,Silver (Low Margin)
MC-181303,2881,-216.968,Red (Loss Making)
FG-142603,348,-12.292,Red (Loss Making)
PP-89551,232,-231.309,Red (Loss Making)
PA-190604,730,225.8588,Silver (Low Margin)
JM-52651,708,-5.058,Red (Loss Making)
ME-80101,161,15.9,Silver (Low Margin)
TA-113852,2594,-659.742,Red (Loss Making)
EK-137952,2758,577.236,Silver (Low Margin)
HP-148153,2529,-112.736,Red (Loss Making)
JS-156854,1130,-54.8692,Red (Loss Making)
AB-106003,377,74.66,Silver (Low Margin)
EM-41401,639,75.471,Silver (Low Margin)
KC-162554,2122,846.1217,Silver (Low Margin)
GT-146351,4010,-579.8154,Red (Loss Making)
TB-113551,311,-331.908,Red (Loss Making)
QJ-192551,6156,553.6791,Silver (Low Margin)
FM-42151,1994,313.62,Silver (Low Margin)
CB-25351,116,-197.448,Red (Loss Making)
ED-38853,346,-182.748,Red (Loss Making)
PV-189851,2717,410.1435,Silver (Low Margin)
DJ-134204,2012,483.0350,Silver (Low Margin)
GK-146202,3307,1147.647,Gold (Profitable)
ML-73952,553,111.09,Silver (Low Margin)
PN-187753,1765,162.66472,Silver (Low Margin)
CS-122504,2757,738.3626,Silver (Low Margin)
HH-50102,201,17.49,Silver (Low Margin)
RD-198102,1286,313.332,Silver (Low Margin)
MP-74701,59,-58.380,Red (Loss Making)
MZ-75153,1809,817.20,Silver (Low Margin)
MF-76651,58,3.42,Silver (Low Margin)
RB-197051,4923,1588.4076,Gold (Profitable)
SM-209501,1585,183.9519,Silver (Low Margin)
Dp-32402,128,30.42,Silver (Low Margin)
KM-63752,197,84.6,Silver (Low Margin)
BS-113654,10502,2616.0644,Gold (Profitable)
BT-13951,205,-255.132,Red (Loss Making)
GR-145601,2840,188.5191,Silver (Low Margin)
ND-184601,1377,359.448,Silver (Low Margin)
LC-69301,3984,503.34,Silver (Low Margin)
TA-213854,14596,4703.7883,Platinum (High Value)
BF-111704,5909,1538.2127,Gold (Profitable)
JS-155953,845,7.736,Silver (Low Margin)
YC-218952,8531,1556.4585,Gold (Profitable)
MZ-175152,3803,-609.5745,Red (Loss Making)
JP-154601,4266,209.0739,Silver (Low Margin)
DE-132552,1269,395.535,Silver (Low Margin)
JD-61502,3652,972.99,Silver (Low Margin)
AM-103603,3759,-113.972,Red (Loss Making)
SW-207552,5693,105.204,Silver (Low Margin)
AH-101951,3839,-308.2815,Red (Loss Making)
NB-186551,2804,781.5336,Silver (Low Margin)
SC-200503,4725,-2421.38648,Red (Loss Making)
MR-175452,11500,1440.0255,Gold (Profitable)
AG-3001,866,-802.452,Red (Loss Making)
YS-218804,6722,1778.2923,Gold (Profitable)
SB-102901,1976,-120.666,Red (Loss Making)
DS-31801,177,46.23,Silver (Low Margin)
JW-52201,6173,1991.49,Gold (Profitable)
JD-58953,375,-298.656,Red (Loss Making)
CM-118302,11303,1844.3235,Gold (Profitable)
KH-66902,52,19.14,Silver (Low Margin)
GD-145903,3307,489.9828,Silver (Low Margin)
SG-208904,49,-3.7073,Red (Loss Making)
SC-206803,1634,-315.07872,Red (Loss Making)
EB-137053,3972,-11.792,Red (Loss Making)
CC-24301,154,61.17,Silver (Low Margin)
LO-171704,644,150.1712,Silver (Low Margin)
DB-133604,1081,291.0085,Silver (Low Margin)
KN-164502,1685,194.664,Silver (Low Margin)
TS-214302,3018,-167.9865,Red (Loss Making)
PB-188054,741,229.2257,Silver (Low Margin)
DR-129401,10943,1573.6779,Gold (Profitable)
DH-36752,30,2.67,Silver (Low Margin)
MF-182504,1759,456.8608,Silver (Low Margin)
AS-100454,3051,-253.5746,Red (Loss Making)
HG-49652,246,108.36,Silver (Low Margin)
SU-106652,1568,560.22,Silver (Low Margin)
JB-54002,506,206.19,Silver (Low Margin)
EA-140354,2846,-52.7406,Red (Loss Making)
LO-171701,4683,570.3612,Silver (Low Margin)
LS-172001,4036,550.1652,Silver (Low Margin)
JK-61201,625,173.07,Silver (Low Margin)
GK-146201,5556,1029.6129,Gold (Profitable)
PV-189852,2313,394.7595,Silver (Low Margin)
BF-10201,2217,321.81,Silver (Low Margin)
HG-149651,10262,459.6738,Silver (Low Margin)
BV-112453,2464,-171.948,Red (Loss Making)
SR-207404,4345,1990.4244,Gold (Profitable)
PW-190302,5988,1200.804,Gold (Profitable)
MC-181301,790,131.0250,Silver (Low Margin)
CP-20853,2814,333.510,Silver (Low Margin)
MD-178603,2090,-72.02436,Red (Loss Making)
KH-66301,340,57.72,Silver (Low Margin)
PS-190452,7012,1261.9215,Gold (Profitable)
PJ-188353,1208,-0.17,Red (Loss Making)
NH-186101,11557,2514.2283,Gold (Profitable)
LW-68251,329,79.662,Silver (Low Margin)
PM-191353,1632,394.92,Silver (Low Margin)
BB-115451,1286,195.870,Silver (Low Margin)
AG-5252,2067,345.0,Silver (Low Margin)
RP-198554,2169,594.5868,Silver (Low Margin)
MG-176803,884,-158.808,Red (Loss Making)
DB-29103,1080,468.99,Silver (Low Margin)
PO-191954,1057,-49.7009,Red (Loss Making)
HH-150102,4155,829.9695,Silver (Low Margin)
RF-93451,688,278.466,Silver (Low Margin)
JP-161351,4659,1003.2456,Gold (Profitable)
CY-127452,3642,484.1745,Silver (Low Margin)
AS-2252,28,4.14,Silver (Low Margin)
EB-139752,4893,1314.546,Gold (Profitable)
EB-137054,3643,13.6215,Silver (Low Margin)
JO-151451,2538,652.599,Silver (Low Margin)
NG-183553,3188,749.32036,Silver (Low Margin)
CK-23251,260,37.185,Silver (Low Margin)
TS-213701,3242,501.393,Silver (Low Margin)
DK-132253,1972,355.052,Silver (Low Margin)
RW-196304,3280,698.8325,Silver (Low Margin)
GH-144102,6755,934.5285,Silver (Low Margin)
DR-29402,224,5.394,Silver (Low Margin)
KB-165854,2745,579.3551,Silver (Low Margin)
ML-80402,73,10.92,Silver (Low Margin)
KC-62552,395,-199.656,Red (Loss Making)
SJ-201251,425,64.416,Silver (Low Margin)
BD-115602,5213,1175.220,Gold (Profitable)
ME-180101,1520,290.145,Silver (Low Margin)
VW-217752,1884,148.056,Silver (Low Margin)
AH-101953,5370,454.69128,Silver (Low Margin)
KE-164203,5671,1336.35392,Gold (Profitable)
KD-166154,2245,539.7219,Silver (Low Margin)
TC-114752,822,136.14,Silver (Low Margin)
TB-211903,706,35.18712,Silver (Low Margin)
SS-205153,1907,59.83952,Silver (Low Margin)
AH-106904,7889,1298.0166,Gold (Profitable)
TB-111902,691,59.10,Silver (Low Margin)
SD-204852,3888,242.055,Silver (Low Margin)
SG-108902,965,361.47,Silver (Low Margin)
EM-140951,3189,-419.5563,Red (Loss Making)
SC-204401,332,-6.6291,Red (Loss Making)
JS-159403,1243,21.976,Silver (Low Margin)
CR-25802,264,97.68,Silver (Low Margin)
TB-211751,2603,208.7814,Silver (Low Margin)
SN-205603,1984,344.860,Silver (Low Margin)
DE-132551,3761,452.997,Silver (Low Margin)
NC-186254,1822,-359.0210,Red (Loss Making)
MY-182951,8991,390.3705,Silver (Low Margin)
BT-115301,6924,237.429,Silver (Low Margin)
KD-164954,8184,3038.6254,Platinum (High Value)
MH-174401,3492,266.3088,Silver (Low Margin)
GP-147402,3409,172.089,Silver (Low Margin)
DH-36751,3412,1160.046,Gold (Profitable)
CM-118301,4081,161.9115,Silver (Low Margin)
HG-149653,1606,429.5348,Silver (Low Margin)
AB-2553,313,-43.308,Red (Loss Making)
CS-24901,14,7.05,Silver (Low Margin)
AB-2551,4083,787.20,Silver (Low Margin)
BM-15752,334,-38.988,Red (Loss Making)
FM-142902,1407,90.267,Silver (Low Margin)
GG-146504,2222,12.6985,Silver (Low Margin)
ON-187153,4736,1094.55984,Gold (Profitable)
LS-172002,3216,-197.8125,Red (Loss Making)
SH-206352,6349,1254.8025,Gold (Profitable)
MG-78901,19,-22.482,Red (Loss Making)
NH-186103,146,17.44,Silver (Low Margin)
NF-184752,6407,1728.906,Gold (Profitable)
AT-4351,540,102.90,Silver (Low Margin)
RB-197052,367,-1.836,Red (Loss Making)
NZ-185653,2436,306.07412,Silver (Low Margin)
TH-111152,44,1.74,Silver (Low Margin)
KC-166751,1752,-27.6096,Red (Loss Making)
TH-211152,903,125.58,Silver (Low Margin)
SC-104402,282,-183.876,Red (Loss Making)
BP-11851,580,-11.694,Red (Loss Making)
BV-112454,1522,315.2214,Silver (Low Margin)
CC-21001,513,189.48,Silver (Low Margin)
ON-87152,1162,-889.398,Red (Loss Making)
CK-127601,1002,-273.8580,Red (Loss Making)
JD-158953,2770,418.88692,Silver (Low Margin)
DM-35252,1183,422.40,Silver (Low Margin)
RB-196452,1580,368.481,Silver (Low Margin)
JK-153253,3330,204.16332,Silver (Low Margin)
SW-107551,610,104.31,Silver (Low Margin)
BF-112152,2734,-1831.035,Red (Loss Making)
AH-1952,88,29.7,Silver (Low Margin)
AJ-7801,1608,-811.596,Red (Loss Making)
SC-204403,4842,387.35036,Silver (Low Margin)
DM-135251,2553,364.092,Silver (Low Margin)
SP-205452,1034,-206.508,Red (Loss Making)
MG-176504,3785,341.8980,Silver (Low Margin)
TS-111602,484,88.23,Silver (Low Margin)
SP-206204,5443,-270.4282,Red (Loss Making)
DW-131954,1079,-86.8738,Red (Loss Making)
JB-154002,8395,1598.8275,Gold (Profitable)
HG-49651,83,-80.490,Red (Loss Making)
BS-15902,784,251.52,Silver (Low Margin)
DP-33902,91,19.08,Silver (Low Margin)
CA-119652,4077,651.828,Silver (Low Margin)
TB-213553,5014,-126.680,Red (Loss Making)
KH-63302,2058,585.624,Silver (Low Margin)
NZ-185654,2487,402.4236,Silver (Low Margin)
SP-106201,77,5.283,Silver (Low Margin)
EB-39752,640,193.80,Silver (Low Margin)
CH-20702,4018,1141.446,Gold (Profitable)
MH-177854,2203,238.5614,Silver (Low Margin)
CL-27002,39,-30.486,Red (Loss Making)
ED-138852,3080,83.892,Silver (Low Margin)
KM-62252,884,159.408,Silver (Low Margin)
SC-102302,1619,258.9,Silver (Low Margin)
FH-143653,13328,1105.24752,Gold (Profitable)
CW-119052,7410,1956.351,Gold (Profitable)
CC-124304,2869,424.6583,Silver (Low Margin)
CW-19052,514,192.45,Silver (Low Margin)
CS-124904,1076,-302.8761,Red (Loss Making)
PP-89552,128,16.65,Silver (Low Margin)
CY-127451,3267,1117.5906,Gold (Profitable)
AO-108102,5657,786.606,Silver (Low Margin)
BT-15302,832,395.79,Silver (Low Margin)
EM-141404,4589,1319.3655,Gold (Profitable)
ME-180104,1257,107.3604,Silver (Low Margin)
BM-115752,625,90.756,Silver (Low Margin)
MC-81302,480,145.62,Silver (Low Margin)
HE-148003,5308,345.67892,Silver (Low Margin)
MZ-173351,2892,244.0383,Silver (Low Margin)
MG-182054,16,-1.2453,Red (Loss Making)
KH-166903,2844,749.628,Silver (Low Margin)
YC-218954,5455,1305.6290,Gold (Profitable)
SC-202602,1608,404.34,Silver (Low Margin)
CK-123252,1353,357.792,Silver (Low Margin)
BB-115452,6600,427.992,Silver (Low Margin)
CM-118152,5045,-1649.811,Red (Loss Making)
BB-109901,4719,-400.3893,Red (Loss Making)
MG-178902,2846,122.415,Silver (Low Margin)
AW-109303,1713,648.05756,Silver (Low Margin)
BP-110954,2442,433.9751,Silver (Low Margin)
MC-76351,634,105.54,Silver (Low Margin)
DW-35852,27,12.18,Silver (Low Margin)
TC-211453,8194,1023.80416,Gold (Profitable)
TA-213853,5196,451.91880,Silver (Low Margin)
QJ-92552,223,-187.749,Red (Loss Making)
GG-146503,1154,-203.98124,Red (Loss Making)
RS-98702,565,96.186,Silver (Low Margin)
GH-144101,1228,277.338,Silver (Low Margin)
DV-30452,3374,-98.652,Red (Loss Making)
MY-173803,1198,260.6404,Silver (Low Margin)
JG-158052,7843,1132.350,Gold (Profitable)
AJ-107951,1209,209.388,Silver (Low Margin)
KL-165551,1796,326.4057,Silver (Low Margin)
AW-109301,1601,617.919,Silver (Low Margin)
MW-82352,397,67.44,Silver (Low Margin)
MH-177851,4676,744.4206,Silver (Low Margin)
DK-131503,4340,389.10,Silver (Low Margin)
DL-134953,2176,503.14,Silver (Low Margin)
AH-751,3426,842.31,Silver (Low Margin)
VB-217452,2653,-69.651,Red (Loss Making)
ER-138551,2687,-697.8660,Red (Loss Making)
BT-113951,3596,909.759,Silver (Low Margin)
TC-214753,1776,-95.35464,Red (Loss Making)
AS-451,1234,98.73,Silver (Low Margin)
DG-133003,3034,482.764,Silver (Low Margin)
SN-207104,3128,481.7499,Silver (Low Margin)
BT-13052,391,36.369,Silver (Low Margin)
BS-113803,4614,1075.6578,Gold (Profitable)
AS-2251,254,-244.305,Red (Loss Making)
MF-76652,104,0,Silver (Low Margin)
CP-20851,1887,550.35,Silver (Low Margin)
AR-108251,633,223.8756,Silver (Low Margin)
BP-10952,1346,381.072,Silver (Low Margin)
BF-109751,3856,485.9967,Silver (Low Margin)
NL-183103,455,12.006,Silver (Low Margin)
DB-129103,3307,-914.548,Red (Loss Making)
DW-31951,55,9.24,Silver (Low Margin)
LR-170354,1880,-382.8079,Red (Loss Making)
SU-206651,2131,289.125,Silver (Low Margin)
AR-103454,1056,-221.0544,Red (Loss Making)
AS-102853,1584,282.72696,Silver (Low Margin)
MK-179051,5029,437.5104,Silver (Low Margin)
RD-196604,2787,835.7720,Silver (Low Margin)
CS-122503,1560,261.636,Silver (Low Margin)
EA-40351,131,0.888,Silver (Low Margin)
AH-106901,4163,552.990,Silver (Low Margin)
TB-211902,591,-48.180,Red (Loss Making)
JE-156104,7757,1623.4019,Gold (Profitable)
TS-213703,2191,368.37900,Silver (Low Margin)
EM-138102,1467,145.581,Silver (Low Margin)
BC-111253,2086,-187.444,Red (Loss Making)
JD-161502,3075,179.091,Silver (Low Margin)
JB-160454,2518,201.5185,Silver (Low Margin)
DB-135551,2331,311.5530,Silver (Low Margin)
EM-38102,865,306.93,Silver (Low Margin)
TS-211602,1037,215.211,Silver (Low Margin)
MZ-173353,5854,1177.036,Gold (Profitable)
AR-104054,2235,-98.7646,Red (Loss Making)
DR-128802,1894,259.872,Silver (Low Margin)
HK-48902,336,30.24,Silver (Low Margin)
HH-150103,3178,397.42432,Silver (Low Margin)
VT-117001,241,-40.548,Red (Loss Making)
LW-168253,469,76.21224,Silver (Low Margin)
BO-13502,140,-124.038,Red (Loss Making)
TB-111752,323,-9.684,Red (Loss Making)
BT-14852,2630,-267.006,Red (Loss Making)
AS-106304,835,136.4919,Silver (Low Margin)
SC-102601,633,58.95,Silver (Low Margin)
KH-163301,9625,2249.4501,Gold (Profitable)
KB-64051,239,-105.762,Red (Loss Making)
MF-82502,1492,299.43,Silver (Low Margin)
CR-25801,2793,1030.284,Gold (Profitable)
VP-217303,3100,1161.7894,Gold (Profitable)
JS-55952,138,6.87,Silver (Low Margin)
CR-125802,2143,809.16,Silver (Low Margin)
CC-21002,507,48.888,Silver (Low Margin)
MT-180701,2682,-47.4834,Red (Loss Making)
PC-187453,4058,-859.35536,Red (Loss Making)
RD-96602,175,84.03,Silver (Low Margin)
AS-2851,2059,515.592,Silver (Low Margin)
KM-62251,7,-17.115,Red (Loss Making)
JM-156553,3393,-417.14264,Red (Loss Making)
MO-178001,9347,2126.9358,Gold (Profitable)
GP-147401,5387,-38.928,Red (Loss Making)
KD-164951,9576,711.4416,Silver (Low Margin)
MZ-175154,2565,787.7503,Silver (Low Margin)
DJ-134201,5230,1184.0385,Gold (Profitable)
MC-175902,2191,349.953,Silver (Low Margin)
JP-61351,231,24.57,Silver (Low Margin)
SR-107402,1996,244.59,Silver (Low Margin)
MG-76801,2878,333.078,Silver (Low Margin)
VT-217003,4026,74.928,Silver (Low Margin)
RM-96753,1305,-409.656,Red (Loss Making)
SR-207403,2373,-142.7826,Red (Loss Making)
MH-174402,3454,293.049,Silver (Low Margin)
DK-31502,1246,7.434,Silver (Low Margin)
JG-153102,3327,327.156,Silver (Low Margin)
BP-110504,983,209.7830,Silver (Low Margin)
SC-202303,2329,851.96,Silver (Low Margin)
MA-79951,1558,429.231,Silver (Low Margin)
MD-78601,6855,2176.092,Gold (Profitable)
MD-178602,2689,436.818,Silver (Low Margin)
DR-28801,1091,-527.091,Red (Loss Making)
JD-161504,8829,1619.5199,Gold (Profitable)
KN-164503,4252,565.488,Silver (Low Margin)
TC-215353,3138,546.536,Silver (Low Margin)
MG-178754,1241,-470.7684,Red (Loss Making)
BG-116954,1873,107.5715,Silver (Low Margin)
TC-111451,417,171.72,Silver (Low Margin)
JE-61651,4343,1035.246,Gold (Profitable)
EM-138101,7229,1091.964,Gold (Profitable)
KD-64951,938,165.72,Silver (Low Margin)
HK-148904,4877,956.9451,Silver (Low Margin)
AR-104053,1182,172.77088,Silver (Low Margin)
PL-189252,1899,-83.349,Red (Loss Making)
BD-15602,1427,198.12,Silver (Low Margin)
KN-67051,318,71.82,Silver (Low Margin)
LR-170351,4601,541.8420,Silver (Low Margin)
SR-204253,1337,-186.08656,Red (Loss Making)
AG-107652,2159,110.802,Silver (Low Margin)
TW-210254,5278,737.3905,Silver (Low Margin)
BN-114704,266,36.6131,Silver (Low Margin)
AH-106903,710,154.82912,Silver (Low Margin)
SH-106351,658,129.87,Silver (Low Margin)
CS-118453,1689,175.924,Silver (Low Margin)
NF-184754,377,85.9278,Silver (Low Margin)
GR-145604,1285,359.8332,Silver (Low Margin)
SS-201403,6190,154.60884,Silver (Low Margin)
AO-108103,1636,318.64,Silver (Low Margin)
JD-58952,961,172.71,Silver (Low Margin)
DE-132553,2503,344.884,Silver (Low Margin)
GB-145301,8129,803.709,Silver (Low Margin)
AJ-7802,19,6.81,Silver (Low Margin)
CB-125352,7379,618.5745,Silver (Low Margin)
SP-205454,1306,-118.7757,Red (Loss Making)
HK-148902,4282,704.8305,Silver (Low Margin)
CM-118303,1447,438.464,Silver (Low Margin)
CS-24001,1742,588.18,Silver (Low Margin)
NF-184753,839,60.0064,Silver (Low Margin)
AJ-7952,2119,457.170,Silver (Low Margin)
MP-79652,271,94.95,Silver (Low Margin)
BP-110503,2170,608.95976,Silver (Low Margin)
TC-214751,4533,913.3602,Silver (Low Margin)
KN-64501,1221,373.494,Silver (Low Margin)
GZ-45453,3585,1547.316,Gold (Profitable)
KS-163001,1979,350.3517,Silver (Low Margin)
EB-138402,9895,3459.660,Platinum (High Value)
TW-110252,198,-32.826,Red (Loss Making)
JO-155501,1106,293.844,Silver (Low Margin)
VG-118052,1107,275.61,Silver (Low Margin)
SR-104253,52,1.02,Silver (Low Margin)
MC-175901,2445,341.25,Silver (Low Margin)
RB-97051,4267,1067.898,Gold (Profitable)
DJ-34201,263,72.90,Silver (Low Margin)
BE-114552,2971,335.961,Silver (Low Margin)
CM-126551,1068,160.3587,Silver (Low Margin)
TN-210402,1313,-401.844,Red (Loss Making)
FH-42751,34,6.81,Silver (Low Margin)
TS-213702,5879,859.665,Silver (Low Margin)
FC-143354,3890,714.2926,Silver (Low Margin)
SM-203203,1801,334.19536,Silver (Low Margin)
BN-114703,5710,842.24908,Silver (Low Margin)
DG-33002,33,-10.026,Red (Loss Making)
JS-155951,5975,436.0965,Silver (Low Margin)
BM-116502,3296,637.887,Silver (Low Margin)
RW-196303,1798,354.816,Silver (Low Margin)
EM-38101,166,-74.361,Red (Loss Making)
RD-196602,5345,949.197,Silver (Low Margin)
AB-100601,2107,320.2764,Silver (Low Margin)
BS-115903,2078,658.26752,Silver (Low Margin)
GB-145303,755,169.80,Silver (Low Margin)
PL-189253,1329,82.208,Silver (Low Margin)
EM-138104,2567,-133.8275,Red (Loss Making)
AC-104204,926,-62.1342,Red (Loss Making)
DS-131802,1632,349.344,Silver (Low Margin)
JJ-57602,980,-59.682,Red (Loss Making)
EM-38251,41,-33.918,Red (Loss Making)
MG-82053,277,-190.266,Red (Loss Making)
RS-194203,3292,517.68768,Silver (Low Margin)
ND-84603,708,218.91,Silver (Low Margin)
CA-19652,2448,-51.318,Red (Loss Making)
CH-20701,528,36.642,Silver (Low Margin)
BS-18002,2203,696.27,Silver (Low Margin)
CJ-118752,761,94.422,Silver (Low Margin)
DW-134801,5313,1651.896,Gold (Profitable)
TB-111901,424,120.39,Silver (Low Margin)
BE-14551,937,350.31,Silver (Low Margin)
LS-69753,49,-49.704,Red (Loss Making)
AG-3002,835,-270.168,Red (Loss Making)
GM-44552,281,-329.280,Red (Loss Making)
DM-33452,4664,-5377.680,Red (Loss Making)
DG-133002,2484,80.880,Silver (Low Margin)
SM-209504,5563,581.5742,Silver (Low Margin)
DH-30751,1587,427.08,Silver (Low Margin)
ML-77552,51,23.4,Silver (Low Margin)
HP-148152,1756,262.7295,Silver (Low Margin)
NG-83552,403,65.19,Silver (Low Margin)
CL-127003,2506,741.652,Silver (Low Margin)
ER-38551,464,152.79,Silver (Low Margin)
LS-69451,1321,474.828,Silver (Low Margin)
SU-206653,1607,-975.608,Red (Loss Making)
AC-4202,849,87.396,Silver (Low Margin)
MK-79052,187,21.06,Silver (Low Margin)
FC-142452,752,213.60,Silver (Low Margin)
MG-176501,4904,1043.844,Gold (Profitable)
LS-69453,1210,-465.504,Red (Loss Making)
SH-199754,3408,558.4740,Silver (Low Margin)
NG-183552,2134,311.316,Silver (Low Margin)
SP-206502,1468,93.12,Silver (Low Margin)
NF-85951,801,232.956,Silver (Low Margin)
QJ-192553,2616,-624.844,Red (Loss Making)
KN-63901,117,41.04,Silver (Low Margin)
KD-66151,205,30.18,Silver (Low Margin)
BD-15601,137,-83.28,Red (Loss Making)
EH-141254,3084,96.2702,Silver (Low Margin)
CS-124901,2831,171.51,Silver (Low Margin)
BF-112154,1586,523.2133,Silver (Low Margin)
MH-172902,2845,527.052,Silver (Low Margin)
ND-84601,1973,741.360,Silver (Low Margin)
GT-46352,32,-35.43,Red (Loss Making)
PO-191801,9211,1461.2925,Gold (Profitable)
NC-86252,103,9.24,Silver (Low Margin)
BT-114853,1678,333.85384,Silver (Low Margin)
SC-206804,1255,370.1578,Silver (Low Margin)
BW-11103,1268,146.10,Silver (Low Margin)
RB-197952,1486,301.209,Silver (Low Margin)
MH-177852,2780,750.564,Silver (Low Margin)
SD-204853,3330,800.492,Silver (Low Margin)
YS-218802,3864,925.38,Silver (Low Margin)
JO-151454,3257,581.4045,Silver (Low Margin)
NP-86852,340,91.86,Silver (Low Margin)
PB-192101,11654,1365.5586,Gold (Profitable)
JL-51751,691,217.23,Silver (Low Margin)
AG-103001,3212,385.7802,Silver (Low Margin)
FH-143654,6989,2050.2826,Gold (Profitable)
RD-198104,1137,318.4625,Silver (Low Margin)
EB-137052,3127,687.000,Silver (Low Margin)
DB-131203,327,22.37312,Silver (Low Margin)
MF-176654,936,-341.5265,Red (Loss Making)
RP-192704,955,59.5384,Silver (Low Margin)
AR-108254,4523,494.8352,Silver (Low Margin)
EM-140953,1324,281.792,Silver (Low Margin)
FC-142451,4133,651.0168,Silver (Low Margin)
EM-40952,193,23.16,Silver (Low Margin)
ER-138554,1245,-295.7398,Red (Loss Making)
DM-35253,763,171.696,Silver (Low Margin)
HE-148004,884,274.4028,Silver (Low Margin)
TH-112351,1456,-12.471,Red (Loss Making)
KM-162253,282,112.66,Silver (Low Margin)
CV-128051,3384,815.4960,Silver (Low Margin)
AG-104951,3451,463.5330,Silver (Low Margin)
TH-111151,1761,469.11,Silver (Low Margin)
GK-46202,116,49.62,Silver (Low Margin)
BP-110953,2560,42.368,Silver (Low Margin)
MM-182801,1582,502.572,Silver (Low Margin)
CM-26551,412,-130.560,Red (Loss Making)
FH-42752,79,1.344,Silver (Low Margin)
SH-206354,2096,260.6258,Silver (Low Margin)
VF-117152,59,-44.628,Red (Loss Making)
PO-91952,27,5.7,Silver (Low Margin)
RA-98851,59,-106.164,Red (Loss Making)
MC-75901,481,82.29,Silver (Low Margin)
TB-111751,528,185.04,Silver (Low Margin)
SC-207701,5029,78.6210,Silver (Low Margin)
AH-302,1248,426.12,Silver (Low Margin)
HP-148154,1991,373.8637,Silver (Low Margin)
EH-137654,10313,1393.5154,Gold (Profitable)
ED-138851,6533,1046.6070,Gold (Profitable)
PB-88051,254,-302.478,Red (Loss Making)
BC-111251,2829,1124.484,Gold (Profitable)
CM-27151,629,-63.264,Red (Loss Making)
JK-156402,4359,1088.655,Gold (Profitable)
BS-113804,3888,-17.5322,Red (Loss Making)
ND-184603,2663,583.13872,Silver (Low Margin)
CR-125804,2149,74.4013,Silver (Low Margin)
PS-190454,6842,1742.7297,Gold (Profitable)
TA-113851,2226,696.732,Silver (Low Margin)
DP-31051,5858,2730.45,Gold (Profitable)
JD-61501,1679,221.88,Silver (Low Margin)
EA-140352,1337,213.288,Silver (Low Margin)
DH-136751,3433,520.6545,Silver (Low Margin)
PB-192104,133,21.8970,Silver (Low Margin)
BM-15751,1368,510.66,Silver (Low Margin)
DP-31052,1113,-1230.264,Red (Loss Making)
GP-147404,237,31.8376,Silver (Low Margin)
LC-169304,4492,288.2660,Silver (Low Margin)
CS-124003,3041,727.19936,Silver (Low Margin)
DW-135853,5034,181.38360,Silver (Low Margin)
SF-109651,868,233.82,Silver (Low Margin)
LA-167804,8674,2059.1199,Gold (Profitable)
SC-202302,5550,137.391,Silver (Low Margin)
AH-1202,2,-3.378,Red (Loss Making)
NK-184901,6215,1035.5322,Gold (Profitable)
LB-167951,8487,1517.9205,Gold (Profitable)
SD-104852,43,10.392,Silver (Low Margin)
MS-179804,855,55.2260,Silver (Low Margin)
GB-145302,1204,-420.726,Red (Loss Making)
DK-132251,652,79.6626,Silver (Low Margin)
SV-208154,1271,199.6502,Silver (Low Margin)
EL-37352,1718,588.78,Silver (Low Margin)
CC-121001,1317,435.9690,Silver (Low Margin)
JK-161203,2809,248.82664,Silver (Low Margin)
EM-141403,5617,340.53336,Silver (Low Margin)
AR-3452,1058,376.092,Silver (Low Margin)
DE-32552,2573,28.62,Silver (Low Margin)
Dl-136003,59,-28.096,Red (Loss Making)
EH-37651,605,-589.536,Red (Loss Making)
MW-82351,675,258.312,Silver (Low Margin)
MP-174702,4416,1209.018,Gold (Profitable)
CR-126251,13043,921.2484,Silver (Low Margin)
NB-186552,4478,515.664,Silver (Low Margin)
SR-204254,3234,-3333.9144,Red (Loss Making)
KN-164504,2171,114.3083,Silver (Low Margin)
PM-191354,4115,526.7537,Silver (Low Margin)
VB-217453,1097,-383.9694,Red (Loss Making)
ON-187151,3094,-41.5386,Red (Loss Making)
TZ-214452,2565,486.678,Silver (Low Margin)
KB-62402,1077,298.02,Silver (Low Margin)
CJ-118754,17,1.652,Silver (Low Margin)
DL-134954,3540,-52.7880,Red (Loss Making)
MC-174253,5317,1111.61648,Gold (Profitable)
MC-176053,4103,437.9314,Silver (Low Margin)
MS-179801,4091,945.4272,Silver (Low Margin)
BO-113504,2682,278.7770,Silver (Low Margin)
KF-162854,10606,1660.1386,Gold (Profitable)
BF-12151,399,-237.591,Red (Loss Making)
TN-110401,188,26.31,Silver (Low Margin)
CM-127154,3985,176.3108,Silver (Low Margin)
BF-111701,7092,986.7042,Silver (Low Margin)
PC-190003,157,37.12,Silver (Low Margin)
EH-141252,7494,1334.6925,Gold (Profitable)
RD-96603,258,-88.824,Red (Loss Making)
CS-21751,1380,387.198,Silver (Low Margin)
MP-179651,2552,-194.1963,Red (Loss Making)
FG-42601,83,-41.835,Red (Loss Making)
KN-163904,2618,-151.1518,Red (Loss Making)
AB-602,287,-220.080,Red (Loss Making)
DM-29551,878,-172.452,Red (Loss Making)
PL-189254,239,-0.7527,Red (Loss Making)
JM-152654,1804,502.6143,Silver (Low Margin)
RA-198852,2886,763.401,Silver (Low Margin)
AP-7202,576,-64.38,Red (Loss Making)
BT-114851,2681,438.7047,Silver (Low Margin)
MF-176651,4636,369.3219,Silver (Low Margin)
CL-127001,10184,1242.4878,Gold (Profitable)
SZ-100352,756,119.52,Silver (Low Margin)
CS-124002,1413,300.456,Silver (Low Margin)
TC-211452,907,341.826,Silver (Low Margin)
DB-133603,2018,439.74356,Silver (Low Margin)
LR-70351,1864,189.63,Silver (Low Margin)
AB-106001,7148,1608.9561,Gold (Profitable)
GB-145304,1569,7.8371,Silver (Low Margin)
DB-131201,350,64.587,Silver (Low Margin)
AO-8101,24,-32.463,Red (Loss Making)
AG-4951,469,48.66,Silver (Low Margin)
AT-104354,1172,100.8768,Silver (Low Margin)
CD-27902,121,-92.616,Red (Loss Making)
AT-104352,6342,1570.788,Gold (Profitable)
NS-186404,2966,-234.7714,Red (Loss Making)
CJ-18751,411,64.56,Silver (Low Margin)
JK-153252,2375,113.265,Silver (Low Margin)
DW-134803,2340,-664.22440,Red (Loss Making)
SG-208903,2863,-433.43564,Red (Loss Making)
VF-117151,543,49.35,Silver (Low Margin)
NM-184453,3664,674.532,Silver (Low Margin)
VP-117601,152,-4.908,Red (Loss Making)
PM-91351,746,171.90,Silver (Low Margin)
NF-85952,931,-300.360,Red (Loss Making)
BM-116504,7293,2199.2781,Gold (Profitable)
RA-198853,3354,557.98408,Silver (Low Margin)
RF-93452,13,5.64,Silver (Low Margin)
SV-108152,4009,1187.94,Gold (Profitable)
SW-207553,6683,1256.544,Gold (Profitable)
KB-164053,946,-142.164,Red (Loss Making)
ML-177554,2071,409.5112,Silver (Low Margin)
MG-182051,7669,1107.672,Gold (Profitable)
DM-133452,4806,-213.093,Red (Loss Making)
CA-123101,1091,260.1189,Silver (Low Margin)
AJ-107801,5821,988.0137,Silver (Low Margin)
BO-13501,477,-15.936,Red (Loss Making)
RB-197951,2476,341.1975,Silver (Low Margin)
AJ-107952,2249,384.966,Silver (Low Margin)
DB-33601,3691,1074.27,Gold (Profitable)
TB-211753,5722,289.564,Silver (Low Margin)
AC-106154,2538,298.8273,Silver (Low Margin)
NS-86402,1079,-253.809,Red (Loss Making)
ME-173203,1281,-50.792,Red (Loss Making)
HR-148301,1940,320.634,Silver (Low Margin)
BF-109753,1196,133.652,Silver (Low Margin)
Dl-136002,2973,376.131,Silver (Low Margin)
VP-217603,1432,296.448,Silver (Low Margin)
PC-87452,1161,468.24,Silver (Low Margin)
CR-28201,600,117.18,Silver (Low Margin)
CM-18301,3061,-38.283,Red (Loss Making)
MS-79802,983,291.03,Silver (Low Margin)
YC-218951,5606,1315.5801,Gold (Profitable)
JD-161501,2958,-883.6431,Red (Loss Making)
MT-80702,2025,-2519.634,Red (Loss Making)
DR-129403,1696,269.97952,Silver (Low Margin)
AG-104954,2356,295.6668,Silver (Low Margin)
MH-76203,678,-3.864,Red (Loss Making)
CP-23401,4136,1407.75,Gold (Profitable)
PO-191803,1967,-87.4790,Red (Loss Making)
CA-119654,3789,1143.3817,Gold (Profitable)
LO-71701,1349,424.320,Silver (Low Margin)
NP-86851,4655,1158.90,Gold (Profitable)
CA-20552,600,75.96,Silver (Low Margin)
TT-212653,2333,-411.464,Red (Loss Making)
DB-129703,2840,213.0029,Silver (Low Margin)
JC-161054,858,201.5952,Silver (Low Margin)
PO-91803,727,163.26,Silver (Low Margin)
HR-147701,4409,561.567,Silver (Low Margin)
BE-114553,1464,192.212,Silver (Low Margin)
TB-213554,834,268.9670,Silver (Low Margin)
RW-96301,546,247.44,Silver (Low Margin)
AD-101802,1001,119.8785,Silver (Low Margin)
EL-37351,1976,-575.838,Red (Loss Making)
CS-121754,844,113.1405,Silver (Low Margin)
MM-182804,774,58.8916,Silver (Low Margin)
PC-187451,3356,-664.6542,Red (Loss Making)
SH-99751,520,-391.113,Red (Loss Making)
AR-108252,7720,1978.170,Gold (Profitable)
BE-114551,11483,-149.4597,Red (Loss Making)
AO-108101,7085,-88.9494,Red (Loss Making)
GP-147403,1759,212.678,Silver (Low Margin)
MC-176352,2615,330.000,Silver (Low Margin)
DH-136752,2518,260.442,Silver (Low Margin)
FG-42603,198,-92.904,Red (Loss Making)
AS-1351,187,26.1,Silver (Low Margin)
HG-149652,1695,301.506,Silver (Low Margin)
BF-9752,722,271.47,Silver (Low Margin)
AS-452,379,-390.486,Red (Loss Making)
JE-161651,2865,495.0450,Silver (Low Margin)
DP-33901,714,131.94,Silver (Low Margin)
GB-45302,21,5.28,Silver (Low Margin)
SN-207101,3474,783.216,Silver (Low Margin)
TT-214602,6816,740.769,Silver (Low Margin)
TH-115503,11,1.41,Silver (Low Margin)
MR-75451,1963,574.53,Silver (Low Margin)
ML-173951,1814,231.5466,Silver (Low Margin)
SV-108153,2863,-627.678,Red (Loss Making)
JO-155504,1092,167.6709,Silver (Low Margin)
SR-207401,4573,969.2466,Silver (Low Margin)
EB-137503,2109,762.672,Silver (Low Margin)
DE-132554,2551,464.4714,Silver (Low Margin)
CG-120403,393,-0.080,Red (Loss Making)
AP-107202,1763,324.6,Silver (Low Margin)
LS-169754,2989,262.6367,Silver (Low Margin)
EH-41251,1087,60.576,Silver (Low Margin)
PH-187903,4322,1348.948,Gold (Profitable)
DW-34803,3311,360.51,Silver (Low Margin)
BB-9902,315,48.228,Silver (Low Margin)
JE-56101,613,-329.208,Red (Loss Making)
BE-113353,6342,1701.6664,Gold (Profitable)
TN-210401,2186,-459.774,Red (Loss Making)
NF-185954,2031,388.2131,Silver (Low Margin)
LS-169452,1979,48.342,Silver (Low Margin)
TS-114302,5288,1639.86,Gold (Profitable)
BS-13802,310,38.46,Silver (Low Margin)
EB-37502,766,100.713,Silver (Low Margin)
AG-5251,802,-211.644,Red (Loss Making)
SL-101551,1516,492.36,Silver (Low Margin)
AD-101803,1541,86.824,Silver (Low Margin)
TC-114753,639,1.974,Silver (Low Margin)
MP-174701,1697,-305.9472,Red (Loss Making)
ML-177551,6767,-17.5581,Red (Loss Making)
JP-154602,3163,760.329,Silver (Low Margin)
JS-155952,1099,294.282,Silver (Low Margin)
CG-20401,36,-53.61,Red (Loss Making)
BO-113501,3754,249.9327,Silver (Low Margin)
SC-106802,3835,52.980,Silver (Low Margin)
AH-1951,80,-99.291,Red (Loss Making)
PB-192102,4684,1060.641,Gold (Profitable)
LD-168553,3770,360.10548,Silver (Low Margin)
EM-138252,4427,607.155,Silver (Low Margin)
MH-176201,732,-191.9961,Red (Loss Making)
JW-152203,933,282.832,Silver (Low Margin)
DM-135253,2208,193.54768,Silver (Low Margin)
MY-82951,2993,569.103,Silver (Low Margin)
CW-119053,1721,114.3226,Silver (Low Margin)
AT-4352,748,-324.267,Red (Loss Making)
AG-7651,769,-891.060,Red (Loss Making)
DP-131054,2215,563.1761,Silver (Low Margin)
MH-81152,319,40.542,Silver (Low Margin)
MC-176354,795,-247.9435,Red (Loss Making)
KN-163903,2724,618.18324,Silver (Low Margin)
SG-208901,4544,187.4235,Silver (Low Margin)
BT-15301,105,-37.521,Red (Loss Making)
CK-127603,1700,98.8844,Silver (Low Margin)
NC-85352,469,-296.880,Red (Loss Making)
MH-74401,2763,656.25,Silver (Low Margin)
DK-31501,333,106.98,Silver (Low Margin)
DB-135553,1971,444.4676,Silver (Low Margin)
HR-47703,2620,333.132,Silver (Low Margin)
KF-162852,1326,420.549,Silver (Low Margin)
JK-156401,301,34.3485,Silver (Low Margin)
MA-175603,2486,66.70648,Silver (Low Margin)
JC-161053,1628,222.07988,Silver (Low Margin)
CA-120551,2746,322.581,Silver (Low Margin)
RS-198703,2399,97.11728,Silver (Low Margin)
HD-147854,251,-135.8760,Red (Loss Making)
KC-66752,373,-124.128,Red (Loss Making)
JR-62103,248,-26.280,Red (Loss Making)
CS-124902,1506,-84.300,Red (Loss Making)
GM-146954,6051,188.7235,Silver (Low Margin)
Dl-36001,993,99.276,Silver (Low Margin)
KC-162551,3037,558.0333,Silver (Low Margin)
LS-172004,1009,244.1970,Silver (Low Margin)
CS-21752,1960,827.37,Silver (Low Margin)
JJ-157602,8606,399.648,Silver (Low Margin)
MA-75602,1070,-343.764,Red (Loss Making)
JP-154604,1669,429.7465,Silver (Low Margin)
AH-100754,3251,281.1890,Silver (Low Margin)
JK-53251,203,-36.972,Red (Loss Making)
JE-156101,4147,88.9164,Silver (Low Margin)
MH-181153,1208,-203.87600,Red (Loss Making)
KC-62551,698,39.444,Silver (Low Margin)
RB-196454,221,72.6790,Silver (Low Margin)
TS-114301,523,172.11,Silver (Low Margin)
AO-8103,76,6.96,Silver (Low Margin)
TC-215354,742,217.9330,Silver (Low Margin)
EA-140351,2922,526.0668,Silver (Low Margin)
JW-152201,7827,1036.2153,Gold (Profitable)
KB-166003,2818,6.788,Silver (Low Margin)
FH-43651,192,22.95,Silver (Low Margin)
PJ-188351,2704,461.298,Silver (Low Margin)
JE-156102,750,6.378,Silver (Low Margin)
JO-51451,2255,532.38,Silver (Low Margin)
AJ-107954,4501,1158.7064,Gold (Profitable)
NG-83553,1987,782.61,Silver (Low Margin)
DK-128353,6745,-248.546,Red (Loss Making)
SL-201551,3808,-232.185,Red (Loss Making)
JL-151751,4745,9.4137,Silver (Low Margin)
GT-146354,9351,-4108.6589,Red (Loss Making)
EH-40051,976,219.174,Silver (Low Margin)
SU-206654,2596,763.4719,Silver (Low Margin)
AB-100603,5210,1119.128,Gold (Profitable)
CK-127604,1583,-338.4311,Red (Loss Making)
KE-164204,1686,397.8799,Silver (Low Margin)
JJ-57601,908,153.078,Silver (Low Margin)
SN-205602,2103,442.002,Silver (Low Margin)
GB-45301,375,76.20,Silver (Low Margin)
TH-212353,2870,-313.284,Red (Loss Making)
AS-101352,2474,340.821,Silver (Low Margin)
NP-186853,5440,-32.9776,Red (Loss Making)
PJ-88351,581,-832.443,Red (Loss Making)
TT-114601,189,-0.66,Red (Loss Making)
BS-113651,1321,451.62,Silver (Low Margin)
BC-11252,311,-295.248,Red (Loss Making)
ED-38852,15,2.61,Silver (Low Margin)
BT-14851,174,35.88,Silver (Low Margin)
EL-137354,125,27.1154,Silver (Low Margin)
KB-66003,531,95.70,Silver (Low Margin)
KN-167053,441,-66.970,Red (Loss Making)
NB-185804,274,24.7888,Silver (Low Margin)
AD-1802,669,-514.212,Red (Loss Making)
LS-69751,217,-10.842,Red (Loss Making)
RH-195104,6980,1289.4535,Gold (Profitable)
CV-128054,2372,98.9975,Silver (Low Margin)
BB-15452,77,4.008,Silver (Low Margin)
BF-112151,4587,1122.5403,Gold (Profitable)
SP-208601,246,-60.231,Red (Loss Making)
BE-113351,10731,3112.923,Platinum (High Value)
EB-38403,346,-129.642,Red (Loss Making)
MO-78001,1885,138.294,Silver (Low Margin)
SC-207702,1797,257.115,Silver (Low Margin)
SS-201404,1324,332.3487,Silver (Low Margin)
PM-191351,2796,-541.0521,Red (Loss Making)
EB-137504,3236,-80.2860,Red (Loss Making)
BF-112753,4024,246.56664,Silver (Low Margin)
JM-56551,2336,334.35,Silver (Low Margin)
NH-86103,1085,-229.758,Red (Loss Making)
SP-206203,959,289.240,Silver (Low Margin)
MR-175453,2312,486.20,Silver (Low Margin)
PP-189551,8800,837.8616,Silver (Low Margin)
JG-158051,11116,1769.9802,Gold (Profitable)
NB-186554,1974,117.6429,Silver (Low Margin)
PC-90002,120,20.4,Silver (Low Margin)
JB-154003,2468,241.6654,Silver (Low Margin)
SH-199752,1390,-212.415,Red (Loss Making)
DR-128804,6527,1641.8613,Gold (Profitable)
NB-185801,1306,127.896,Silver (Low Margin)
KH-63301,1311,-180.456,Red (Loss Making)
TS-113701,329,73.146,Silver (Low Margin)
MZ-73351,180,55.23,Silver (Low Margin)
KC-166753,3272,194.87364,Silver (Low Margin)
GG-46501,26,10.38,Silver (Low Margin)
CL-127002,2902,350.295,Silver (Low Margin)
TS-211603,1086,210.076,Silver (Low Margin)
LC-69601,1905,473.01,Silver (Low Margin)
MP-181754,5090,226.4529,Silver (Low Margin)
BM-115754,809,95.5816,Silver (Low Margin)
SW-103502,501,68.130,Silver (Low Margin)
MC-76051,18,3.63,Silver (Low Margin)
DB-29102,1180,207.54,Silver (Low Margin)
RD-198101,2147,369.069,Silver (Low Margin)
MK-79051,347,-236.337,Red (Loss Making)
JG-58051,81,9.66,Silver (Low Margin)
RB-97952,188,53.73,Silver (Low Margin)
SZ-200354,3628,366.4303,Silver (Low Margin)
CA-123103,1920,254.35896,Silver (Low Margin)
ML-180403,633,25.680,Silver (Low Margin)
BS-13801,160,-0.132,Red (Loss Making)
HM-48602,784,288.21,Silver (Low Margin)
FG-42602,26,10.8,Silver (Low Margin)
EH-137651,5217,819.600,Silver (Low Margin)
TZ-214451,4184,284.940,Silver (Low Margin)
MZ-75152,150,25.05,Silver (Low Margin)
MS-79801,673,121.704,Silver (Low Margin)
AJ-7803,942,192.78,Silver (Low Margin)
LD-68552,1119,-416.16,Red (Loss Making)
DB-131202,1953,-693.7695,Red (Loss Making)
EB-37501,173,17.85,Silver (Low Margin)
GZ-45451,92,-89.838,Red (Loss Making)
CC-24302,889,99.42,Silver (Low Margin)
NK-184902,1104,132.504,Silver (Low Margin)
AR-3451,1243,230.64,Silver (Low Margin)
DA-34502,975,167.16,Silver (Low Margin)
JJ-157604,195,34.4492,Silver (Low Margin)
EB-139751,1985,398.3223,Silver (Low Margin)
FW-143954,81,23.4913,Silver (Low Margin)
CA-123104,1423,246.0218,Silver (Low Margin)
TC-211454,1038,265.5332,Silver (Low Margin)
TC-109801,587,-510.156,Red (Loss Making)
PJ-188352,8509,3986.004,Platinum (High Value)
RR-195254,3301,721.6826,Silver (Low Margin)
RH-195101,1448,178.683,Silver (Low Margin)
BF-110053,3540,-611.49024,Red (Loss Making)
DJ-35102,194,73.56,Silver (Low Margin)
AB-106002,4276,-503.295,Red (Loss Making)
RB-97052,285,38.85,Silver (Low Margin)
RP-198553,1294,-398.432,Red (Loss Making)
JW-152204,7722,2173.7094,Gold (Profitable)
KM-162252,203,59.40,Silver (Low Margin)
ND-184604,2894,443.3368,Silver (Low Margin)
AH-100301,4154,911.4000,Silver (Low Margin)
GG-146502,7619,1318.704,Gold (Profitable)
GM-144552,2032,423.261,Silver (Low Margin)
PO-91953,403,-488.274,Red (Loss Making)
NC-186251,11491,2110.566,Gold (Profitable)
DJ-135103,5736,840.55900,Silver (Low Margin)
ON-87151,346,-106.464,Red (Loss Making)
TH-215501,3994,-778.6977,Red (Loss Making)
RS-197653,2702,317.50028,Silver (Low Margin)
MY-73802,1589,744.204,Silver (Low Margin)
BB-109902,1808,314.856,Silver (Low Margin)
NL-83102,29,-36.348,Red (Loss Making)
CM-27152,2210,358.218,Silver (Low Margin)
CY-27452,31,8.61,Silver (Low Margin)
LW-169901,1151,367.179,Silver (Low Margin)
EH-141251,4073,228.4080,Silver (Low Margin)
ML-173954,2723,684.9162,Silver (Low Margin)
DR-128801,3328,-204.1665,Red (Loss Making)
PK-189101,1397,-56.4150,Red (Loss Making)
RR-195251,3504,244.8726,Silver (Low Margin)
NC-85351,782,217.281,Silver (Low Margin)
GR-145603,1773,233.39544,Silver (Low Margin)
RD-98101,3021,749.88,Silver (Low Margin)
MC-76352,59,8.256,Silver (Low Margin)
VW-217753,975,-85.128,Red (Loss Making)
CG-20402,483,-342.300,Red (Loss Making)
GD-145901,6939,973.5693,Silver (Low Margin)
TC-115352,405,194.55,Silver (Low Margin)
FH-143651,2864,152.2065,Silver (Low Margin)
DJ-135101,2668,655.6509,Silver (Low Margin)
DM-133454,4074,1319.0586,Gold (Profitable)
LS-169453,1321,224.52476,Silver (Low Margin)
BS-118001,4711,873.9198,Silver (Low Margin)
NK-84901,2393,731.04,Silver (Low Margin)
RS-98701,467,144.39,Silver (Low Margin)
DB-129104,2172,431.3748,Silver (Low Margin)
NF-84753,587,26.226,Silver (Low Margin)
DW-131953,526,48.116,Silver (Low Margin)
JS-55953,608,-724.728,Red (Loss Making)
EM-142004,367,21.7721,Silver (Low Margin)
VB-217454,2006,371.2398,Silver (Low Margin)
KL-165552,2771,504.81,Silver (Low Margin)
AY-105551,802,304.41,Silver (Low Margin)
SB-202903,793,83.236,Silver (Low Margin)
SL-201552,3701,928.056,Silver (Low Margin)
LD-68551,1703,89.706,Silver (Low Margin)
MC-174251,4780,947.0787,Silver (Low Margin)
JC-61051,61,-130.686,Red (Loss Making)
KN-167051,2614,565.530,Silver (Low Margin)
MW-182351,5128,-1349.6781,Red (Loss Making)
HW-149352,4146,708.525,Silver (Low Margin)
CP-20852,885,246.33,Silver (Low Margin)
EB-138403,1856,502.06304,Silver (Low Margin)
RP-98552,1226,-1075.371,Red (Loss Making)
CV-128052,3926,787.671,Silver (Low Margin)
AH-101952,1833,391.05,Silver (Low Margin)
BE-113354,4205,1487.7739,Gold (Profitable)
TS-211604,2162,260.8744,Silver (Low Margin)
AC-106152,2738,-394.920,Red (Loss Making)
BG-16952,76,22.65,Silver (Low Margin)
SC-107701,27,5.64,Silver (Low Margin)
PW-190301,1126,-14.3469,Red (Loss Making)
JO-155502,756,-14.154,Red (Loss Making)
CS-122502,5663,684.0135,Silver (Low Margin)
GD-45901,46,-56.058,Red (Loss Making)
VM-116852,801,-119.052,Red (Loss Making)
AP-107201,9040,1631.8227,Gold (Profitable)
TZ-114453,434,161.760,Silver (Low Margin)
LC-169601,4611,262.1355,Silver (Low Margin)
EK-137953,432,26.316,Silver (Low Margin)
NF-84752,676,193.89,Silver (Low Margin)
BP-110502,1581,216.498,Silver (Low Margin)
MG-176503,1054,126.10268,Silver (Low Margin)
BG-116951,3436,295.5255,Silver (Low Margin)
DM-129554,1321,108.7583,Silver (Low Margin)
SS-205154,613,199.9345,Silver (Low Margin)
SU-106651,1766,4.464,Silver (Low Margin)
TW-210253,785,29.644,Silver (Low Margin)
MC-176054,2258,195.4486,Silver (Low Margin)
MP-174704,3207,600.2873,Silver (Low Margin)
EM-138254,2340,682.5542,Silver (Low Margin)
MW-182353,4534,762.900,Silver (Low Margin)
NF-185951,2661,357.795,Silver (Low Margin)
DM-29552,139,44.34,Silver (Low Margin)
EH-137653,958,81.840,Silver (Low Margin)
BN-114701,13672,1268.1828,Gold (Profitable)
AS-6302,93,-88.641,Red (Loss Making)
EH-140051,1941,210.8871,Silver (Low Margin)
TH-215502,1610,248.052,Silver (Low Margin)
AY-105554,496,103.3499,Silver (Low Margin)
PK-189102,802,127.776,Silver (Low Margin)
MH-76201,372,132.99,Silver (Low Margin)
MO-178002,355,100.59,Silver (Low Margin)
MZ-175153,1508,309.60984,Silver (Low Margin)
MF-176652,4860,955.347,Silver (Low Margin)
GH-144851,4446,1170.2142,Gold (Profitable)
EK-37952,1355,159.69,Silver (Low Margin)
MR-175454,640,162.9363,Silver (Low Margin)
CS-121752,1748,477.51,Silver (Low Margin)
PK-189103,3644,1046.50856,Gold (Profitable)
VT-217004,1736,-224.0889,Red (Loss Making)
AW-109302,4066,1424.454,Gold (Profitable)
KB-162404,3152,763.9076,Silver (Low Margin)
GM-144551,5109,1862.868,Gold (Profitable)
TB-213552,792,176.4,Silver (Low Margin)
MH-181152,2669,623.778,Silver (Low Margin)
DB-32702,225,84.03,Silver (Low Margin)
MM-182802,3349,1142.748,Gold (Profitable)
MP-81751,944,227.67,Silver (Low Margin)
SP-106501,431,-123.795,Red (Loss Making)
MC-176052,3719,906.51,Silver (Low Margin)
BP-10501,2953,969.384,Silver (Low Margin)
CM-18152,40,0,Silver (Low Margin)
KH-166303,1597,376.51536,Silver (Low Margin)
MP-179654,3984,638.1563,Silver (Low Margin)
TB-213551,2568,775.305,Silver (Low Margin)
CY-127454,2900,60.6467,Silver (Low Margin)
SZ-200351,7512,1892.2350,Gold (Profitable)
AH-100753,3044,1105.30792,Gold (Profitable)
MP-179653,4263,814.536,Silver (Low Margin)
KM-163753,1813,-61.42836,Red (Loss Making)
LB-67951,247,-262.935,Red (Loss Making)
SL-101552,28,3.06,Silver (Low Margin)
HJ-148753,451,74.968,Silver (Low Margin)
DW-134804,5272,1348.7556,Gold (Profitable)
BF-112752,4357,211.722,Silver (Low Margin)
KB-162402,1158,319.395,Silver (Low Margin)
MA-175601,1209,52.0914,Silver (Low Margin)
RB-194654,4714,640.5466,Silver (Low Margin)
DS-131803,5338,398.668,Silver (Low Margin)
NH-86102,1005,426.30,Silver (Low Margin)
SP-106502,342,67.32,Silver (Low Margin)
LD-168552,8109,1194.249,Gold (Profitable)
HM-148602,9940,2385.405,Gold (Profitable)
Dp-32401,382,66.69,Silver (Low Margin)
CP-120854,5401,427.0258,Silver (Low Margin)
KN-167054,2280,329.7625,Silver (Low Margin)
SP-205451,3130,713.4807,Silver (Low Margin)
MH-174403,601,150.652,Silver (Low Margin)
AH-1201,1476,379.62,Silver (Low Margin)
BW-111103,3206,414.652,Silver (Low Margin)
NC-185352,565,128.382,Silver (Low Margin)
JD-158952,3959,-382.335,Red (Loss Making)
CR-125803,397,36.988,Silver (Low Margin)
AS-2253,189,25.14,Silver (Low Margin)
LS-172003,6997,1159.89252,Gold (Profitable)
HR-148302,1333,-76.050,Red (Loss Making)
HR-48301,331,10.53,Silver (Low Margin)
LC-169604,3247,299.4802,Silver (Low Margin)
JW-152202,6622,622.395,Silver (Low Margin)
JO-155503,1050,93.936,Silver (Low Margin)
JK-56402,266,63.78,Silver (Low Margin)
DB-29101,792,198.42,Silver (Low Margin)
MZ-173352,5126,288.504,Silver (Low Margin)
LB-167954,4986,-52.1910,Red (Loss Making)
AS-6301,1908,-1014.669,Red (Loss Making)
BT-115303,1711,91.208,Silver (Low Margin)
TS-212053,2737,274.19652,Silver (Low Margin)
DW-131952,756,144.858,Silver (Low Margin)
TP-115652,573,75.78,Silver (Low Margin)
DB-31202,465,30.78,Silver (Low Margin)
RW-195402,4541,1120.4535,Gold (Profitable)
ER-138552,7927,2899.806,Gold (Profitable)
PP-189554,7254,1495.0854,Gold (Profitable)
MH-172903,4717,739.54896,Silver (Low Margin)
BT-113954,2188,257.9163,Silver (Low Margin)
EH-140054,1220,-94.1408,Red (Loss Making)
LS-169751,1977,658.0197,Silver (Low Margin)
BF-110204,2889,302.0200,Silver (Low Margin)
JB-60452,1178,361.566,Silver (Low Margin)
BT-15303,599,164.532,Silver (Low Margin)
PP-189553,533,103.068,Silver (Low Margin)
SN-207103,1711,328.61136,Silver (Low Margin)
AB-102551,4277,-879.9366,Red (Loss Making)
KC-162552,1439,260.805,Silver (Low Margin)
BB-15451,131,48.18,Silver (Low Margin)
VP-117602,1463,379.62,Silver (Low Margin)
MK-179054,2302,-405.3559,Red (Loss Making)
TB-211901,8577,1706.8104,Gold (Profitable)
HW-49351,443,-278.616,Red (Loss Making)
SW-207551,10187,865.7160,Silver (Low Margin)
ER-38552,3271,220.836,Silver (Low Margin)
JS-56851,263,38.31,Silver (Low Margin)
RA-98853,291,-54.138,Red (Loss Making)
FC-42452,594,179.358,Silver (Low Margin)
DM-135252,3505,-1682.970,Red (Loss Making)
RM-96752,212,44.4,Silver (Low Margin)
JO-151453,624,118.04,Silver (Low Margin)
AG-103003,3364,120.100,Silver (Low Margin)
CC-124302,57,6.24,Silver (Low Margin)
AM-3601,435,-94.683,Red (Loss Making)
BD-115601,1066,1.1121,Silver (Low Margin)
AH-1953,2483,-681.564,Red (Loss Making)
BF-110203,1668,-162.134,Red (Loss Making)
GD-145904,1888,230.9373,Silver (Low Margin)
JL-151752,3892,125.472,Silver (Low Margin)
NP-186852,843,86.8005,Silver (Low Margin)
KM-162254,2261,635.1057,Silver (Low Margin)
JO-55501,1880,110.010,Silver (Low Margin)
KE-164202,1983,-945.372,Red (Loss Making)
AB-6001,1384,253.56,Silver (Low Margin)
AH-100752,4526,528.414,Silver (Low Margin)
CS-22501,179,43.68,Silver (Low Margin)
CC-126102,6492,878.478,Silver (Low Margin)
GP-47401,3415,985.95,Silver (Low Margin)
DB-135554,3909,109.3270,Silver (Low Margin)
TT-214604,5365,1124.4999,Gold (Profitable)
GZ-145454,2454,828.6610,Silver (Low Margin)
JD-158954,7609,1050.2668,Gold (Profitable)
AR-103453,1607,102.452,Silver (Low Margin)
DM-35251,246,58.05,Silver (Low Margin)
LB-167952,8613,2892.717,Gold (Profitable)
BT-114852,4105,271.326,Silver (Low Margin)
AC-6152,593,158.31,Silver (Low Margin)
JG-58052,128,-122.100,Red (Loss Making)
AW-9301,413,99.255,Silver (Low Margin)
MH-77851,1580,259.854,Silver (Low Margin)
LB-67952,1550,50.790,Silver (Low Margin)
AB-106004,1515,-274.9604,Red (Loss Making)
NP-186854,1229,514.5017,Silver (Low Margin)
GK-146204,6498,1448.5525,Gold (Profitable)
TS-112052,58,-37.404,Red (Loss Making)
EB-138401,4078,848.5779,Silver (Low Margin)
DS-130302,2082,-20.148,Red (Loss Making)
CM-26552,979,-90.546,Red (Loss Making)
BT-115304,2684,409.4983,Silver (Low Margin)
AS-100451,2056,257.6274,Silver (Low Margin)
CP-23402,909,157.56,Silver (Low Margin)
QJ-92551,165,23.34,Silver (Low Margin)
DS-130303,4547,1250.444,Gold (Profitable)
DW-135852,1490,77.280,Silver (Low Margin)
YC-118952,70,14.40,Silver (Low Margin)
EM-140954,1041,240.2362,Silver (Low Margin)
RA-198851,5363,805.71,Silver (Low Margin)
DA-134503,6447,-123.99644,Red (Loss Making)
JE-161652,2278,539.883,Silver (Low Margin)
ML-73951,497,31.17,Silver (Low Margin)
FM-142152,5513,596.907,Silver (Low Margin)
AG-105252,4071,151.719,Silver (Low Margin)
HR-47702,97,31.02,Silver (Low Margin)
EM-138253,3349,49.87056,Silver (Low Margin)
BN-14702,1498,188.712,Silver (Low Margin)
LW-169903,456,-100.824,Red (Loss Making)
HE-148001,837,1.5843,Silver (Low Margin)
MA-179952,1634,259.329,Silver (Low Margin)
MC-81301,345,-66.15,Red (Loss Making)
TW-210252,4511,1203.135,Gold (Profitable)
PL-189251,10789,1784.8686,Gold (Profitable)
JD-161503,3425,515.48108,Silver (Low Margin)
SJ-101251,1050,450.15,Silver (Low Margin)
AR-104051,2010,-425.5311,Red (Loss Making)
EM-40951,1759,311.79,Silver (Low Margin)
FH-142753,1292,-120.74,Red (Loss Making)
JR-62101,617,102.69,Silver (Low Margin)
TS-212051,4519,1230.2214,Gold (Profitable)
RS-197654,4160,1206.3851,Gold (Profitable)
BG-116953,4753,517.20288,Silver (Low Margin)
HD-147852,3591,479.583,Silver (Low Margin)
ED-138854,3487,670.4435,Silver (Low Margin)
BT-113054,2568,417.5918,Silver (Low Margin)
VB-217451,4206,800.1144,Silver (Low Margin)
FM-142151,4305,41.9196,Silver (Low Margin)
AG-107654,170,-8.4310,Red (Loss Making)
NL-83101,222,62.70,Silver (Low Margin)
LC-169302,2689,722.967,Silver (Low Margin)
SF-209653,1567,311.96,Silver (Low Margin)
KH-166301,274,37.9332,Silver (Low Margin)
BT-13051,916,-80.619,Red (Loss Making)
RS-94202,12,1.65,Silver (Low Margin)
AS-100453,779,234.936,Silver (Low Margin)
JB-160453,3176,759.98528,Silver (Low Margin)
JB-160452,2394,-912.924,Red (Loss Making)
BF-112751,407,80.91,Silver (Low Margin)
TC-209801,3839,684.174,Silver (Low Margin)
MP-174703,3608,728.00000,Silver (Low Margin)
MH-77852,336,25.650,Silver (Low Margin)
CS-18451,204,42.75,Silver (Low Margin)
HW-149354,9299,2164.1611,Gold (Profitable)
AP-107204,1639,285.7888,Silver (Low Margin)
BS-15901,35,10.71,Silver (Low Margin)
SW-103501,743,-73.026,Red (Loss Making)
FM-42902,1676,388.38,Silver (Low Margin)
SV-208153,2629,669.19168,Silver (Low Margin)
CR-128204,1397,83.2703,Silver (Low Margin)
RF-193453,2424,248.0238,Silver (Low Margin)
VF-217151,3686,-1086.4470,Red (Loss Making)
FC-43352,425,137.19,Silver (Low Margin)
MA-179954,2453,280.7822,Silver (Low Margin)
KH-166904,5991,1227.5091,Gold (Profitable)
FH-43652,2561,484.428,Silver (Low Margin)
VG-218052,2410,3.900,Silver (Low Margin)
AR-108253,2435,131.224,Silver (Low Margin)
DA-134501,3460,186.3387,Silver (Low Margin)
DS-30301,691,201.72,Silver (Low Margin)
TC-215352,1763,110.13,Silver (Low Margin)
HW-49352,732,180.03,Silver (Low Margin)
CJ-118753,2494,137.88956,Silver (Low Margin)
CW-119054,1138,370.8298,Silver (Low Margin)
KD-64952,517,167.49,Silver (Low Margin)
VW-217751,6792,853.6314,Silver (Low Margin)
DS-30302,947,217.602,Silver (Low Margin)
PJ-188354,1220,442.1355,Silver (Low Margin)
DM-129553,7304,934.29232,Silver (Low Margin)
SN-207102,4389,701.874,Silver (Low Margin)
TH-212354,1024,92.7290,Silver (Low Margin)
Dp-132401,9845,2203.695,Gold (Profitable)
SZ-200353,3999,574.082,Silver (Low Margin)
PC-190001,2185,335.1153,Silver (Low Margin)
KH-166901,4562,-152.7729,Red (Loss Making)
VF-217152,2663,64.632,Silver (Low Margin)
AH-100303,4568,343.22384,Silver (Low Margin)
LC-169301,2629,328.983,Silver (Low Margin)
CV-128053,84,35.28,Silver (Low Margin)
TP-115651,285,69.39,Silver (Low Margin)
LW-68252,550,87.132,Silver (Low Margin)
CC-126103,2152,581.936,Silver (Low Margin)
MM-82802,2922,863.64,Silver (Low Margin)
LS-169454,2845,-318.7737,Red (Loss Making)
SL-101553,906,160.320,Silver (Low Margin)
CP-123404,5889,-1850.3029,Red (Loss Making)
PN-87752,499,121.89,Silver (Low Margin)
TS-214301,2649,196.6311,Silver (Low Margin)
SB-202902,4587,759.234,Silver (Low Margin)
JP-54602,503,209.34,Silver (Low Margin)
JL-51752,662,215.91,Silver (Low Margin)
SM-209502,1437,210.099,Silver (Low Margin)
PC-190002,6069,331.722,Silver (Low Margin)
TA-213852,6160,1318.443,Gold (Profitable)
RP-192702,5731,314.670,Silver (Low Margin)
TC-209802,5835,-509.871,Red (Loss Making)
SP-106202,223,-230.295,Red (Loss Making)
HJ-148754,359,98.6548,Silver (Low Margin)
FM-142904,3737,198.1095,Silver (Low Margin)
CA-119653,1591,-1633.00,Red (Loss Making)
SF-209651,988,231.6018,Silver (Low Margin)
FM-142901,3353,580.5189,Silver (Low Margin)
NC-185353,1109,-235.520,Red (Loss Making)
BF-12751,24,0.96,Silver (Low Margin)
NB-85801,633,-529.593,Red (Loss Making)
LO-171703,2462,427.8074,Silver (Low Margin)
SW-207554,759,68.2416,Silver (Low Margin)
CS-118454,1279,185.3776,Silver (Low Margin)
GZ-45452,22,2.82,Silver (Low Margin)
TH-111153,65,19.5,Silver (Low Margin)
HH-150101,6180,795.186,Silver (Low Margin)
DS-31802,7,-2.604,Red (Loss Making)
CS-18452,1390,-402.408,Red (Loss Making)
SD-204854,6121,1985.1672,Gold (Profitable)
BP-111851,4436,1288.2378,Gold (Profitable)
SM-203204,25042,-1980.7393,Red (Loss Making)
CH-120701,2440,367.1208,Silver (Low Margin)
DB-135552,1202,77.667,Silver (Low Margin)
DW-31952,1187,106.476,Silver (Low Margin)
MO-78002,2411,326.982,Silver (Low Margin)
ML-180402,4549,919.749,Silver (Low Margin)
AB-6002,4027,711.09,Silver (Low Margin)
GT-46351,1113,247.59,Silver (Low Margin)
MG-178903,1579,-712.176,Red (Loss Making)
DW-34802,2469,1201.11,Gold (Profitable)
FW-43951,683,149.31,Silver (Low Margin)
LS-169752,1123,53.730,Silver (Low Margin)
PV-189853,4636,1291.712,Gold (Profitable)
MY-182953,5779,1220.23468,Gold (Profitable)
LS-169753,2560,763.492,Silver (Low Margin)
BP-10502,2031,276.498,Silver (Low Margin)
JP-54601,113,35.43,Silver (Low Margin)
NG-83551,358,131.94,Silver (Low Margin)
ON-187154,1567,-5.8890,Red (Loss Making)
CD-27901,910,166.434,Silver (Low Margin)
NS-186403,4982,494.204,Silver (Low Margin)
SC-207704,4494,-671.1874,Red (Loss Making)
AH-6901,948,-492.612,Red (Loss Making)
LW-168254,2239,32.5767,Silver (Low Margin)
EB-137051,1641,205.1781,Silver (Low Margin)
RA-198854,3832,1292.8656,Gold (Profitable)
FC-42451,946,109.11,Silver (Low Margin)
RB-96452,135,-124.446,Red (Loss Making)
JS-159402,2143,268.341,Silver (Low Margin)
AH-100304,1744,365.2152,Silver (Low Margin)
DL-134951,4541,1172.769,Gold (Profitable)
SC-102602,2533,-101.832,Red (Loss Making)
VF-217154,847,-96.2780,Red (Loss Making)
SC-204402,631,130.176,Silver (Low Margin)
KB-66001,608,50.028,Silver (Low Margin)
CA-23102,414,83.76,Silver (Low Margin)
EM-138103,2290,561.08304,Silver (Low Margin)
VB-117452,397,74.40,Silver (Low Margin)
BF-110202,3939,576.8805,Silver (Low Margin)
DW-35851,435,36.564,Silver (Low Margin)
CM-126553,2041,-701.41012,Red (Loss Making)
AM-3602,1601,324.06,Silver (Low Margin)
CS-24902,1650,604.08,Silver (Low Margin)
CR-26252,100,25.47,Silver (Low Margin)
AH-752,137,54.9,Silver (Low Margin)
NM-84453,3845,662.31,Silver (Low Margin)
MG-176804,2351,25.8886,Silver (Low Margin)
AJ-7951,1276,160.32,Silver (Low Margin)
SN-105601,729,-276.804,Red (Loss Making)
DV-130451,5756,913.0590,Silver (Low Margin)
MA-179951,4311,830.7867,Silver (Low Margin)
JL-151753,3286,923.86376,Silver (Low Margin)
RD-98102,192,-227.262,Red (Loss Making)
RP-92702,1037,325.02,Silver (Low Margin)
CR-128203,6434,1329.67616,Gold (Profitable)
MC-175904,2427,288.9841,Silver (Low Margin)
SC-207703,3174,781.20108,Silver (Low Margin)
CD-127903,463,67.408,Silver (Low Margin)
BD-115603,2756,616.81764,Silver (Low Margin)
SC-107702,55,2.73,Silver (Low Margin)
CD-127901,1025,318.87,Silver (Low Margin)
SM-109502,1223,122.388,Silver (Low Margin)
CS-122501,2520,526.8198,Silver (Low Margin)
BM-115751,6011,-667.8240,Red (Loss Making)
LR-70352,813,93.81,Silver (Low Margin)
MG-82051,1355,467.04,Silver (Low Margin)
JP-161353,849,116.120,Silver (Low Margin)
PC-187454,1832,272.6850,Silver (Low Margin)
TP-215652,5103,530.160,Silver (Low Margin)
AB-100602,3345,1020.066,Gold (Profitable)
PN-187754,1467,192.0396,Silver (Low Margin)
LS-169451,4275,-40.5990,Red (Loss Making)
PN-187752,2519,226.146,Silver (Low Margin)
AO-108104,161,12.096,Silver (Low Margin)
SL-201554,3053,527.9715,Silver (Low Margin)
DH-130754,4933,1193.7404,Gold (Profitable)
MG-178901,7964,-559.2741,Red (Loss Making)
BP-10951,414,3.756,Silver (Low Margin)
ES-40801,960,300.24,Silver (Low Margin)
AG-107651,1586,93.2115,Silver (Low Margin)
HE-148002,2874,948.48,Silver (Low Margin)
ME-73201,419,-170.682,Red (Loss Making)
DH-36753,1220,145.428,Silver (Low Margin)
GT-146352,3599,558.36,Silver (Low Margin)
AS-102252,6300,402.3540,Silver (Low Margin)
RS-194201,2441,49.8738,Silver (Low Margin)
AH-753,45,18.78,Silver (Low Margin)
BF-110054,1336,-291.3811,Red (Loss Making)
BE-13352,615,-134.58,Red (Loss Making)
NK-184904,571,121.2177,Silver (Low Margin)
MC-174252,526,119.472,Silver (Low Margin)
CW-19051,922,179.10,Silver (Low Margin)
DL-134952,5618,851.643,Silver (Low Margin)
BT-115302,2488,192.699,Silver (Low Margin)
DP-131052,926,188.388,Silver (Low Margin)
EL-137353,2651,315.964,Silver (Low Margin)
DV-130453,9018,-134.02108,Red (Loss Making)
BE-114554,1728,139.2008,Silver (Low Margin)
Dp-132402,980,217.47,Silver (Low Margin)
CJ-18752,1020,35.622,Silver (Low Margin)
RW-95402,878,-17.496,Red (Loss Making)
CS-118452,850,-81.897,Red (Loss Making)
AR-4051,144,25.86,Silver (Low Margin)
TC-214752,3170,244.155,Silver (Low Margin)
GG-46502,974,21.552,Silver (Low Margin)
FA-142304,2984,520.5229,Silver (Low Margin)
HH-50101,1296,305.52,Silver (Low Margin)
SJ-201254,3950,144.1189,Silver (Low Margin)
HE-48002,863,202.02,Silver (Low Margin)
PL-89251,261,97.86,Silver (Low Margin)
ML-180401,2753,562.788,Silver (Low Margin)
JM-156554,865,117.2040,Silver (Low Margin)
RB-194651,7408,1058.628,Gold (Profitable)
MH-72901,1684,365.40,Silver (Low Margin)
KL-165553,2480,-67.516,Red (Loss Making)
GP-47402,1196,-113.517,Red (Loss Making)
PS-190453,7221,916.562,Silver (Low Margin)
KL-65551,1401,46.152,Silver (Low Margin)
NB-186553,392,122.228,Silver (Low Margin)
FH-142754,4257,1073.2676,Gold (Profitable)
KN-64502,548,-628.872,Red (Loss Making)
DL-34951,655,-819.192,Red (Loss Making)
KH-66901,405,154.20,Silver (Low Margin)
ER-138553,1537,305.892,Silver (Low Margin)
MG-182053,3134,49.5046,Silver (Low Margin)
HM-48601,259,125.19,Silver (Low Margin)
SN-107102,510,139.656,Silver (Low Margin)
FH-143652,4470,794.1765,Silver (Low Margin)
DH-130752,2386,380.3205,Silver (Low Margin)
PH-187904,730,47.8878,Silver (Low Margin)
JG-53101,836,158.724,Silver (Low Margin)
RB-197953,9463,2142.98884,Gold (Profitable)
KS-63001,113,28.23,Silver (Low Margin)
KN-167052,548,107.178,Silver (Low Margin)
RD-198103,2519,416.41296,Silver (Low Margin)
PA-190601,1265,3.5742,Silver (Low Margin)
TT-114602,1462,-159.486,Red (Loss Making)
SP-208603,3553,290.45496,Silver (Low Margin)
DJ-134203,3740,260.54064,Silver (Low Margin)
SC-206952,3888,662.5425,Silver (Low Margin)
SC-200502,1982,199.554,Silver (Low Margin)
JR-162102,1888,345.33,Silver (Low Margin)
JP-54603,2680,194.718,Silver (Low Margin)
DW-135851,4415,830.0460,Silver (Low Margin)
NF-184751,3008,758.9205,Silver (Low Margin)
LA-167801,8091,474.4389,Silver (Low Margin)
RB-97951,68,-26.862,Red (Loss Making)
MY-73801,158,-111.03,Red (Loss Making)
BN-114702,3729,-599.004,Red (Loss Making)
TH-215504,4234,-571.9678,Red (Loss Making)
SW-107552,779,212.70,Silver (Low Margin)
PB-92102,5031,-665.334,Red (Loss Making)
BV-112451,6258,510.5010,Silver (Low Margin)
SC-206802,1673,251.712,Silver (Low Margin)
LB-167953,2504,156.93672,Silver (Low Margin)
DR-28802,1201,398.844,Silver (Low Margin)
ME-180103,1888,125.62892,Silver (Low Margin)
CL-27001,1393,137.37,Silver (Low Margin)
PS-189701,5988,-338.142,Red (Loss Making)
EM-38253,325,3.606,Silver (Low Margin)
DH-136753,822,-54.764,Red (Loss Making)
HP-48151,608,123.09,Silver (Low Margin)
JB-154001,432,-4.284,Red (Loss Making)
MC-176353,10126,2117.876,Gold (Profitable)
ME-173204,10665,1859.4695,Gold (Profitable)
BD-115604,321,116.7140,Silver (Low Margin)
NC-185351,1137,207.357,Silver (Low Margin)
JP-154603,1818,240.79192,Silver (Low Margin)
TA-213851,9717,-199.1610,Red (Loss Making)
CC-121002,4417,873.027,Silver (Low Margin)
JB-54001,1666,253.41,Silver (Low Margin)
EL-137351,4219,173.910,Silver (Low Margin)
DM-129551,7348,856.0536,Silver (Low Margin)
FC-143353,1180,162.99844,Silver (Low Margin)
PK-89101,948,-627.654,Red (Loss Making)
NL-183101,6982,949.7808,Silver (Low Margin)
JD-158951,2372,343.7283,Silver (Low Margin)
BM-16502,17,6.51,Silver (Low Margin)
KB-162401,2930,228.738,Silver (Low Margin)
SP-208602,4911,891.5985,Silver (Low Margin)
ND-184602,5124,811.500,Silver (Low Margin)
VG-118051,85,-135.300,Red (Loss Making)
AY-105553,1125,400.98844,Silver (Low Margin)
HG-149654,3250,-2797.9635,Red (Loss Making)
FA-42301,172,6.732,Silver (Low Margin)
MY-173804,2255,319.1211,Silver (Low Margin)
DM-135254,1378,199.7688,Silver (Low Margin)
MH-74402,326,39.03,Silver (Low Margin)
SG-108901,459,-60.462,Red (Loss Making)
AD-101804,6106,1869.9294,Gold (Profitable)
CR-125801,4013,-102.5175,Red (Loss Making)
MZ-175151,5508,966.8355,Silver (Low Margin)
MC-181302,3277,681.348,Silver (Low Margin)
SV-208151,8359,537.7620,Silver (Low Margin)
PO-91951,7799,1124.16,Gold (Profitable)
EM-138251,4013,678.5646,Silver (Low Margin)
AS-101351,4430,515.8152,Silver (Low Margin)
TT-212652,251,49.233,Silver (Low Margin)
KB-62401,868,219.51,Silver (Low Margin)
EH-140053,2489,488.908,Silver (Low Margin)
TW-210251,3359,1442.7816,Gold (Profitable)
SS-101403,3316,1061.40,Gold (Profitable)
PS-90451,341,27.42,Silver (Low Margin)
NM-184451,8764,1340.0859,Gold (Profitable)
DW-135854,1205,-266.8966,Red (Loss Making)
SF-209654,3338,539.9352,Silver (Low Margin)
VT-217001,10839,736.0296,Silver (Low Margin)
CG-120401,1925,202.5000,Silver (Low Margin)
EB-37051,2720,506.97,Silver (Low Margin)
AD-101801,9209,-25.8777,Red (Loss Making)
JM-56552,1164,249.54,Silver (Low Margin)
HH-150104,219,86.7342,Silver (Low Margin)
DK-128351,2628,449.7807,Silver (Low Margin)
PB-188053,3001,348.03184,Silver (Low Margin)
MZ-75151,1234,-413.829,Red (Loss Making)
AW-109304,2853,-104.5486,Red (Loss Making)
BM-116501,835,94.515,Silver (Low Margin)
JS-55951,59,-5.901,Red (Loss Making)
KS-163002,2051,568.542,Silver (Low Margin)
GM-146952,4693,-1107.819,Red (Loss Making)
BE-14552,403,109.8,Silver (Low Margin)
SP-206503,2501,392.45664,Silver (Low Margin)
SP-205453,1332,309.940,Silver (Low Margin)
HJ-148752,4961,1264.6575,Gold (Profitable)
CR-126254,475,144.7594,Silver (Low Margin)
SM-203201,1002,-57.1734,Red (Loss Making)
CC-126101,5637,1158.345,Gold (Profitable)
CB-125354,4247,1049.5601,Gold (Profitable)
MT-180703,204,-17.140,Red (Loss Making)
ML-173953,3221,547.78788,Silver (Low Margin)
AG-105253,2620,23.816,Silver (Low Margin)
DB-129101,1088,-49.7133,Red (Loss Making)
KS-163003,984,160.98748,Silver (Low Margin)
MH-176203,5040,-221.98512,Red (Loss Making)
TZ-114452,154,41.28,Silver (Low Margin)
HW-149353,195,26.524,Silver (Low Margin)
JM-152653,3318,505.548,Silver (Low Margin)
PB-88052,620,19.77,Silver (Low Margin)
DK-131501,4872,442.2700,Silver (Low Margin)
DA-134504,157,56.7904,Silver (Low Margin)
CV-28052,2021,-758.262,Red (Loss Making)
GH-44101,967,404.73,Silver (Low Margin)
SC-107703,1953,-136.032,Red (Loss Making)
SS-205151,2070,311.6361,Silver (Low Margin)
HM-148603,4851,1179.912,Gold (Profitable)
MF-176653,2935,434.32344,Silver (Low Margin)
SS-201402,5653,-3957.138,Red (Loss Making)
AS-101354,58,21.8496,Silver (Low Margin)
BB-115453,1146,47.72188,Silver (Low Margin)
MG-76802,1421,-484.320,Red (Loss Making)
MY-182954,4151,-371.7111,Red (Loss Making)
FA-42302,643,244.2,Silver (Low Margin)
FM-142154,2456,249.6808,Silver (Low Margin)
NG-183551,2074,452.433,Silver (Low Margin)
SB-202904,8057,-2082.7451,Red (Loss Making)
AJ-107953,930,108.032,Silver (Low Margin)
DP-33903,571,167.34,Silver (Low Margin)
KM-162251,5006,-579.9264,Red (Loss Making)
RS-198704,22,9.5838,Silver (Low Margin)
EL-137352,3520,625.608,Silver (Low Margin)
NH-86101,31,11.31,Silver (Low Margin)
JE-61652,213,53.25,Silver (Low Margin)
NM-184452,1335,328.854,Silver (Low Margin)
EM-141402,741,92.613,Silver (Low Margin)
JP-61352,4201,1418.46,Gold (Profitable)
MP-81752,1225,-150.366,Red (Loss Making)
FG-142601,5148,236.718,Silver (Low Margin)
DK-32251,822,101.64,Silver (Low Margin)
KF-62851,291,62.592,Silver (Low Margin)
DP-133903,1141,296.90,Silver (Low Margin)
ES-140802,2036,161.223,Silver (Low Margin)
CK-127602,2293,412.899,Silver (Low Margin)
EM-38252,13,0.24,Silver (Low Margin)
AC-104201,4086,709.7487,Silver (Low Margin)
SC-100501,1493,232.50,Silver (Low Margin)
CM-18151,392,82.854,Silver (Low Margin)
JR-162104,2202,452.3730,Silver (Low Margin)
PN-87751,1024,353.82,Silver (Low Margin)
PB-192103,2497,-134.4156,Red (Loss Making)
MS-179803,4065,-1119.576,Red (Loss Making)
AG-103002,6071,1280.598,Gold (Profitable)
RB-94651,418,68.97,Silver (Low Margin)
BG-16951,413,-174.300,Red (Loss Making)
RS-197651,3052,445.3290,Silver (Low Margin)
AW-9302,370,-4.17,Red (Loss Making)
MH-76202,129,38.88,Silver (Low Margin)
SS-205152,2889,-285.444,Red (Loss Making)
SC-206951,10871,1032.3714,Gold (Profitable)
MY-173801,6052,896.7648,Silver (Low Margin)
JS-155954,1418,-175.5490,Red (Loss Making)
AH-100751,7291,-928.8675,Red (Loss Making)
CJ-118751,9269,1623.2814,Gold (Profitable)
RW-95401,4821,1269.90,Gold (Profitable)
ML-173952,6747,-322.278,Red (Loss Making)
EB-139753,4883,777.798,Silver (Low Margin)
BT-113953,337,94.98,Silver (Low Margin)
CC-121003,3997,866.67224,Silver (Low Margin)
MW-182352,3020,-1258.977,Red (Loss Making)
DB-31201,206,-272.898,Red (Loss Making)
DB-132704,4655,841.8264,Silver (Low Margin)
MC-181304,1582,121.7565,Silver (Low Margin)
JK-161201,6498,951.0360,Silver (Low Margin)
GM-146951,2548,739.8510,Silver (Low Margin)
EK-37951,174,12.663,Silver (Low Margin)
PS-89702,1339,-387.972,Red (Loss Making)
LA-167802,6678,1053.801,Gold (Profitable)
MF-182501,6176,100.1316,Silver (Low Margin)
BS-113802,1671,376.422,Silver (Low Margin)
BF-109752,2455,369.9225,Silver (Low Margin)
TH-215503,2972,393.076,Silver (Low Margin)
GH-44102,644,161.61,Silver (Low Margin)
LA-67801,559,148.62,Silver (Low Margin)
AG-107653,5913,1055.002,Gold (Profitable)
BF-110052,3911,-430.380,Red (Loss Making)
MA-175602,2823,-574.947,Red (Loss Making)
DB-29702,332,93.15,Silver (Low Margin)
SS-201401,6973,1952.4642,Gold (Profitable)
TB-211754,3589,829.1635,Silver (Low Margin)
KD-166153,2376,179.71312,Silver (Low Margin)
CS-22502,1739,347.994,Silver (Low Margin)
DB-131204,2974,-1421.7692,Red (Loss Making)
CS-24002,552,118.80,Silver (Low Margin)
MC-74251,1381,-1144.839,Red (Loss Making)
MH-74403,268,85.29,Silver (Low Margin)
SC-104401,1648,-349.563,Red (Loss Making)
VT-117002,1030,219.12,Silver (Low Margin)
PO-191952,2524,479.70,Silver (Low Margin)
NS-186402,4581,156.651,Silver (Low Margin)
CK-27601,2081,377.19,Silver (Low Margin)
RB-197954,5633,-461.7332,Red (Loss Making)
SH-206351,3327,271.1733,Silver (Low Margin)
DB-129102,5773,1314.876,Gold (Profitable)
DG-133004,3195,562.7761,Silver (Low Margin)
HR-148303,1117,76.34336,Silver (Low Margin)
AS-101353,346,-128.192,Red (Loss Making)
KM-163751,2191,298.971,Silver (Low Margin)
RS-97651,960,288.42,Silver (Low Margin)
MM-82801,664,-574.245,Red (Loss Making)
DP-133902,1773,537.2805,Silver (Low Margin)
RM-196751,898,-8.3775,Red (Loss Making)
SM-203202,3279,620.043,Silver (Low Margin)
GK-46201,649,-165.489,Red (Loss Making)
AG-105254,1455,-152.7613,Red (Loss Making)
GH-44851,346,27.822,Silver (Low Margin)
ES-40802,965,-50.136,Red (Loss Making)
SP-206501,4536,985.2258,Silver (Low Margin)
AH-101954,1588,-378.5509,Red (Loss Making)
JB-60451,2058,-891.150,Red (Loss Making)
DJ-35103,3376,694.53,Silver (Low Margin)
BS-115904,2455,381.7807,Silver (Low Margin)
RW-96302,14,5.16,Silver (Low Margin)
TS-211601,2521,253.1910,Silver (Low Margin)
GG-146501,1906,364.17,Silver (Low Margin)
SH-199753,2474,87.57364,Silver (Low Margin)
CS-121751,13516,2492.5263,Gold (Profitable)
MY-182952,6649,1314.783,Gold (Profitable)
SW-203502,1472,29.406,Silver (Low Margin)
GM-46952,317,-30.318,Red (Loss Making)
YS-218801,3547,-409.53,Red (Loss Making)
FG-142602,2518,538.8855,Silver (Low Margin)
EH-41252,3926,-506.136,Red (Loss Making)
NG-183554,1871,313.6335,Silver (Low Margin)
EB-39751,2074,183.390,Silver (Low Margin)
EK-137951,1103,-107.5338,Red (Loss Making)
HK-48903,1018,121.566,Silver (Low Margin)
AG-105251,324,13.26,Silver (Low Margin)
BF-112153,4064,1064.1912,Gold (Profitable)
BF-111702,6134,965.361,Silver (Low Margin)
SC-106951,1335,-157.353,Red (Loss Making)
CK-27602,1937,248.70,Silver (Low Margin)
MY-173802,5220,1449.807,Gold (Profitable)
HG-49653,26,-18.132,Red (Loss Making)
JM-152652,1096,409.11,Silver (Low Margin)
SV-208152,2319,109.2075,Silver (Low Margin)
BO-113503,225,17.586,Silver (Low Margin)
KH-166304,3920,727.3786,Silver (Low Margin)
BF-9751,1009,345.252,Silver (Low Margin)
CG-120404,906,86.5106,Silver (Low Margin)
RA-98852,154,60.81,Silver (Low Margin)
PV-89852,3235,612.846,Silver (Low Margin)
DS-130301,3254,-355.2825,Red (Loss Making)
CR-28202,588,-195.648,Red (Loss Making)
CA-23101,221,55.47,Silver (Low Margin)
SS-105152,51,14.22,Silver (Low Margin)
PB-188052,4889,134.3265,Silver (Low Margin)
SR-104251,122,-36.162,Red (Loss Making)
TP-215651,2570,361.4613,Silver (Low Margin)
KH-166302,1434,63.840,Silver (Low Margin)
VP-217602,6643,2056.299,Gold (Profitable)
